ID,AssetManufacture,AssetModel,AssetNumber,AssetParentNumber,AssetAccountingNumber,AssetSerialNumber,AssetPartNumber,AssetTypeName,PriorityName,AssetHostName,AssetOS,AssetCPU,AssetRam,AssetHarddisk,AssetIPAddress,AssetMAC,AssetDetail,Remark,AssetLocation,Status,BuyingName,AssetPO,AssetRegisterDate,AssetBuyDate,AssetPriceEx,AssetVAT,AssetVATValue,AssetPrice,AssetAccumulatedDepreciation,AssetSalvageValue,curentDepreciate,"B/L Acumulate Depreciate","B/L Asset Value",AssetWriteOffDate,MAMonth,StartMA,AssetEndWarrantyDate,WarrantyStatus,Contract,AssetQuantity,BranchGroup,BranchCode,Branch,ZoneCode,Zone,SupplierCode,Supplier,SupplierCode_2,Supplier_2,Owner,"Coset Center Description",CostType,Company,Department,TotalExpense,LastSync,"Update By","Update Date","Update Remark",TotalTask
1082,N/A,01,100B01-HVAC-HEX-B1.FL-001,,100B-HX-BFL-001,,,"Heat Exchanger",,,,,,,,,"HEAT EXCHANGE No.01",,FL.B,"In Use",,,2022-08-31,,0.00,7.00,0.00,0.00,0.00,1.00,0,0,0,,,,,undefine,,1,โรงพยาบาลจุฬาภรณ์100เตียง,100B01-FB1,"โรงพยาบาล 100B - ชั้น B1",,,,,,,,,,CRA,,,,arthonye,2024-06-23,,0,-
1083,N/A,02,100B01-HVAC-HEX-B1.FL-002,,100B-HX-BFL-002,,,"Heat Exchanger",,,,,,,,,"HEAT EXCHANGE No.02",,FL.B,"In Use",,,2022-08-31,,0.00,7.00,0.00,0.00,0.00,1.00,0,0,0,,,,,undefine,,1,โรงพยาบาลจุฬาภรณ์100เตียง,100B01-FB1,"โรงพยาบาล 100B - ชั้น B1",,,,,,,,,,CRA,,,,arthonye,2024-06-23,,0,-
1084,N/A,03,100B01-HVAC-HEX-B1.FL-003,,100B-HX-BFL-003,,,"Heat Exchanger",,,,,,,,,"HEAT EXCHANGE No.03",,FL.B,"In Use",,,2022-08-31,,0.00,7.00,0.00,0.00,0.00,1.00,0,0,0,,,,,undefine,,1,โรงพยาบาลจุฬาภรณ์100เตียง,100B01-FB1,"โรงพยาบาล 100B - ชั้น B1",,,,,,,,,,CRA,,,,arthonye,2024-06-23,,0,-
1095,CARRIER,42CH008W3R0,100B01-HVAC-FCU-B1.FL-001,,100B-FCU-BFL-001,44VD1402261,,"Fan Coil Unit",,,,,,,,,"FANCOIL UNIT No.01 CAPACITY 25,350 BTU ห้อง MEETING ROOM",,FL.B,"In Use",,,2022-08-31,,0.00,7.00,0.00,0.00,0.00,1.00,0,0,0,,,,,undefine,,1,โรงพยาบาลจุฬาภรณ์100เตียง,100B01-FB1,"โรงพยาบาล 100B - ชั้น B1",,,,,,,,,,CRA,,,,arthonye,2024-06-23,,0,-
1096,CARRIER,42CH006BWR0,100B01-HVAC-FCU-B1.FL-002,,100B-FCU-BFL-002,,,"Fan Coil Unit",,,,,,,,,"FANCOIL UNIT No.02 CAPACITY 20,270 BTU ห้อง STAFF",,FL.B,"In Use",,,2022-08-31,,0.00,7.00,0.00,0.00,0.00,1.00,0,0,0,,,,,undefine,,1,โรงพยาบาลจุฬาภรณ์100เตียง,100B01-FB1,"โรงพยาบาล 100B - ชั้น B1",,,,,,,,,,CRA,,,,arthonye,2024-06-23,,0,-
1097,CARRIER,N/A,100B01-HVAC-FCU-B1.FL-003,,100B-FCU-BFL-003,,,"Fan Coil Unit",,,,,,,,,"FANCOIL UNIT No.03 โถงทางเดิน TREATMENT ROOM",,FL.B,"In Use",,,2022-08-31,,0.00,7.00,0.00,0.00,0.00,1.00,0,0,0,,,,,undefine,,1,โรงพยาบาลจุฬาภรณ์100เตียง,100B01-FB1,"โรงพยาบาล 100B - ชั้น B1",,,,,,,,,,CRA,,,,arthonye,2024-06-23,,0,-
1098,CARRIER,N/A,100B01-HVAC-FCU-B1.FL-004,,100B-FCU-BFL-004,,,"Fan Coil Unit",,,,,,,,,"FANCOIL UNIT No.04 ห้อง HOTLAB",,FL.B,"In Use",,,2022-08-31,,0.00,7.00,0.00,0.00,0.00,1.00,0,0,0,,,,,undefine,,1,โรงพยาบาลจุฬาภรณ์100เตียง,100B01-FB1,"โรงพยาบาล 100B - ชั้น B1",,,,,,,,,,CRA,,,,arthonye,2024-06-23,,0,-
1099,DAIKIN,N/A,100B01-HVAC-FCU-B1.FL-005,,100B-FCU-BFL-005,,,"Fan Coil Unit",,,,,,,,,"FANCOIL UNIT No.05 ระบบ VRV ห้อง HOTLAB 4 ทิศทาง",,FL.B,"In Use",,,2022-08-31,,0.00,7.00,0.00,0.00,0.00,1.00,0,0,0,,,,,undefine,,1,โรงพยาบาลจุฬาภรณ์100เตียง,100B01-FB1,"โรงพยาบาล 100B - ชั้น B1",,,,,,,,,,CRA,,,,arthonye,2024-06-23,,0,-
1100,N/A,N/A,100B01-HVAC-FCU-B1.FL-006,,100B-FCU-BF-006,,,"Fan Coil Unit",,,,,,,,,"FANCOIL UNIT No.06 ห้องประชุม",,FL.B,"In Use",,,2022-08-31,,0.00,7.00,0.00,0.00,0.00,1.00,0,0,0,,,,,undefine,,1,โรงพยาบาลจุฬาภรณ์100เตียง,100B01-FB1,"โรงพยาบาล 100B - ชั้น B1",,,,,,,,,,CRA,,,,arthonye,2024-06-23,,0,-
1101,CARRIER,N/A,100B01-HVAC-FCU-B1.FL-007,,100B-FCU-BFL-007,,,"Fan Coil Unit",,,,,,,,,"FANCOIL UNIT No.07 ห้องให้คำปรึกษา ห้องที่ 1",,FL.B,"In Use",,,2022-08-31,,0.00,7.00,0.00,0.00,0.00,1.00,0,0,0,,,,,undefine,,1,โรงพยาบาลจุฬาภรณ์100เตียง,100B01-FB1,"โรงพยาบาล 100B - ชั้น B1",,,,,,,,,,CRA,,,,arthonye,2024-06-23,,0,-
1102,CARRIER,N/A,100B01-HVAC-FCU-B1.FL-008,,100B-FCU-BFL-008,,,"Fan Coil Unit",,,,,,,,,"FANCOIL UNIT No.08 ห้องให้คำปรึกษา ห้องที่ 2",,FL.B,"In Use",,,2022-08-31,,0.00,7.00,0.00,0.00,0.00,1.00,0,0,0,,,,,undefine,,1,โรงพยาบาลจุฬาภรณ์100เตียง,100B01-FB1,"โรงพยาบาล 100B - ชั้น B1",,,,,,,,,,CRA,,,,arthonye,2024-06-23,,0,-
1103,CARRIER,42CH004BW2R0,100B01-HVAC-FCU-B1.FL-009,,100B-FCU-BFL-009,44VF1408723,,"Fan Coil Unit",,,,,,,,,"FANCOIL UNIT No.09 CAPACITY 12,450 BTU ห้อง THYRODUPTAKETEST",,FL.B,"In Use",,,2022-08-31,,0.00,7.00,0.00,0.00,0.00,1.00,0,0,0,,,,,undefine,,1,โรงพยาบาลจุฬาภรณ์100เตียง,100B01-FB1,"โรงพยาบาล 100B - ชั้น B1",,,,,,,,,,CRA,,,,arthonye,2024-06-23,,0,-
1104,CARRIER,42CH006W3RP,100B01-HVAC-FCU-B1.FL-010,,100B-FCU-BFL-010,44VH7279478,,"Fan Coil Unit",,,,,,,,,"FANCOIL UNIT No.10 CAPACITY 19,450 BTU ห้อง พักฟื้นในห้องแร่รังสี",,FL.B,"In Use",,,2022-08-31,,0.00,7.00,0.00,0.00,0.00,1.00,0,0,0,,,,,undefine,,1,โรงพยาบาลจุฬาภรณ์100เตียง,100B01-FB1,"โรงพยาบาล 100B - ชั้น B1",,,,,,,,,,CRA,,,,arthonye,2024-06-23,,0,-
1105,CARRIER,42CH012W3LP,100B01-HVAC-FCU-B1.FL-011,,100B-FCU-BFL-011,44VL7288901,,"Fan Coil Unit",,,,,,,,,"FANCOIL UNIT No.11 CAPACITY 37,360 BTU ห้องโถงแร่รังสี",,FL.B,"In Use",,,2022-08-31,,0.00,7.00,0.00,0.00,0.00,1.00,0,0,0,,,,,undefine,,1,โรงพยาบาลจุฬาภรณ์100เตียง,100B01-FB1,"โรงพยาบาล 100B - ชั้น B1",,,,,,,,,,CRA,,,,arthonye,2024-06-23,,0,-
1106,CARRIER,42CH008WLP,100B01-HVAC-FCU-B1.FL-012,,100B-FCU-BFL-012,44VL7288877,,"Fan Coil Unit",,,,,,,,,"FANCOIL UNIT No.12 CAPACITY 24,290 BTU ห้องจ่ายไฟ",,FL.B,"In Use",,,2022-08-31,,0.00,7.00,0.00,0.00,0.00,1.00,0,0,0,,,,,undefine,,1,โรงพยาบาลจุฬาภรณ์100เตียง,100B01-FB1,"โรงพยาบาล 100B - ชั้น B1",,,,,,,,,,CRA,,,,arthonye,2024-06-23,,0,-
1107,CARRIER,42CH008W3RP,100B01-HVAC-FCU-B1.FL-013,,100B-FCU-BFL-013,44VL7288878,,"Fan Coil Unit",,,,,,,,,"FANCOIL UNIT No.13 CAPACITY 24,290 BTU ห้องจ่ายไฟ",,FL.B,"In Use",,,2022-08-31,,0.00,7.00,0.00,0.00,0.00,1.00,0,0,0,,,,,undefine,,1,โรงพยาบาลจุฬาภรณ์100เตียง,100B01-FB1,"โรงพยาบาล 100B - ชั้น B1",,,,,,,,,,CRA,,,,arthonye,2024-06-23,,0,-
1108,CARRIER,N/A,100B01-HVAC-FCU-B1.FL-014,,100B-FCU-BFL-014,,,"Fan Coil Unit",,,,,,,,,"FANCOIL UNIT No.14 ห้องจ่ายไฟ",,FL.B,"In Use",,,2022-08-31,,0.00,7.00,0.00,0.00,0.00,1.00,0,0,0,,,,,undefine,,1,โรงพยาบาลจุฬาภรณ์100เตียง,100B01-FB1,"โรงพยาบาล 100B - ชั้น B1",,,,,,,,,,CRA,,,,arthonye,2024-06-23,,0,-
1109,CARRIER,42CH012W3LP,100B01-HVAC-FCU-B1.FL-015,,100B-FCU-BFL-015,44VL7288883,,"Fan Coil Unit",,,,,,,,,"FANCOIL UNIT No.15 CAPACITY 37,360BTU ทางเดินหน้าห้องเวชศาสตร์นิวเคลียร์",,FL.B,"In Use",,,2022-08-31,,0.00,7.00,0.00,0.00,0.00,1.00,0,0,0,,,,,undefine,,1,โรงพยาบาลจุฬาภรณ์100เตียง,100B01-FB1,"โรงพยาบาล 100B - ชั้น B1",,,,,,,,,,CRA,,,,arthonye,2024-06-23,,0,-
1110,CARRIER,42CH004W3LP,100B01-HVAC-FCU-B1.FL-016,,100B-FCU-BFL-016,44VH7279475,,"Fan Coil Unit",,,,,,,,,"FANCOIL UNIT No.16 CAPACITY 12,100 BTU ห้องจ่ายไฟ",,FL.B,"In Use",,,2022-08-31,,0.00,7.00,0.00,0.00,0.00,1.00,0,0,0,,,,,undefine,,1,โรงพยาบาลจุฬาภรณ์100เตียง,100B01-FB1,"โรงพยาบาล 100B - ชั้น B1",,,,,,,,,,CRA,,,,arthonye,2024-06-23,,0,-
1111,CARRIER,42CH010W3LP,100B01-HVAC-FCU-B1.FL-017,,100B-FCU-BFL-017,44VH7279479,,"Fan Coil Unit",,,,,,,,,"FANCOIL UNIT No.17 CAPACITY 30,570 BTU ห้องพักฟื้นในห้องแร่รังสี",,FL.B,"In Use",,,2022-08-31,,0.00,7.00,0.00,0.00,0.00,1.00,0,0,0,,,,,undefine,,1,โรงพยาบาลจุฬาภรณ์100เตียง,100B01-FB1,"โรงพยาบาล 100B - ชั้น B1",,,,,,,,,,CRA,,,,arthonye,2024-06-23,,0,-
1112,CARRIER,42CH006W3LP,100B01-HVAC-FCU-B1.FL-018,,100B-FCu-BFL-018,44VL7288875,,"Fan Coil Unit",,,,,,,,,"FANCOIL UNIT No.18 CAPACITY 19,450 BTU ห้องให้การพยาบาล",,FL.B,"In Use",,,2022-08-31,,0.00,7.00,0.00,0.00,0.00,1.00,0,0,0,,,,,undefine,,1,โรงพยาบาลจุฬาภรณ์100เตียง,100B01-FB1,"โรงพยาบาล 100B - ชั้น B1",,,,,,,,,,CRA,,,,arthonye,2024-06-23,,0,-
1113,CARRIER,42CH010W3LP,100B01-HVAC-FCU-B1.FL-019,,100B-FCU-BFL-019,44VL7288880,,"Fan Coil Unit",,,,,,,,,"FANCOIL UNIT No.19 CAPACITY 30,570 BTU ห้องตรวจ 1",,FL.B,"In Use",,,2022-08-31,,0.00,7.00,0.00,0.00,0.00,1.00,0,0,0,,,,,undefine,,1,โรงพยาบาลจุฬาภรณ์100เตียง,100B01-FB1,"โรงพยาบาล 100B - ชั้น B1",,,,,,,,,,CRA,,,,arthonye,2024-06-23,,0,-
1114,CARRIER,42CH006W3LP,100B01-HVAC-FCU-B1.FL-020,,100B-FCU-BFL-020,,,"Fan Coil Unit",,,,,,,,,"FANCOIL UNIT No.20 CAPACITY 19,450 BTU ห้องตรวจ 3",,FL.B,"In Use",,,2022-08-31,,0.00,7.00,0.00,0.00,0.00,1.00,0,0,0,,,,,undefine,,1,โรงพยาบาลจุฬาภรณ์100เตียง,100B01-FB1,"โรงพยาบาล 100B - ชั้น B1",,,,,,,,,,CRA,,,,arthonye,2024-06-23,,0,-
1115,CARRIER,42CH010W3LP,100B01-HVAC-FCU-B1.FL-021,,100B-FCU-BFL-021,,,"Fan Coil Unit",,,,,,,,,"FANCOIL UNIT No.21 CAPACITY 19,450 BTU ห้องตรวจ 4",,FL.B,"In Use",,,2022-08-31,,0.00,7.00,0.00,0.00,0.00,1.00,0,0,0,,,,,undefine,,1,โรงพยาบาลจุฬาภรณ์100เตียง,100B01-FB1,"โรงพยาบาล 100B - ชั้น B1",,,,,,,,,,CRA,,,,arthonye,2024-06-23,,0,-
1116,CARRIER,42CH006W3RP,100B01-HVAC-FCU-B1.FL-022,,100B-FCU-BFL-022,44VH7279477,,"Fan Coil Unit",,,,,,,,,"FANCOIL UNIT No.22 CAPACITY 19,450 BTU ห้องตรวจ 5",,FL.B,"In Use",,,2022-08-31,,0.00,7.00,0.00,0.00,0.00,1.00,0,0,0,,,,,undefine,,1,โรงพยาบาลจุฬาภรณ์100เตียง,100B01-FB1,"โรงพยาบาล 100B - ชั้น B1",,,,,,,,,,CRA,,,,arthonye,2024-06-23,,0,-
1117,CARRIER,42CH010W3LP,100B01-HVAC-FCU-B1.FL-023,,100B-FCU-BFL-023,,,"Fan Coil Unit",,,,,,,,,"FANCOIL UNIT No.23 CAPACITY 19,450 BTU ห้องตรวจภายใน",,FL.B,"In Use",,,2022-08-31,,0.00,7.00,0.00,0.00,0.00,1.00,0,0,0,,,,,undefine,,1,โรงพยาบาลจุฬาภรณ์100เตียง,100B01-FB1,"โรงพยาบาล 100B - ชั้น B1",,,,,,,,,,CRA,,,,arthonye,2024-06-23,,0,-
1118,CARRIER,42CH0085WL5,100B01-HVAC-FCU-B1.FL-024,,100B-FCU-BFL-024,44V01411757,,"Fan Coil Unit",,,,,,,,,"FANCOIL UNIT No.24 CAPACITY 25,350 BTU Control Room (คลินิคสูงวัย)",,FL.B,"In Use",,,2022-08-31,,0.00,7.00,0.00,0.00,0.00,1.00,0,0,0,,,,,undefine,,1,โรงพยาบาลจุฬาภรณ์100เตียง,100B01-FB1,"โรงพยาบาล 100B - ชั้น B1",,,,,,,,,,CRA,,,,arthonye,2024-06-23,,0,-
1119,CARRIER,42CH004BW2R0,100B01-HVAC-FCU-B1.FL-025,,100B-FCU-BFL-025,44VF1408722,,"Fan Coil Unit",,,,,,,,,"FANCOIL UNIT No.25 CAPACITY 12,450 BTU ห้องคลินิคสูงวัยและความทรงจำ",,FL.B,"In Use",,,2022-08-31,,0.00,7.00,0.00,0.00,0.00,1.00,0,0,0,,,,,undefine,,1,โรงพยาบาลจุฬาภรณ์100เตียง,100B01-FB1,"โรงพยาบาล 100B - ชั้น B1",,,,,,,,,,CRA,,,,arthonye,2024-06-23,,0,-
1120,CARRIER,N/A,100B01-HVAC-FCU-B1.FL-026,,100B-FCU-BFL-026,,,"Fan Coil Unit",,,,,,,,,"FANCOIL UNIT No.26 ห้องจำลองการรักษาด้วยคอมพิวเตอร์ B / 05",,FL.B,"In Use",,,2022-08-31,,0.00,7.00,0.00,0.00,0.00,1.00,0,0,0,,,,,undefine,,1,โรงพยาบาลจุฬาภรณ์100เตียง,100B01-FB1,"โรงพยาบาล 100B - ชั้น B1",,,,,,,,,,CRA,,,,arthonye,2024-06-23,,0,-
1121,CARRIER,N/A,100B01-HVAC-FCU-B1.FL-027,,100B-FCU-BFL-027,,,"Fan Coil Unit",,,,,,,,,"FANCOIL UNIT No.27 ห้องจำลองการรักษาด้วยคลื่นแม่เหล็กไฟฟ้า B/06",,FL.B,"In Use",,,2022-08-31,,0.00,7.00,0.00,0.00,0.00,1.00,0,0,0,,,,,undefine,,1,โรงพยาบาลจุฬาภรณ์100เตียง,100B01-FB1,"โรงพยาบาล 100B - ชั้น B1",,,,,,,,,,CRA,,,,arthonye,2024-06-23,,0,-
1123,CARRIER,42CH008W3RL,100B01-HVAC-FCU-B1.FL-029,,100B-FCU-BFL-029,44VL7288879,,"Fan Coil Unit",,,,,,,,,"FANCOIL UNIT No.29 CAPACITY 24,290 BTU ห้อง LINAC 2",,FL.B,"In Use",,,2022-08-31,,0.00,7.00,0.00,0.00,0.00,1.00,0,0,0,,,,,undefine,,1,โรงพยาบาลจุฬาภรณ์100เตียง,100B01-FB1,"โรงพยาบาล 100B - ชั้น B1",,,,,,,,,,CRA,,,,arthonye,2024-06-23,,0,-
1124,CARRIER,42CH0085WLG,100B01-HVAC-FCU-B1.FL-030,,100B-FCU-BFL-030,44V01411757,,"Fan Coil Unit",,,,,,,,,"FANCOIL UNIT No.30 CAPACITY 25,350 BTU ห้อง Control Room",,FL.B,"In Use",,,2022-08-31,,0.00,7.00,0.00,0.00,0.00,1.00,0,0,0,,,,,undefine,,1,โรงพยาบาลจุฬาภรณ์100เตียง,100B01-FB1,"โรงพยาบาล 100B - ชั้น B1",,,,,,,,,,CRA,,,,arthonye,2024-06-23,,0,-
1125,CARRIER,42CH008W3RL,100B01-HVAC-FCU-B1.FL-031,,100B-FCU-BFL-031,,,"Fan Coil Unit",,,,,,,,,"FANCOIL UNIT No.31 ห้องควบคุม LINAC 1",,FL.B,"In Use",,,2022-08-31,,0.00,7.00,0.00,0.00,0.00,1.00,0,0,0,,,,,undefine,,1,โรงพยาบาลจุฬาภรณ์100เตียง,100B01-FB1,"โรงพยาบาล 100B - ชั้น B1",,,,,,,,,,CRA,,,,arthonye,2024-06-23,,0,-
1126,CARRIER,42CH006W3LP,100B01-HVAC-FCU-B1.FL-032,,100B-FCU-BFL-032,44VL7288875,,"Fan Coil Unit",,,,,,,,,"FANCOIL UNIT No.32 CAPACITY 19,450 BTU ห้องให้การพยาบาล",,FL.B,"In Use",,,2022-08-31,,0.00,7.00,0.00,0.00,0.00,1.00,0,0,0,,,,,undefine,,1,โรงพยาบาลจุฬาภรณ์100เตียง,100B01-FB1,"โรงพยาบาล 100B - ชั้น B1",,,,,,,,,,CRA,,,,arthonye,2024-06-23,,0,-
1127,CARRIER,42CH006W3RP,100B01-HVAC-FCU-B1.FL-033,,100B-FCU-BFL-033,44VH7279477,,"Fan Coil Unit",,,,,,,,,"FANCOIL UNIT No.33 CAPACITY 19,450 BTU ห้องตรวจ 5",,FL.B,"In Use",,,2022-08-31,,0.00,7.00,0.00,0.00,0.00,1.00,0,0,0,,,,,undefine,,1,โรงพยาบาลจุฬาภรณ์100เตียง,100B01-FB1,"โรงพยาบาล 100B - ชั้น B1",,,,,,,,,,CRA,,,,arthonye,2024-06-23,,0,-
1128,CARRIER,42CH006W3LP,100B01-HVAC-FCU-B1.FL-034,,100B-FCU-BFL-034,,,"Fan Coil Unit",,,,,,,,,"FANCOIL UNIT No.34 CAPACITY 19,450 BTU ห้องตรวจ 3",,FL.B,"In Use",,,2022-08-31,,0.00,7.00,0.00,0.00,0.00,1.00,0,0,0,,,,,undefine,,1,โรงพยาบาลจุฬาภรณ์100เตียง,100B01-FB1,"โรงพยาบาล 100B - ชั้น B1",,,,,,,,,,CRA,,,,arthonye,2024-06-23,,0,-
1129,CARRIER,42CH0110W3LP,100B01-HVAC-FCU-B1.FL-035,,100B-FCU-BFL-035,44VL7288880,,"Fan Coil Unit",,,,,,,,,"FANCOIL UNIT No.35 CAPACITY 30,570 BTU ห้องตรวจ 1",,FL.B,"In Use",,,2022-08-31,,0.00,7.00,0.00,0.00,0.00,1.00,0,0,0,,,,,undefine,,1,โรงพยาบาลจุฬาภรณ์100เตียง,100B01-FB1,"โรงพยาบาล 100B - ชั้น B1",,,,,,,,,,CRA,,,,arthonye,2024-06-23,,0,-
1130,CARRIER,42CH010W3LP,100B01-HVAC-FCU-B1.FL-036,,100B-FCU-BFL-036,,,"Fan Coil Unit",,,,,,,,,"FANCOIL UNIT No.36 CAPACITY 19,450 BTU ห้องตรวจภายใน",,FL.B,"In Use",,,2022-08-31,,0.00,7.00,0.00,0.00,0.00,1.00,0,0,0,,,,,undefine,,1,โรงพยาบาลจุฬาภรณ์100เตียง,100B01-FB1,"โรงพยาบาล 100B - ชั้น B1",,,,,,,,,,CRA,,,,arthonye,2024-06-23,,0,-
1131,CARRIER,42CH0085WL5,100B01-HVAC-FCU-B1.FL-037,,100B-FCU-BFL-037,44V01411757,,"Fan Coil Unit",,,,,,,,,"FANCOIL UNIT No.37 CAPACITY 25,350 BTU คลินิกสูงวัย",,FL.B,"In Use",,,2022-08-31,,0.00,7.00,0.00,0.00,0.00,1.00,0,0,0,,,,,undefine,,1,โรงพยาบาลจุฬาภรณ์100เตียง,100B01-FB1,"โรงพยาบาล 100B - ชั้น B1",,,,,,,,,,CRA,,,,arthonye,2024-06-23,,0,-
1132,CARRIER,42CH004BW2R0,100B01-HVAC-FCU-B1.FL-038,,100B-FCU-BFL-038,44VF1408722,,"Fan Coil Unit",,,,,,,,,"FANCOIL UNIT No.38 CAPACITY 12,450 BTU คลินิกสูงวัยและความจำ",,FL.B,"In Use",,,2022-08-31,,0.00,7.00,0.00,0.00,0.00,1.00,0,0,0,,,,,undefine,,1,โรงพยาบาลจุฬาภรณ์100เตียง,100B01-FB1,"โรงพยาบาล 100B - ชั้น B1",,,,,,,,,,CRA,,,,arthonye,2024-06-23,,0,-
1133,CARRIER,N/A,100B01-HVAC-FCU-B1.FL-039,,100B-FCU-BFL-039,N/A,,"Fan Coil Unit",,,,,,,,,"FANCOIL UNIT No.39 ห้องจำลองการรักษาด้วยคอมพิวเตอร์",,FL.B,"In Use",,,2022-08-31,,0.00,7.00,0.00,0.00,0.00,1.00,0,0,0,,,,,undefine,,1,โรงพยาบาลจุฬาภรณ์100เตียง,100B01-FB1,"โรงพยาบาล 100B - ชั้น B1",,,,,,,,,,CRA,,,,arthonye,2024-06-23,,0,-
1134,CARRIER,N/A,100B01-HVAC-FCU-B1.FL-040,,100B-FCU-BFL-040,,,"Fan Coil Unit",,,,,,,,,"FANCOIL UNIT No.40 ห้องจำลองการรักษาด้วยคลื่นแม่เหล็ก",,FL.B,"In Use",,,2022-08-31,,0.00,7.00,0.00,0.00,0.00,1.00,0,0,0,,,,,undefine,,1,โรงพยาบาลจุฬาภรณ์100เตียง,100B01-FB1,"โรงพยาบาล 100B - ชั้น B1",,,,,,,,,,CRA,,,,arthonye,2024-06-23,,0,-
1135,CARRIER,N/A,100B01-HVAC-FCU-B1.FL-041,,100B-FCU-BFL-041,,,"Fan Coil Unit",,,,,,,,,"FANCOIL UNIT No.41 ห้องพักทานอาหารเจ้าหน้าที่",,FL.B,"In Use",,,2022-08-31,,0.00,7.00,0.00,0.00,0.00,1.00,0,0,0,,,,,undefine,,1,โรงพยาบาลจุฬาภรณ์100เตียง,100B01-FB1,"โรงพยาบาล 100B - ชั้น B1",,,,,,,,,,CRA,,,,arthonye,2024-06-23,,0,-
1136,CARRIER,42CH008W3RL,100B01-HVAC-FCU-B1.FL-042,,100B-FCU-BFL-042,44VL7288879,,"Fan Coil Unit",,,,,,,,,"FANCOIL UNIT No.42 CAPACITY 24,290 BTU ห้องควบคุม Lina C2",,FL.B,"In Use",,,2022-08-31,,0.00,7.00,0.00,0.00,0.00,1.00,0,0,0,,,,,undefine,,1,โรงพยาบาลจุฬาภรณ์100เตียง,100B01-FB1,"โรงพยาบาล 100B - ชั้น B1",,,,,,,,,,CRA,,,,arthonye,2024-06-23,,0,-
1137,CARRIER,42CH0085WLG,100B01-HVAC-FCU-B1.FL-043,,100B-FCU-BFL-043,44V01411757,,"Fan Coil Unit",,,,,,,,,"FANCOIL UNIT No.43 CAPACITY 25,350 BTU Control room",,FL.B,"In Use",,,2022-08-31,,0.00,7.00,0.00,0.00,0.00,1.00,0,0,0,,,,,undefine,,1,โรงพยาบาลจุฬาภรณ์100เตียง,100B01-FB1,"โรงพยาบาล 100B - ชั้น B1",,,,,,,,,,CRA,,,,arthonye,2024-06-23,,0,-
1138,CARRIER,42CH008W3RL,100B01-HVAC-FCU-B1.FL-044,,100B-FCU-BFL-044,,,"Fan Coil Unit",,,,,,,,,"FANCOIL UNIT No.44 ห้องควบคุม LINAC",,FL.B,"In Use",,,2022-08-31,,0.00,7.00,0.00,0.00,0.00,1.00,0,0,0,,,,,undefine,,1,โรงพยาบาลจุฬาภรณ์100เตียง,100B01-FB1,"โรงพยาบาล 100B - ชั้น B1",,,,,,,,,,CRA,,,,arthonye,2024-06-23,,0,-
1139,CARRIER,42CH012BW3RP,100B01-HVAC-FCU-B1.FL-045,,100B-FCU-BFL-045,44VF1408166,,"Fan Coil Unit",,,,,,,,,"FANCOIL UNIT No.45 CAPACITY 38,660 BTU โถงทางเดินชั้นลอย",,FL.B,"In Use",,,2022-08-31,,0.00,7.00,0.00,0.00,0.00,1.00,0,0,0,,,,,undefine,,1,โรงพยาบาลจุฬาภรณ์100เตียง,100B01-FB1,"โรงพยาบาล 100B - ชั้น B1",,,,,,,,,,CRA,,,,arthonye,2024-06-23,,0,-
1140,CARRIER,N/A,100B01-HVAC-FCU-B1.FL-046,,100B-FCU-BFL-046,,,"Fan Coil Unit",,,,,,,,,"FANCOIL UNIT No.46 CAPACITY 25,350 BTU OFFICE",,FL.B,"In Use",,,2022-08-31,,0.00,7.00,0.00,0.00,0.00,1.00,0,0,0,,,,,undefine,,1,โรงพยาบาลจุฬาภรณ์100เตียง,100B01-FB1,"โรงพยาบาล 100B - ชั้น B1",,,,,,,,,,CRA,,,,arthonye,2024-06-23,,0,-
1141,CARRIER,42CH008BW3R0,100B01-HVAC-FCU-B1.FL-047,,100B-FCU-BFL-047,,,"Fan Coil Unit",,,,,,,,,"FANCOIL UNIT No.47 CAPACITY 25,350 BTU Loung room",,FL.B,"In Use",,,2022-08-31,,0.00,7.00,0.00,0.00,0.00,1.00,0,0,0,,,,,undefine,,1,โรงพยาบาลจุฬาภรณ์100เตียง,100B01-FB1,"โรงพยาบาล 100B - ชั้น B1",,,,,,,,,,CRA,,,,arthonye,2024-06-23,,0,-
1142,CARRIER,42CH006BW3R0,100B01-HVAC-FCU-B1.FL-048,,100B-FCU-BFL-048,,,"Fan Coil Unit",,,,,,,,,"FANCOIL UNIT No.48 CAPACITY 20,200 BTU STAFF Room1",,FL.B,"In Use",,,2022-08-31,,0.00,7.00,0.00,0.00,0.00,1.00,0,0,0,,,,,undefine,,1,โรงพยาบาลจุฬาภรณ์100เตียง,100B01-FB1,"โรงพยาบาล 100B - ชั้น B1",,,,,,,,,,CRA,,,,arthonye,2024-06-23,,0,-
1143,CARRIER,42CH008W3R0,100B01-HVAC-FCU-B1.FL-049,,100B-FCU-BFL-049,,,"Fan Coil Unit",,,,,,,,,"FANCOIL UNIT No.49 CAPACITY 25,350 BTU Meeting room",,FL.B,"In Use",,,2022-08-31,,0.00,7.00,0.00,0.00,0.00,1.00,0,0,0,,,,,undefine,,1,โรงพยาบาลจุฬาภรณ์100เตียง,100B01-FB1,"โรงพยาบาล 100B - ชั้น B1",,,,,,,,,,CRA,,,,arthonye,2024-06-23,,0,-
1144,CARRIER,42CH006BW3R0,100B01-HVAC-FCU-B1.FL-050,,100B-FCU-BFL-050,,,"Fan Coil Unit",,,,,,,,,"FANCOIL UNIT No.50 CAPACITY 20,270 BTU STAFF Room2",,FL.B,"In Use",,,2022-08-31,,0.00,7.00,0.00,0.00,0.00,1.00,0,0,0,,,,,undefine,,1,โรงพยาบาลจุฬาภรณ์100เตียง,100B01-FB1,"โรงพยาบาล 100B - ชั้น B1",,,,,,,,,,CRA,,,,arthonye,2024-06-23,,0,-
1145,CARRIER,N/A,100B01-HVAC-FCU-B1.FL-051,,100B-FCU-BFL-051,,,"Fan Coil Unit",,,,,,,,,"FANCOIL UNIT No.51 โถงทางเดิน Treatment",,FL.B,"In Use",,,2022-09-02,,0.00,7.00,0.00,0.00,0.00,1.00,0,0,0,,,,,undefine,,1,โรงพยาบาลจุฬาภรณ์100เตียง,100B01-FB1,"โรงพยาบาล 100B - ชั้น B1",,,,,,,,,,CRA,,,,arthonye,2024-06-23,,0,-
1146,CARRIER,N/A,100B01-HVAC-FCU-B1.FL-052,,100B-FCU-BFL-052,,,"Fan Coil Unit",,,,,,,,,"FANCOIL UNIT No.52 HOTR LAB",,FL.B,"In Use",,,2022-09-02,,0.00,7.00,0.00,0.00,0.00,1.00,0,0,0,,,,,undefine,,1,โรงพยาบาลจุฬาภรณ์100เตียง,100B01-FB1,"โรงพยาบาล 100B - ชั้น B1",,,,,,,,,,CRA,,,,arthonye,2024-06-23,,0,-
1147,CARRIER,N/A,100B01-HVAC-FCU-B1.FL-053,,100B-FCU-BFL-053,,,"Fan Coil Unit",,,,,,,,,"FANCOIL UNIT No.53 HOTR LAB",,FL.B,"In Use",,,2022-09-02,,0.00,7.00,0.00,0.00,0.00,1.00,0,0,0,,,,,undefine,,1,โรงพยาบาลจุฬาภรณ์100เตียง,100B01-FB1,"โรงพยาบาล 100B - ชั้น B1",,,,,,,,,,CRA,,,,arthonye,2024-06-23,,0,-
1148,N/A,N/A,100B01-HVAC-FCU-B1.FL-054,,100B-FCU-BFL-054,,,"Fan Coil Unit",,,,,,,,,"FANCOIL UNIT No.54 ห้องประชุม เครื่องอยู่รอบนอกทางเดิน",,FL.B,"In Use",,,2022-09-02,,0.00,7.00,0.00,0.00,0.00,1.00,0,0,0,,,,,undefine,,1,โรงพยาบาลจุฬาภรณ์100เตียง,100B01-FB1,"โรงพยาบาล 100B - ชั้น B1",,,,,,,,,,CRA,,,,arthonye,2024-06-23,,0,-
1149,CARRIER,42CH010W3LP,100B01-HVAC-FCU-B1.FL-055,,100B-FCU-BFL-055,,,"Fan Coil Unit",,,,,,,,,"FANCOIL UNIT No.55 ห้องตรวจ 4",,FL.B,"In Use",,,2022-09-02,,0.00,7.00,0.00,0.00,0.00,1.00,0,0,0,,,,,undefine,,1,โรงพยาบาลจุฬาภรณ์100เตียง,100B01-FB1,"โรงพยาบาล 100B - ชั้น B1",,,,,,,,,,CRA,,,,arthonye,2024-06-23,,0,-
1150,CARRIER,N/A,100B01-HVAC-FCU-B1.FL-056,,100B-FCU-BFL-056,,,"Fan Coil Unit",,,,,,,,,"FANCOIL UNIT No.56 ห้องให้คำปรึกษา ห้องที่ 1",,FL.B,"In Use",,,2022-09-02,,0.00,7.00,0.00,0.00,0.00,1.00,0,0,0,,,,,undefine,,1,โรงพยาบาลจุฬาภรณ์100เตียง,100B01-FB1,"โรงพยาบาล 100B - ชั้น B1",,,,,,,,,,CRA,,,,arthonye,2024-06-23,,0,-
1151,CARRIER,42CH004BW2R0,100B01-HVAC-FCU-B1.FL-057,,100B-FCU-BFL-057,44VF1408723,,"Fan Coil Unit",,,,,,,,,"FANCOIL UNIT No.57 ห้อง Thyroduptaketest",,FL.B,"In Use",,,2022-09-02,,0.00,7.00,0.00,0.00,0.00,1.00,0,0,0,,,,,undefine,,1,โรงพยาบาลจุฬาภรณ์100เตียง,100B01-FB1,"โรงพยาบาล 100B - ชั้น B1",,,,,,,,,,CRA,,,,arthonye,2024-06-23,,0,-
1152,CARRIER,42CH006W3RP,100B01-HVAC-FCU-B1.FL-058,,100B_FCU-BFL-058,44VH7279478,,"Fan Coil Unit",,,,,,,,,"FANCOIL UNIT No.58 ห้องพักฟื้นในห้องแร่รังสี เครื่องอยู่ฝั่ง เซเว่น",,FL.B,"In Use",,,2022-09-02,,0.00,7.00,0.00,0.00,0.00,1.00,0,0,0,,,,,undefine,,1,โรงพยาบาลจุฬาภรณ์100เตียง,100B01-FB1,"โรงพยาบาล 100B - ชั้น B1",,,,,,,,,,CRA,,,,arthonye,2024-06-23,,0,-
1153,CARRIER,42CH012W3LP,100B01-HVAC-FCU-B1.FL-059,,100B-FCU-BFL-059,44VL7288901,,"Fan Coil Unit",,,,,,,,,"FANCOIL UNIT No.59 โถ่งแร่รังสี เครื่องอยู่ฝั่ง เซเว่น",,FL.B,"In Use",,,2022-09-02,,0.00,7.00,0.00,0.00,0.00,1.00,0,0,0,,,,,undefine,,1,โรงพยาบาลจุฬาภรณ์100เตียง,100B01-FB1,"โรงพยาบาล 100B - ชั้น B1",,,,,,,,,,CRA,,,,arthonye,2024-06-23,,0,-
1154,CARRIER,42CH008W3LP,100B01-HVAC-FCU-B1.FL-060,,100B-FCU-BFL-060,44VL7288877,,"Fan Coil Unit",,,,,,,,,"FANCOIL UNIT No.60 ห้องจ่ายไฟเครื่องอยู่ฝั่ง เซเว่น",,FL.B,"In Use",,,2022-09-02,,0.00,7.00,0.00,0.00,0.00,1.00,0,0,0,,,,,undefine,,1,โรงพยาบาลจุฬาภรณ์100เตียง,100B01-FB1,"โรงพยาบาล 100B - ชั้น B1",,,,,,,,,,CRA,,,,arthonye,2024-06-23,,0,-
1155,CARRIER,42CH008W3RP,100B01-HVAC-FCU-B1.FL-061,,100B-FCU-BFL-061,44VL7288878,,"Fan Coil Unit",,,,,,,,,"FANCOIL UNIT No.61 CAPACITY 24,290 BTU ห้องจ่ายไฟเครื่องอยู่ฝั่ง เซเว่น",,FL.B,"In Use",,,2022-09-02,,0.00,7.00,0.00,0.00,0.00,1.00,0,0,0,,,,,undefine,,1,โรงพยาบาลจุฬาภรณ์100เตียง,100B01-FB1,"โรงพยาบาล 100B - ชั้น B1",,,,,,,,,,CRA,,,,arthonye,2024-06-23,,0,-
1156,CARRIER,N/A,100B01-HVAC-FCU-B1.FL-062,,100B-FCU-BFL-062,,,"Fan Coil Unit",,,,,,,,,"FANCOIL UNIT No.62 ห้องจ่ายไฟเครื่องอยู่ฝั่ง เซเว่น",,FL.B,"In Use",,,2022-09-02,,0.00,7.00,0.00,0.00,0.00,1.00,0,0,0,,,,,undefine,,1,โรงพยาบาลจุฬาภรณ์100เตียง,100B01-FB1,"โรงพยาบาล 100B - ชั้น B1",,,,,,,,,,CRA,,,,arthonye,2024-06-23,,0,-
1157,CARRIER,42CH012W3LP,100B01-HVAC-FCU-B1.FL-063,,100B-FCU-BFL-063,,,"Fan Coil Unit",,,,,,,,,"FANCOIL UNIT No.63 CAPACITY 37360 BTU ทางเดินห้องเวชศาสตร์นิวเครียร์ เครื่องอยู่ฝั่ง เซเว่น",,FL.B,"In Use",,,2022-09-02,,0.00,7.00,0.00,0.00,0.00,1.00,0,0,0,,,,,undefine,,1,โรงพยาบาลจุฬาภรณ์100เตียง,100B01-FB1,"โรงพยาบาล 100B - ชั้น B1",,,,,,,,,,CRA,,,,arthonye,2024-06-23,,0,-
1158,Carrier,42CH010W3LP,100B01-HVAC-FCU-B1.FL-064,,100B-FCU-BFL-064,44VH7279479,,"Fan Coil Unit",,,,,,,,,"FANCOIL UNIT No.64 CAPACITY 30,570 BTU ห้องพักฟื้นในห้องแร่รังสี เครื่องอยู่ฝั่ง เซเว่น",,FL.B,"In Use",,,2022-09-02,,0.00,7.00,0.00,0.00,0.00,1.00,0,0,0,,,,,undefine,,1,โรงพยาบาลจุฬาภรณ์100เตียง,100B01-FB1,"โรงพยาบาล 100B - ชั้น B1",,,,,,,,,,CRA,,,,arthonye,2024-06-23,,0,-
1159,ALTER,ALT-030,100B01-HVAC-FCU-B1.FL-065,,100B-FCU-BFL-065,1701041,,"Fan Coil Unit",,,,,,,,,"FANCOIL UNIT No.65 CAPACITY 32,063 BTU ห้องอาบฟิมล์รังสี",,FL.B,"In Use",,,2022-09-02,,0.00,7.00,0.00,0.00,0.00,1.00,0,0,0,,,,,undefine,,1,โรงพยาบาลจุฬาภรณ์100เตียง,100B01-FB1,"โรงพยาบาล 100B - ชั้น B1",,,,,,,,,,CRA,,,,arthonye,2024-06-23,,0,-
1160,CARRIER,42VFS012W-10RN,100B01-HVAC-FCU-B1.FL-066,,100B-FCU-BFL-066,44VH7585145,,"Fan Coil Unit",,,,,,,,,"FANCOIL UNIT No.66 CAPACITY 39,200 BTU ห้อง UPS เครื่องที่ 1",,FL.B,"In Use",,,2022-09-02,,0.00,7.00,0.00,0.00,0.00,1.00,0,0,0,,,,,undefine,,1,โรงพยาบาลจุฬาภรณ์100เตียง,100B01-FB1,"โรงพยาบาล 100B - ชั้น B1",,,,,,,,,,CRA,,,,arthonye,2024-06-23,,0,-
1161,CARRIER,42VFS012W-10RN,100B01-HVAC-FCU-B1.FL-067,,100B-FCU-BFL-067,44VH7585143,,"Fan Coil Unit",,,,,,,,,"FANCOIL UNIT No.67 CAPACITY 39,200 BTU ห้อง UPS เครื่องที่ 2",,FL.B,"In Use",,,2022-09-02,,0.00,7.00,0.00,0.00,0.00,1.00,0,0,0,,,,,undefine,,1,โรงพยาบาลจุฬาภรณ์100เตียง,100B01-FB1,"โรงพยาบาล 100B - ชั้น B1",,,,,,,,,,CRA,,,,arthonye,2024-06-23,,0,-
1162,CARRIER,42CH012BW3RP,100B01-HVAC-FCU-B1.FL-068,,100B-FCU-BFL-068,44VF1408166,,"Fan Coil Unit",,,,,,,,,"FANCOIL UNIT No.68 CAPACITY 38,660 BTU โถงทางเดินบนชั้นลอย B1",,FL.B,"In Use",,,2022-09-02,,0.00,7.00,0.00,0.00,0.00,1.00,0,0,0,,,,,undefine,,1,โรงพยาบาลจุฬาภรณ์100เตียง,100B01-FB1,"โรงพยาบาล 100B - ชั้น B1",,,,,,,,,,CRA,,,,arthonye,2024-06-23,,0,-
1163,CARRIER,N/A,100B01-HVAC-FCU-B1.FL-069,,100B-FCU-BFL-069,,,"Fan Coil Unit",,,,,,,,,"FANCOIL UNIT No.69 CAPACITY 25,350 BTU ห้อง OFFICE",,FL.B,"In Use",,,2022-09-02,,0.00,7.00,0.00,0.00,0.00,1.00,0,0,0,,,,,undefine,,1,โรงพยาบาลจุฬาภรณ์100เตียง,100B01-FB1,"โรงพยาบาล 100B - ชั้น B1",,,,,,,,,,CRA,,,,arthonye,2024-06-23,,0,-
1164,CARRIER,42CH008BW3R0,100B01-HVAC-FCU-B1.FL-070,,100B-FCU-BFL-070,,,"Fan Coil Unit",,,,,,,,,"FANCOIL UNIT No.70 CAPACITY 25,350 BTU ห้อง LOUNGE",,FL.B,"In Use",,,2022-09-02,,0.00,7.00,0.00,0.00,0.00,1.00,0,0,0,,,,,undefine,,1,โรงพยาบาลจุฬาภรณ์100เตียง,100B01-FB1,"โรงพยาบาล 100B - ชั้น B1",,,,,,,,,,CRA,,,,arthonye,2024-06-23,,0,-
1165,CARRIER,42CH006BW3R0,100B01-HVAC-FCU-B1.FL-071,,100B-FCU-BFL-071,44VE1405775,,"Fan Coil Unit",,,,,,,,,"FANCOIL UNIT No.71 CAPACITY 20,200 BTU ห้อง LOUNGE",,FL.B,"In Use",,,2022-09-02,,0.00,7.00,0.00,0.00,0.00,1.00,0,0,0,,,,,undefine,,1,โรงพยาบาลจุฬาภรณ์100เตียง,100B01-FB1,"โรงพยาบาล 100B - ชั้น B1",,,,,,,,,,CRA,,,,arthonye,2024-06-23,,0,-
1166,CARRIER,42CH004W2L0,100B01-HVAC-FCU-1.FL-001,,100B-FCU-1FL-001,44VK7284460,,"Fan Coil Unit",,,,,,,,,"FANCOIL UNIT No.72 CAPACITY 12,100 BTU ห้องโภชนาการ / ตัวที่ 2",,FL.1,"In Use",,,2022-09-02,,0.00,7.00,0.00,0.00,0.00,1.00,0,0,0,,,,,undefine,,1,โรงพยาบาลจุฬาภรณ์100เตียง,100B01-F1,"โรงพยาบาล 100B - ชั้น 1",,,,,,,,,,CRA,,,,arthonye,2024-06-23,,0,-
1167,CARRIER,42CH004W2LD,100B01-HVAC-FCU-1.FL-002,,100B-FCU-1FL-002,44VK7284460,,"Fan Coil Unit",,,,,,,,,"FANCOIL UNIT No.73 CAPACITY 12,100 BTU ห้องโภชนาการ / ตัวที่ 3",,FL.1,"In Use",,,2022-09-02,,0.00,7.00,0.00,0.00,0.00,1.00,0,0,0,,,,,undefine,,1,โรงพยาบาลจุฬาภรณ์100เตียง,100B01-F1,"โรงพยาบาล 100B - ชั้น 1",,,,,,,,,,CRA,,,,arthonye,2024-06-23,,0,-
1168,CARRIER,N/A,100B01-HVAC-FCU-1.FL-003,,100B-FCU-1FL-003,N/A,,"Fan Coil Unit",,,,,,,,,"FANCOIL UNIT No.74 โถงลิฟต์ส่วนพระองค์",,FL.1,"In Use",,,2022-09-02,,0.00,7.00,0.00,0.00,0.00,1.00,0,0,0,,,,,undefine,,1,โรงพยาบาลจุฬาภรณ์100เตียง,100B01-F1,"โรงพยาบาล 100B - ชั้น 1",,,,,,,,,,CRA,,,,arthonye,2024-06-23,,0,-
1169,CARRIER,42CHBS012W10-RAD,100B01-HVAC-FCU-1.FL-004,,100B-FCU-1FL-004,44CB6002022,,"Fan Coil Unit",,,,,,,,,"FANCOIL UNIT No.75 CAPACITY 13,000 BTU ห้องศูนย์ Referral",,FL.1,"In Use",,,2022-09-02,,0.00,7.00,0.00,0.00,0.00,1.00,0,0,0,,,,,undefine,,1,โรงพยาบาลจุฬาภรณ์100เตียง,100B01-F1,"โรงพยาบาล 100B - ชั้น 1",,,,,,,,,,CRA,,,,arthonye,2024-06-23,,0,-
1170,CARRIER,42CHBS018W-10RAD,100B01-HVAC-FCU-1.FL-005,,100B-FCU-1FL-005,44CB6001972,,"Fan Coil Unit",,,,,,,,,"FANCOIL UNIT No.76 CAPACITY 18,000 BTU ห้องเก็บอุปกรณ์การแพทย์ ER",,FL.1,"In Use",,,2022-09-02,,0.00,7.00,0.00,0.00,0.00,1.00,0,0,0,,,,,undefine,,1,โรงพยาบาลจุฬาภรณ์100เตียง,100B01-F1,"โรงพยาบาล 100B - ชั้น 1",,,,,,,,,,CRA,,,,arthonye,2024-06-23,,0,-
1171,CARRIER,42HBS012W-10RAD,100B01-HVAC-FCU-1.FL-006,,100B-FCU-1FL-006,44CB6002001,,"Fan Coil Unit",,,,,,,,,"FANCOIL UNIT No.76 CAPACITY 13,000 BTU ห้องวัดรังสี ER",,FL.1,"In Use",,,2022-09-02,,0.00,7.00,0.00,0.00,0.00,1.00,0,0,0,,,,,undefine,,1,โรงพยาบาลจุฬาภรณ์100เตียง,100B01-F1,"โรงพยาบาล 100B - ชั้น 1",,,,,,,,,,CRA,,,,arthonye,2024-06-23,,0,-
1172,CARRIER,42CHBS012W,100B01-HVAC-FCU-1.FL-007,,100B-FCU-1FL-007,44CB6002025,,"Fan Coil Unit",,,,,,,,,"FANCOIL UNIT No.76 CAPACITY 13,000 BTU ห้องแยกผู้ป่วย",,FL.1,"In Use",,,2022-09-02,,0.00,7.00,0.00,0.00,0.00,1.00,0,0,0,,,,,undefine,,1,โรงพยาบาลจุฬาภรณ์100เตียง,100B01-F1,"โรงพยาบาล 100B - ชั้น 1",,,,,,,,,,CRA,,,,arthonye,2024-06-23,,0,-
1173,CARRIER,42CH004W2L0,100B01-HVAC-FCU-1.FL-008,,100B-FCU-1FL-008,44VH7278606,,"Fan Coil Unit",,,,,,,,,"FANCOIL UNIT No.76 CAPACITY 12,109 BTU ห้องควบคุม (108)",,FL.1,"In Use",,,2022-09-02,,0.00,7.00,0.00,0.00,0.00,1.00,0,0,0,,,,,undefine,,1,โรงพยาบาลจุฬาภรณ์100เตียง,100B01-F1,"โรงพยาบาล 100B - ชั้น 1",,,,,,,,,,CRA,,,,arthonye,2024-06-23,,0,-
1174,CARRIER,42CH006W3R0,100B01-HVAC-FCU-1.FL-009,,100B-FCU-1FL-009,44VJ7281746,,"Fan Coil Unit",,,,,,,,,"FANCOIL UNIT No.77 CAPACITY 12,100 BTU ห้องสังคมสงเคราะห์",,FL.1,"In Use",,,2022-09-02,,0.00,7.00,0.00,0.00,0.00,1.00,0,0,0,,,,,undefine,,1,โรงพยาบาลจุฬาภรณ์100เตียง,100B01-F1,"โรงพยาบาล 100B - ชั้น 1",,,,,,,,,,CRA,,,,arthonye,2024-06-23,,0,-
1175,CARRIER,42CH006W3R0,100B01-HVAC-FCU-1.FL-010,,100B-FCU-1FL-010,44VJ7281746,,"Fan Coil Unit",,,,,,,,,"FANCOIL UNIT No.78 CAPACITY 19,450 BTU ห้องการเงิน",,FL.1,"In Use",,,2022-09-02,,0.00,7.00,0.00,0.00,0.00,1.00,0,0,0,,,,,undefine,,1,โรงพยาบาลจุฬาภรณ์100เตียง,100B01-F1,"โรงพยาบาล 100B - ชั้น 1",,,,,,,,,,CRA,,,,arthonye,2024-06-23,,0,-
1176,N/A,N/A,100B01-HVAC-FCU-1.FL-011,,100B-FCU-1FL-011,,,"Fan Coil Unit",,,,,,,,,"FANCOIL UNIT No.79 ห้องผลิตภัณฑ์ที่ระลึกในพระดำริ 906",,FL.1,"In Use",,,2022-09-02,,0.00,7.00,0.00,0.00,0.00,1.00,0,0,0,,,,,undefine,,1,โรงพยาบาลจุฬาภรณ์100เตียง,100B01-F1,"โรงพยาบาล 100B - ชั้น 1",,,,,,,,,,CRA,,,,arthonye,2024-06-23,,0,-
1177,N/A,N/A,100B01-HVAC-FCU-1.FL-012,,100B-FCU-1FL-012,,,"Fan Coil Unit",,,,,,,,,"FANCOIL UNIT No.80 ห้องการเงิน ห้องผลิตภัณฑ์ที่ระลึกในพระดำริ 907",,FL.1,"In Use",,,2022-09-02,,0.00,7.00,0.00,0.00,0.00,1.00,0,0,0,,,,,undefine,,1,โรงพยาบาลจุฬาภรณ์100เตียง,100B01-F1,"โรงพยาบาล 100B - ชั้น 1",,,,,,,,,,CRA,,,,arthonye,2024-06-23,,0,-
1178,CARRIER,42JB004CWRH,100B01-HVAC-FCU-1.FL-013,,100B-FCU-1FL-013,44VJ7280700,,"Fan Coil Unit",,,,,,,,,"FANCOIL UNIT No.81 CAPACITY 13,480 BTU ห้องพักแพทย์ ER",,FL.1,"In Use",,,2022-09-02,,0.00,7.00,0.00,0.00,0.00,1.00,0,0,0,,,,,undefine,,1,โรงพยาบาลจุฬาภรณ์100เตียง,100B01-F1,"โรงพยาบาล 100B - ชั้น 1",,,,,,,,,,CRA,,,,arthonye,2024-06-23,,0,-
1179,CARRRIER,42CLS006W2L0,100B01-HVAC-FCU-1.FL-014,,100B-FCU-1FL-014,44VC7575598,,"Fan Coil Unit",,,,,,,,,"FANCOIL UNIT No.82 CAPACITY 20,120 BTU ห้องพิเศษ 1",,FL.1,"In Use",,,2022-09-02,,0.00,7.00,0.00,0.00,0.00,1.00,0,0,0,,,,,undefine,,1,โรงพยาบาลจุฬาภรณ์100เตียง,100B01-F1,"โรงพยาบาล 100B - ชั้น 1",,,,,,,,,,CRA,,,,arthonye,2024-06-23,,0,-
1180,CARRIER,42CLS006W2L0,100B01-HVAC-FCU-1.FL-015,,100B-FCU-1FL-015,44VC7575593,,"Fan Coil Unit",,,,,,,,,"FANCOIL UNIT No.83 CAPACITY 20,120 BTU ห้องพิเศษ 2",,FL.1,"In Use",,,2022-09-02,,0.00,7.00,0.00,0.00,0.00,1.00,0,0,0,,,,,undefine,,1,โรงพยาบาลจุฬาภรณ์100เตียง,100B01-F1,"โรงพยาบาล 100B - ชั้น 1",,,,,,,,,,CRA,,,,arthonye,2024-06-23,,0,-
1181,CARRIER,42CLS006W2L0,100B01-HVAC-FCU-1.FL-016,,100B-FCU-1FL-016,44VC7575844,,"Fan Coil Unit",,,,,,,,,"FANCOIL UNIT No.84 CAPACITY 20,120 BTU ห้องพิเศษ 3",,FL.1,"In Use",,,2022-09-02,,0.00,7.00,0.00,0.00,0.00,1.00,0,0,0,,,,,undefine,,1,โรงพยาบาลจุฬาภรณ์100เตียง,100B01-F1,"โรงพยาบาล 100B - ชั้น 1",,,,,,,,,,CRA,,,,arthonye,2024-06-23,,0,-
1182,CARRIER,42CLS006W2L0,100B01-HVAC-FCU-1.FL-017,,100B-FCU-1FL-017,44VC7575813,,"Fan Coil Unit",,,,,,,,,"FANCOIL UNIT No.85 CAPACITY 20,120 BTU ห้องพิเศษ 4",,FL.1,"In Use",,,2022-09-02,,0.00,7.00,0.00,0.00,0.00,1.00,0,0,0,,,,,undefine,,1,โรงพยาบาลจุฬาภรณ์100เตียง,100B01-F1,"โรงพยาบาล 100B - ชั้น 1",,,,,,,,,,CRA,,,,arthonye,2024-06-23,,0,-
1183,CARRIER,42VFS008W10RN,100B01-HVAC-FCU-1.FL-018,,100B-FCU-1FL-018,44VC756537,,"Fan Coil Unit",,,,,,,,,"FANCOIL UNIT No.86 CAPACITY 26,000 BTU ห้องตรวจหัวใจ4",,FL.1,"In Use",,,2022-09-02,,0.00,7.00,0.00,0.00,0.00,1.00,0,0,0,,,,,undefine,,1,โรงพยาบาลจุฬาภรณ์100เตียง,100B01-F1,"โรงพยาบาล 100B - ชั้น 1",,,,,,,,,,CRA,,,,arthonye,2024-06-23,,0,-
1184,CARRIER,42VFS008W10RN,100B01-HVAC-FCU-1.FL-019,,100B-FCU-1FL-019,44VC7576536,,"Fan Coil Unit",,,,,,,,,"FANCOIL UNIT No.87 CAPACITY 26,100 BTU ห้องตรวจหัวใจ 2",,FL.1,"In Use",,,2022-09-02,,0.00,7.00,0.00,0.00,0.00,1.00,0,0,0,,,,,undefine,,1,โรงพยาบาลจุฬาภรณ์100เตียง,100B01-F1,"โรงพยาบาล 100B - ชั้น 1",,,,,,,,,,CRA,,,,arthonye,2024-06-23,,0,-
1185,CARRIER,42CLS0103AP,100B01-HVAC-FCU-1.FL-020,,100B-FCU-1FL-020,44VC7575841,,"Fan Coil Unit",,,,,,,,,"FANCOIL UNIT No.87 CAPACITY 32,720 BTU ห้องพักทานอาหาร",,FL.1,"In Use",,,2022-09-02,,0.00,7.00,0.00,0.00,0.00,1.00,0,0,0,,,,,undefine,,1,โรงพยาบาลจุฬาภรณ์100เตียง,100B01-F1,"โรงพยาบาล 100B - ชั้น 1",,,,,,,,,,CRA,,,,arthonye,2024-06-23,,0,-
1186,CARRIER,42CB004RHW2,100B01-HVAC-FCU-1.FL-021,,100B-FCU-1FL-021,44LB7093381,,"Fan Coil Unit",,,,,,,,,"FANCOIL UNIT No.88 ห้องพักเวณ 1",,FL.1,"In Use",,,2022-09-02,,0.00,7.00,0.00,0.00,0.00,1.00,0,0,0,,,,,undefine,,1,โรงพยาบาลจุฬาภรณ์100เตียง,100B01-F1,"โรงพยาบาล 100B - ชั้น 1",,,,,,,,,,CRA,,,,arthonye,2024-06-23,,0,-
1187,CARRIER,42CB004LHW2,100B01-HVAC-FCU-1.FL-022,,100B-FCU-1FL-022,44LC7094281,,"Fan Coil Unit",,,,,,,,,"FANCOIL UNIT No.89 CAPACITY 12,600 BTU ห้องพักเวณ 2",,FL.1,"In Use",,,2022-09-02,,0.00,7.00,0.00,0.00,0.00,1.00,0,0,0,,,,,undefine,,1,โรงพยาบาลจุฬาภรณ์100เตียง,100B01-F1,"โรงพยาบาล 100B - ชั้น 1",,,,,,,,,,CRA,,,,arthonye,2024-06-23,,0,-
1188,CARRIER,42CH004RHW2,100B01-HVAC-FCU-1.FL-023,,100B-FCU-1FL-023,44LB7093379,,"Fan Coil Unit",,,,,,,,,"FANCOIL UNIT No.90 CAPACITY 12,600 BTU ห้องพักเวณ 3",,FL.1,"In Use",,,2022-09-02,,0.00,7.00,0.00,0.00,0.00,1.00,0,0,0,,,,,undefine,,1,โรงพยาบาลจุฬาภรณ์100เตียง,100B01-F1,"โรงพยาบาล 100B - ชั้น 1",,,,,,,,,,CRA,,,,arthonye,2024-06-23,,0,-
1189,CARRIER,42CH004RHW2,100B01-HVAC-FCU-1.FL-024,,100B-FCU-1FL-024,44LE7097230,,"Fan Coil Unit",,,,,,,,,"FANCOIL UNIT No.91 CAPACITY 12,600 BTU ห้องพักเวณ 4",,FL.1,"In Use",,,2022-09-02,,0.00,7.00,0.00,0.00,0.00,1.00,0,0,0,,,,,undefine,,1,โรงพยาบาลจุฬาภรณ์100เตียง,100B01-F1,"โรงพยาบาล 100B - ชั้น 1",,,,,,,,,,CRA,,,,arthonye,2024-06-23,,0,-
1190,CARRIER,42CB004RHW2,100B01-HVAC-FCU-1.FL-025,,100B-FCU-1FL-025,44LB7093382,,"Fan Coil Unit",,,,,,,,,"FANCOIL UNIT No.91 CAPACITY 12,600 BTU ห้องพักเวณ 5",,FL.1,"In Use",,,2022-09-02,,0.00,7.00,0.00,0.00,0.00,1.00,0,0,0,,,,,undefine,,1,โรงพยาบาลจุฬาภรณ์100เตียง,100B01-F1,"โรงพยาบาล 100B - ชั้น 1",,,,,,,,,,CRA,,,,arthonye,2024-06-23,,0,-
1191,CARRIER,42CLS008W3RP,100B01-HVAC-FCU-1.FL-026,,100B-FCU-1FL-026,44VC7575840,,"Fan Coil Unit",,,,,,,,,"FANCOIL UNIT No.92 CAPACITY 28,810 BTU ห้องพักเวณหญิงรวม",,FL.1,"In Use",,,2022-09-02,,0.00,7.00,0.00,0.00,0.00,1.00,0,0,0,,,,,undefine,,1,โรงพยาบาลจุฬาภรณ์100เตียง,100B01-F1,"โรงพยาบาล 100B - ชั้น 1",,,,,,,,,,CRA,,,,arthonye,2024-06-23,,0,-
1192,CARRIER,42CLS008W3LP,100B01-HVAC-FCU-1.FL-027,,100B-FCU-1FL-027,44VC7575837,,"Fan Coil Unit",,,,,,,,,"FANCOIL UNIT No.93 CAPACITY 28,810 BTU FCU ห้องพักเวณชายรวม",,FL.1,"In Use",,,2022-09-02,,0.00,7.00,0.00,0.00,0.00,1.00,0,0,0,,,,,undefine,,1,โรงพยาบาลจุฬาภรณ์100เตียง,100B01-F1,"โรงพยาบาล 100B - ชั้น 1",,,,,,,,,,CRA,,,,arthonye,2024-06-23,,0,-
1193,CARRIER,42CB004LHW2,100B01-HVAC-FCU-1.FL-028,,100B-FCU-1FL-028,44LE7097729,,"Fan Coil Unit",,,,,,,,,"FANCOIL UNIT No.94 CAPACITY 126,000 BTU FCU ห้องพักเวณการ 1",,FL.1,"In Use",,,2022-09-02,,0.00,7.00,0.00,0.00,0.00,1.00,0,0,0,,,,,undefine,,1,โรงพยาบาลจุฬาภรณ์100เตียง,100B01-F1,"โรงพยาบาล 100B - ชั้น 1",,,,,,,,,,CRA,,,,arthonye,2024-06-23,,0,-
1194,CARRIER,42VFS008W10RN,100B01-HVAC-FCU-1.FL-029,,100B-FCU-1Fl-029,44VC7576297,,"Fan Coil Unit",,,,,,,,,"FANCOIL UNIT No.95 CAPACITY 26,100 BTU FCU เคาร์เตอร์พยาบาล",,FL.1,"In Use",,,2022-09-02,,0.00,7.00,0.00,0.00,0.00,1.00,0,0,0,,,,,undefine,,1,โรงพยาบาลจุฬาภรณ์100เตียง,100B01-F1,"โรงพยาบาล 100B - ชั้น 1",,,,,,,,,,CRA,,,,arthonye,2024-06-23,,0,-
1195,CARRIER,42CLS008W3R0,100B01-HVAC-FCU-1.FL-030,,100B-FCU-1FL-030,44VE7578876,,"Fan Coil Unit",,,,,,,,,"FANCOIL UNIT No.96 CAPACITY 28,810 BTU FCU ห้องพักศพ เครื่องที่ 1",,FL.1,"In Use",,,2022-09-02,,0.00,7.00,0.00,0.00,0.00,1.00,0,0,0,,,,,undefine,,1,โรงพยาบาลจุฬาภรณ์100เตียง,100B01-F1,"โรงพยาบาล 100B - ชั้น 1",,,,,,,,,,CRA,,,,arthonye,2024-06-23,,0,-
1196,CARRIER,42CLS006W2L0,100B01-HVAC-FCU-1.FL-031,,100B-FCU-1FL-031,44VE7578876,,"Fan Coil Unit",,,,,,,,,"FANCOIL UNIT No.97 CAPACITY 21,120 BTU FCU ห้องพักศพ เครื่องที่ 2",,FL.1,"In Use",,,2022-09-02,,0.00,7.00,0.00,0.00,0.00,1.00,0,0,0,,,,,undefine,,1,โรงพยาบาลจุฬาภรณ์100เตียง,100B01-F1,"โรงพยาบาล 100B - ชั้น 1",,,,,,,,,,CRA,,,,arthonye,2024-06-23,,0,-
1197,CARRIER,42CLS01W3R0,100B01-HVAC-FCU-1.FL-032,,100B-FCU-1FL-032,44VC7577063,,"Fan Coil Unit",,,,,,,,,"FANCOIL UNIT No.98 CAPACITY 32,720 BTU FCU ห้องทำพิธีศพ",,FL.1,"In Use",,,2022-09-02,,0.00,7.00,0.00,0.00,0.00,1.00,0,0,0,,,,,undefine,,1,โรงพยาบาลจุฬาภรณ์100เตียง,100B01-F1,"โรงพยาบาล 100B - ชั้น 1",,,,,,,,,,CRA,,,,arthonye,2024-06-23,,0,-
1198,CARRIER,42CLS008W3RE,100B01-HVAC-FCU-1.FL-033,,100B-FCU-1FL-033,44VK7587630,,"Fan Coil Unit",,,,,,,,,"FANCOIL UNIT No.99 CAPACITY 28,810 BTU FCU ห้องเปลี่ยนเสื้อผ้าเจ้าหน้าที่",,FL.1,"In Use",,,2022-09-02,,0.00,7.00,0.00,0.00,0.00,1.00,0,0,0,,,,,undefine,,1,โรงพยาบาลจุฬาภรณ์100เตียง,100B01-F1,"โรงพยาบาล 100B - ชั้น 1",,,,,,,,,,CRA,,,,arthonye,2024-06-23,,0,-
1199,CARRIER,42CLS004W2RE,100B01-HVAC-FCU-1.FL-034,,100B-FCU-1FL-034,44VA7570954,,"Fan Coil Unit",,,,,,,,,"FANCOIL UNIT No.100 CAPACITY 13,000 BTU FCU ห้องพักทานอาหารเจ้าหน้าที่ในห้องสวนหัวใจ",,FL.1,"In Use",,,2022-09-02,,0.00,7.00,0.00,0.00,0.00,1.00,0,0,0,,,,,undefine,,1,โรงพยาบาลจุฬาภรณ์100เตียง,100B01-F1,"โรงพยาบาล 100B - ชั้น 1",,,,,,,,,,CRA,,,,arthonye,2024-06-23,,0,-
1200,CARRIER,42VFS088W-10RN,100B01-HVAC-FCU-1.FL-035,,100B-FCU-1FL-035,44VC7576294,,"Fan Coil Unit",,,,,,,,,"FANCOIL UNIT No.101 CAPACITY 26,100 BTU FCU ห้องปฎิบัติการกลางและเจาะเลือด เครื่องที่ 1",,FL.1,"In Use",,,2022-09-02,,0.00,7.00,0.00,0.00,0.00,1.00,0,0,0,,,,,undefine,,1,โรงพยาบาลจุฬาภรณ์100เตียง,100B01-F1,"โรงพยาบาล 100B - ชั้น 1",,,,,,,,,,CRA,,,,arthonye,2024-06-23,,0,-
1201,CARRIER,42VFS008W-10RN,100B01-HVAC-FCU-1.FL-036,,100B-FCU-1FL036,44VC756295,,"Fan Coil Unit",,,,,,,,,"FANCOIL UNIT No.102 CAPACITY 26,100 BTU FCU ห้องปฎิบัติการกลางและเจาะเลือด เครื่องที่ 2",,FL.1,"In Use",,,2022-09-02,,0.00,7.00,0.00,0.00,0.00,1.00,0,0,0,,,,,undefine,,1,โรงพยาบาลจุฬาภรณ์100เตียง,100B01-F1,"โรงพยาบาล 100B - ชั้น 1",,,,,,,,,,CRA,,,,arthonye,2024-06-23,,0,-
1202,CARRIER,42VFS004W-10RN,100B01-HVAC-FCU-1.FL-037,,100B-FCU-1FL-037,44VC7576809,,"Fan Coil Unit",,,,,,,,,"FANCOIL UNIT No.103 CAPACITY 14,400 BTU FCU Control room เครื่องที่ 3",,FL.1,"In Use",,,2022-09-02,,0.00,7.00,0.00,0.00,0.00,1.00,0,0,0,,,,,undefine,,1,โรงพยาบาลจุฬาภรณ์100เตียง,100B01-F1,"โรงพยาบาล 100B - ชั้น 1",,,,,,,,,,CRA,,,,arthonye,2024-06-23,,0,-
1203,CARRIER,42VF004W-10R,100B01-HVAC-FCU-1.FL-038,,100B-FCU-1FL-038,44VC7576811,,"Fan Coil Unit",,,,,,,,,"FANCOIL UNIT No.104 CAPACITY 14,400 BTU FCU ห้องการเงิน",,FL.1,"In Use",,,2022-09-02,,0.00,7.00,0.00,0.00,0.00,1.00,0,0,0,,,,,undefine,,1,โรงพยาบาลจุฬาภรณ์100เตียง,100B01-F1,"โรงพยาบาล 100B - ชั้น 1",,,,,,,,,,CRA,,,,arthonye,2024-06-23,,0,-
1204,CARRIER,42VFS004W-10RN,100B01-HVAC-FCU-1.FL-039,,100B-FCU-1FL-039,44VC-7576808,,"Fan Coil Unit",,,,,,,,,"FANCOIL UNIT No.105 CAPACITY 14,400 BTU FCU ห้องเวชระเบียน",,FL.1,"In Use",,,2022-09-02,,0.00,7.00,0.00,0.00,0.00,1.00,0,0,0,,,,,undefine,,1,โรงพยาบาลจุฬาภรณ์100เตียง,100B01-F1,"โรงพยาบาล 100B - ชั้น 1",,,,,,,,,,CRA,,,,arthonye,2024-06-23,,0,-
1205,CARRIER,42VFS004W-10RN,100B01-HVAC-FCU-1.FL-040,,100B-FCU-1FL-040,44VC7576810,,"Fan Coil Unit",,,,,,,,,"FANCOIL UNIT No.106 CAPACITY 14,400 BTU FCU ห้องเภสัช",,FL.1,"In Use",,,2022-09-02,,0.00,7.00,0.00,0.00,0.00,1.00,0,0,0,,,,,undefine,,1,โรงพยาบาลจุฬาภรณ์100เตียง,100B01-F1,"โรงพยาบาล 100B - ชั้น 1",,,,,,,,,,CRA,,,,arthonye,2024-06-23,,0,-
1206,CARRIER,42VFS008W-10RN,100B01-HVAC-FCU-1.FL-041,,100B-FCU-1FL-041,44VC7576296,,"Fan Coil Unit",,,,,,,,,"FANCOIL UNIT No.107 CAPACITY 26,100 BTU FCU ห้องคลังยา",,FL.1,"In Use",,,2022-09-02,,0.00,7.00,0.00,0.00,0.00,1.00,0,0,0,,,,,undefine,,1,โรงพยาบาลจุฬาภรณ์100เตียง,100B01-F1,"โรงพยาบาล 100B - ชั้น 1",,,,,,,,,,CRA,,,,arthonye,2024-06-23,,0,-
1207,CARRIER,42CLS006W3R0,100B01-HVAC-FCU-1.FL-042,,100B-FCU-1FL-042,44VC7575174,,"Fan Coil Unit",,,,,,,,,"FANCOIL UNIT No.108 ห้องรังสีเจ้าหน้าที่ Control โซนฉุกเฉิน",,FL.1,"In Use",,,2022-09-02,,0.00,7.00,0.00,0.00,0.00,1.00,0,0,0,,,,,undefine,,1,โรงพยาบาลจุฬาภรณ์100เตียง,100B01-F1,"โรงพยาบาล 100B - ชั้น 1",,,,,,,,,,CRA,,,,arthonye,2024-06-23,,0,-
1208,CARRIER,42VFS004W-10RN,100B01-HVAC-FCU-1.FL-043,,100B-FCU-1FL-043,44VSJ585384,,"Fan Coil Unit",,,,,,,,,"FANCOIL UNIT No.109 CAPACITY 14,400 BTU ห้องขยะติดเชื้อ เครื่องที่ 1",,FL.1,"In Use",,,2022-09-02,,0.00,7.00,0.00,0.00,0.00,1.00,0,0,0,,,,,undefine,,1,โรงพยาบาลจุฬาภรณ์100เตียง,100B01-F1,"โรงพยาบาล 100B - ชั้น 1",,,,,,,,,,CRA,,,,arthonye,2024-06-23,,0,-
1209,CARRIER,42VFS004W-10RN,100B01-HVAC-FCU-1.FL-044,,100B-FCU-1FL-044,44VJ585380,,"Fan Coil Unit",,,,,,,,,"FANCOIL UNIT No.110 CAPACITY 14,400 BTU ห้องขยะติดเชื้อ เครื่องที่ 2",,FL.1,"In Use",,,2022-09-02,,0.00,7.00,0.00,0.00,0.00,1.00,0,0,0,,,,,undefine,,1,โรงพยาบาลจุฬาภรณ์100เตียง,100B01-F1,"โรงพยาบาล 100B - ชั้น 1",,,,,,,,,,CRA,,,,arthonye,2024-06-23,,0,-
1210,CARRIER,42CLS006W2RE,100B01-HVAC-FCU-1.FL-045,,100B-FCU-1FL-045,44VG7583360,,"Fan Coil Unit",,,,,,,,,"FANCOIL UNIT No.111 CAPACITY 20,120 BTU ห้องรับประทานอาหารในโซน โซโน",,FL.1,"In Use",,,2022-09-02,,0.00,7.00,0.00,0.00,0.00,1.00,0,0,0,,,,,undefine,,1,โรงพยาบาลจุฬาภรณ์100เตียง,100B01-F1,"โรงพยาบาล 100B - ชั้น 1",,,,,,,,,,CRA,,,,arthonye,2024-06-23,,0,-
1211,CARRIER,42CLS004W2R0,100B01-HVAC-FCU-1.FL-046,,100B-FCU-1FL-046,44VF7581197,,"Fan Coil Unit",,,,,,,,,"FANCOIL UNIT No.112 ห้อง ICU",,FL.1,"In Use",,,2022-09-02,,0.00,7.00,0.00,0.00,0.00,1.00,0,0,0,,,,,undefine,,1,โรงพยาบาลจุฬาภรณ์100เตียง,100B01-F1,"โรงพยาบาล 100B - ชั้น 1",,,,,,,,,,CRA,,,,arthonye,2024-06-23,,0,-
1212,CARRIER,N/A,100B01-HVAC-FCU-1.FL-047,,100B-FCU-1FL-047,N/A,,"Fan Coil Unit",,,,,,,,,"FANCOIL UNIT No.113 ห้อง X-ray คอมพิวเตอร์ ฉุกเฉิน",,FL.1,"In Use",,,2022-09-02,,0.00,7.00,0.00,0.00,0.00,1.00,0,0,0,,,,,undefine,,1,โรงพยาบาลจุฬาภรณ์100เตียง,100B01-F1,"โรงพยาบาล 100B - ชั้น 1",,,,,,,,,,CRA,,,,arthonye,2024-06-23,,0,-
1213,CARRIER,42CL5006W2LE,100B01-HVAC-FCU-1.FL-048,,100B-FCU-1FL-048,44VG7583356,,"Fan Coil Unit",,,,,,,,,"FANCOIL UNIT No.114 ห้องเดิม สนง. ตัดต่อโซโน",,FL.1,"In Use",,,2022-09-02,,0.00,7.00,0.00,0.00,0.00,1.00,0,0,0,,,,,undefine,,1,โรงพยาบาลจุฬาภรณ์100เตียง,100B01-F1,"โรงพยาบาล 100B - ชั้น 1",,,,,,,,,,CRA,,,,arthonye,2024-06-23,,0,-
1214,CARRIER,42CLS010W3RE,100B01-HVAC-FCU-1.FL-049,,100B-FCU-1FL-049,44VG7583362,,"Fan Coil Unit",,,,,,,,,"FANCOIL UNIT No.115 โถงทางเดิน",,FL.1,"In Use",,,2022-09-02,,0.00,7.00,0.00,0.00,0.00,1.00,0,0,0,,,,,undefine,,1,โรงพยาบาลจุฬาภรณ์100เตียง,100B01-F1,"โรงพยาบาล 100B - ชั้น 1",,,,,,,,,,CRA,,,,arthonye,2024-06-23,,0,-
1215,CARRIER,42CLS006W2RE,100B01-HVAC-FCU-1.FL-050,,100B-FCU-1FL-050,44VG7583359,,"Fan Coil Unit",,,,,,,,,"FANCOIL UNIT No.116 โถงทางเดิน",,FL.1,"In Use",,,2022-09-02,,0.00,7.00,0.00,0.00,0.00,1.00,0,0,0,,,,,undefine,,1,โรงพยาบาลจุฬาภรณ์100เตียง,100B01-F1,"โรงพยาบาล 100B - ชั้น 1",,,,,,,,,,CRA,,,,arthonye,2024-06-23,,0,-
1216,CARRIER,42CH004W2L0,100B01-HVAC-FCU-1.FL-051,,100B-FCU-1FL-051,44VK7284460,,"Fan Coil Unit",,,,,,,,,"FANCOIL UNIT No.116 CAPACITY 12,100 BTU ห้องโภชนาการ เครื่องที่ 2",,FL.1,"In Use",,,2022-09-02,,0.00,7.00,0.00,0.00,0.00,1.00,0,0,0,,,,,undefine,,1,โรงพยาบาลจุฬาภรณ์100เตียง,100B01-F1,"โรงพยาบาล 100B - ชั้น 1",,,,,,,,,,CRA,,,,arthonye,2024-06-23,,0,-
1217,CARRIER,42CH004W2LD,100B01-HVAC-FCU-1.FL-052,,100B-FCU-1FL-052,44VK7284460,,"Fan Coil Unit",,,,,,,,,"FANCOIL UNIT No.117 CAPACITY 12,100 BTU ห้องสนง.โภชนาการ เคริ่องที่ 3",,FL.1,"In Use",,,2022-09-02,,0.00,7.00,0.00,0.00,0.00,1.00,0,0,0,,,,,undefine,,1,โรงพยาบาลจุฬาภรณ์100เตียง,100B01-F1,"โรงพยาบาล 100B - ชั้น 1",,,,,,,,,,CRA,,,,arthonye,2024-06-23,,0,-
1218,CARRIER,N/A,100B01-HVAC-FCU-1.FL-053,,100B-FCU-1FL-053,,,"Fan Coil Unit",,,,,,,,,"FANCOIL UNIT No.118 โถงลิฟท์ส่วนพระองค์",,FL.1,"In Use",,,2022-09-12,,0.00,7.00,0.00,0.00,0.00,1.00,0,0,0,,,,,undefine,,1,โรงพยาบาลจุฬาภรณ์100เตียง,100B01-F1,"โรงพยาบาล 100B - ชั้น 1",,,,,,,,,,CRA,,,,arthonye,2024-06-23,,0,-
1219,CARRIER,42CHBS012W10-RAD,100B01-HVAC-FCU-1.FL-054,,100B-FCU-1FL-054,44CB6002022,,"Fan Coil Unit",,,,,,,,,"FANCOIL UNIT No.119 CAPACITY 13,000 BTU ห้องศูนย์ Referral Call center",,FL.1,"In Use",,,2022-09-05,,0.00,7.00,0.00,0.00,0.00,1.00,0,0,0,,,,,undefine,,1,โรงพยาบาลจุฬาภรณ์100เตียง,100B01-F1,"โรงพยาบาล 100B - ชั้น 1",,,,,,,,,,CRA,,,,arthonye,2024-06-23,,0,-
1220,CARRIER,42CHBS018W10-RAD,100B01-HVAC-FCU-1.FL-055,,100B-FCU-1FL-055,44CB6001972,,"Fan Coil Unit",,,,,,,,,"FANCOIL UNIT No.120 CAPACITY 18,000 BTU ห้องเก็บอุปกรณ์การแพทย์ ER",,FL.1,"In Use",,,2022-09-05,,0.00,7.00,0.00,0.00,0.00,1.00,0,0,0,,,,,undefine,,1,โรงพยาบาลจุฬาภรณ์100เตียง,100B01-F1,"โรงพยาบาล 100B - ชั้น 1",,,,,,,,,,CRA,,,,arthonye,2024-06-23,,0,-
1221,CARRIER,42HBS012W-10RAD,100B01-HVAC-FCU-1.FL-056,,100B-FCU-1FL-056,44CB6002001,,"Fan Coil Unit",,,,,,,,,"FANCOIL UNIT No.121 CAPACITY 13,000 BTU ห้องวัดรังสี ER",,FL.1,"In Use",,,2022-09-05,,0.00,7.00,0.00,0.00,0.00,1.00,0,0,0,,,,,undefine,,1,โรงพยาบาลจุฬาภรณ์100เตียง,100B01-F1,"โรงพยาบาล 100B - ชั้น 1",,,,,,,,,,CRA,,,,arthonye,2024-06-23,,0,-
1222,CARRIER,42CHBS012W,100B01-HVAC-FCU-1.FL-057,,100B-FCU-1FL-057,44CB6002025,,"Fan Coil Unit",,,,,,,,,"FANCOIL UNIT No.122 CAPACITY 13,000 BTU ห้องแยกผู้ป่วย",,FL.1,"In Use",,,2022-09-05,,0.00,7.00,0.00,0.00,0.00,1.00,0,0,0,,,,,undefine,,1,โรงพยาบาลจุฬาภรณ์100เตียง,100B01-F1,"โรงพยาบาล 100B - ชั้น 1",,,,,,,,,,CRA,,,,arthonye,2024-06-23,,0,-
1223,CARRIER,42CH004W2L0,100B01-HVAC-FCU-1.FL-058,,100B-FCU-1FL-058,44VH7278606,,"Fan Coil Unit",,,,,,,,,"FANCOIL UNIT No.123 CAPACITY 12,109 BTU ห้องควบคุม 108",,FL.1,"In Use",,,2022-09-05,,0.00,7.00,0.00,0.00,0.00,1.00,0,0,0,,,,,undefine,,1,โรงพยาบาลจุฬาภรณ์100เตียง,100B01-F1,"โรงพยาบาล 100B - ชั้น 1",,,,,,,,,,CRA,,,,arthonye,2024-06-23,,0,-
1224,CARRIER,42CH004W2L0,100B01-HVAC-FCU-1.FL-059,,100B-FCU-1FL-059,44VH7278607,,"Fan Coil Unit",,,,,,,,,"FANCOIL UNIT No.124 CAPACITY 12,100 BTU ห้องสังคมสงเคราะห์",,FL.1,"In Use",,,2022-09-05,,0.00,7.00,0.00,0.00,0.00,1.00,0,0,0,,,,,undefine,,1,โรงพยาบาลจุฬาภรณ์100เตียง,100B01-F1,"โรงพยาบาล 100B - ชั้น 1",,,,,,,,,,CRA,,,,arthonye,2024-06-23,,0,-
1225,CARRIER,42CH006W3R0,100B01-HVAC-FCU-1.FL-060,,100B-FCU-1FL-060,44VJ7281746,,"Fan Coil Unit",,,,,,,,,"FANCOIL UNIT No.125 CAPACITY 19,450 BTU ห้องการเงิน",,FL.1,"In Use",,,2022-09-05,,0.00,7.00,0.00,0.00,0.00,1.00,0,0,0,,,,,undefine,,1,โรงพยาบาลจุฬาภรณ์100เตียง,100B01-F1,"โรงพยาบาล 100B - ชั้น 1",,,,,,,,,,CRA,,,,arthonye,2024-06-23,,0,-
1226,CARRIER,N/A,100B01-HVAC-FCU-1.FL-061,,100B-FCU-1FL-061,N/A,,"Fan Coil Unit",,,,,,,,,"FANCOIL UNIT No.126 ห้องผลิตภัณฑ์ที่ระลึกในพระราชดำริ 906 เครื่องที่ 1 Cassette type",,FL.1,"In Use",,,2022-09-05,,0.00,7.00,0.00,0.00,0.00,1.00,0,0,0,,,,,undefine,,1,โรงพยาบาลจุฬาภรณ์100เตียง,100B01-F1,"โรงพยาบาล 100B - ชั้น 1",,,,,,,,,,CRA,,,,arthonye,2024-06-23,,0,-
1227,CARRIER,N/A,100B01-HVAC-FCU-1.FL-062,,100B-FCU-1FL-062,,,"Fan Coil Unit",,,,,,,,,"FANCOIL UNIT No.127 ห้องผลิตภัณฑ์ที่ระลึกในพระราชดำริ 906 เครื่องที่ 2 Cassette type",,FL.1,"In Use",,,2022-09-05,,0.00,7.00,0.00,0.00,0.00,1.00,0,0,0,,,,,undefine,,1,โรงพยาบาลจุฬาภรณ์100เตียง,100B01-F1,"โรงพยาบาล 100B - ชั้น 1",,,,,,,,,,CRA,,,,arthonye,2024-06-23,,0,-
1228,CARRIER,42JB004CWRH,100B01-HVAC-FCU-1.FL-063,,100B-FCU-1FL-063,44VJ7280700,,"Fan Coil Unit",,,,,,,,,"FANCOIL UNIT No.128 CAPACITY 13,480 BTU ห้องพักแพทย์ ER",,FL.1,"In Use",,,2022-09-05,,0.00,7.00,0.00,0.00,0.00,1.00,0,0,0,,,,,undefine,,1,โรงพยาบาลจุฬาภรณ์100เตียง,100B01-F1,"โรงพยาบาล 100B - ชั้น 1",,,,,,,,,,CRA,,,,arthonye,2024-06-23,,0,-
1237,CARRIER,42CLS004W2L0,100B01-HVAC-FCU-2.FL-009,,100B-FCU-2FL-009,44VG9625509,,"Fan Coil Unit",,,,,,,,,"FANCOIL UNIT No.137 CAPACITY 13,000 BTU ห้องตรวจ 5 OPD Zone B",,FL.1,"In Use",,,2022-09-06,,0.00,7.00,0.00,0.00,0.00,1.00,0,0,0,,,,,undefine,,1,โรงพยาบาลจุฬาภรณ์100เตียง,100B01-F1,"โรงพยาบาล 100B - ชั้น 1",,,,,,,,,,CRA,,,,arthonye,2024-06-23,,0,-
1229,CARRIER,42VDT004W-10RNAD,100B01-HVAC-FCU-2.FL-001,,100B-FCU-2FL-001,44VJ1415512,,"Fan Coil Unit",,,,,,,,,"FANCOIL UNIT No.129 CAPACITY 12,800 BTU ห้องตรวจ 4",,FL.2,"In Use",,,2022-09-06,,0.00,7.00,0.00,0.00,0.00,1.00,0,0,0,,,,,undefine,,1,โรงพยาบาลจุฬาภรณ์100เตียง,100B01-F2,"โรงพยาบาล 100B - ชั้น 2",,,,,,,,,,CRA,,,,arthonye,2024-06-23,,0,-
1230,CARRIER,42JB006CWRH,100B01-HVAC-FCU-2.FL-002,,100B-FCU-2FL-002,44VK7284018,,"Fan Coil Unit",,,,,,,,,"FANCOIL UNIT No.130 CAPACITY 23,100 BTU ห้องเจาะเลือด",,FL.2,"In Use",,,2022-09-06,,0.00,7.00,0.00,0.00,0.00,1.00,0,0,0,,,,,undefine,,1,โรงพยาบาลจุฬาภรณ์100เตียง,100B01-F2,"โรงพยาบาล 100B - ชั้น 2",,,,,,,,,,CRA,,,,arthonye,2024-06-23,,0,-
1231,CARRIER,42CH008W3L0,100B01-HVAC-FCU-2.FL-003,,100B-FCU-2FL-003,44VH7278751,,"Fan Coil Unit",,,,,,,,,"FANCOIL UNIT No.131 CAPACITY 24,290 BTU ห้องให้คำปรึกษาโภชนาการ",,FL.2,"In Use",,,2022-09-06,,0.00,7.00,0.00,0.00,0.00,1.00,0,0,0,,,,,undefine,,1,โรงพยาบาลจุฬาภรณ์100เตียง,100B01-F2,"โรงพยาบาล 100B - ชั้น 2",,,,,,,,,,CRA,,,,arthonye,2024-06-23,,0,-
1232,CARRIER,42CH014W4R0,100B01-HVAC-FCU-2.FL-004,,100B-FCU-2FL-004,44VK7284830,,"Fan Coil Unit",,,,,,,,,"FANCOIL UNIT No.132 CAPACITY 56,300 BTU โถงทางเดินหน้าห้องน้ำ",,FL.2,"In Use",,,2022-09-06,,0.00,7.00,0.00,0.00,0.00,1.00,0,0,0,,,,,undefine,,1,โรงพยาบาลจุฬาภรณ์100เตียง,100B01-F2,"โรงพยาบาล 100B - ชั้น 2",,,,,,,,,,CRA,,,,arthonye,2024-06-23,,0,-
1233,CARRIER,42CLS004W2L0,100B01-HVAC-FCU-2.FL-005,,100B-FCU-2FL-005,44VG9625391,,"Fan Coil Unit",,,,,,,,,"FANCOIL UNIT No.133 CAPACITY 13,000 BTU ห้องตรวจ 1 OPD Zone B",,FL.2,"In Use",,,2022-09-06,,0.00,7.00,0.00,0.00,0.00,1.00,0,0,0,,,,,undefine,,1,โรงพยาบาลจุฬาภรณ์100เตียง,100B01-F2,"โรงพยาบาล 100B - ชั้น 2",,,,,,,,,,CRA,,,,arthonye,2024-06-23,,0,-
1234,CARRIER,42CLS004W2L0,100B01-HVAC-FCU-2.FL-006,,100B-FCU-2FL-006,44VG9625396,,"Fan Coil Unit",,,,,,,,,"FANCOIL UNIT No.134 CAPACITY 13,000 BTU ห้องตรวจ 2 OPD Zone B",,FL.2,"In Use",,,2022-09-06,,0.00,7.00,0.00,0.00,0.00,1.00,0,0,0,,,,,undefine,,1,โรงพยาบาลจุฬาภรณ์100เตียง,100B01-F2,"โรงพยาบาล 100B - ชั้น 2",,,,,,,,,,CRA,,,,arthonye,2024-06-23,,0,-
1235,CARRIER,42CLS004W2L0,100B01-HVAC-FCU-2.FL-007,,100B-FCU-2FL-007,44VG9625407,,"Fan Coil Unit",,,,,,,,,"FANCOIL UNIT No.135 CAPACITY 13,000 BTU ห้องตรวจ 3 OPD Zone B",,FL.2,"In Use",,,2022-09-06,,0.00,7.00,0.00,0.00,0.00,1.00,0,0,0,,,,,undefine,,1,โรงพยาบาลจุฬาภรณ์100เตียง,100B01-F2,"โรงพยาบาล 100B - ชั้น 2",,,,,,,,,,CRA,,,,arthonye,2024-06-23,,0,-
1236,CARRIER,42CLS004W2L0,100B01-HVAC-FCU-2.FL-008,,100B-FCU-2FL-008,44VG9625392,,"Fan Coil Unit",,,,,,,,,"FANCOIL UNIT No.136 CAPACITY 13,000 BTU ห้องตรวจ 4 OPD Zone B",,FL.2,"In Use",,,2022-09-06,,0.00,7.00,0.00,0.00,0.00,1.00,0,0,0,,,,,undefine,,1,โรงพยาบาลจุฬาภรณ์100เตียง,100B01-F2,"โรงพยาบาล 100B - ชั้น 2",,,,,,,,,,CRA,,,,arthonye,2024-06-23,,0,-
1238,CARRIER,42CLS004W2L0,100B01-HVAC-FCU-2.FL-010,,100B-FCU-2FL-010,44VC9625393,,"Fan Coil Unit",,,,,,,,,"FANCOIL UNIT No.138 CAPACITY 13,000 BTU ห้องตรวจ 6 OPD Zone B",,FL.2,"In Use",,,2022-09-06,,0.00,7.00,0.00,0.00,0.00,1.00,0,0,0,,,,,undefine,,1,โรงพยาบาลจุฬาภรณ์100เตียง,100B01-F2,"โรงพยาบาล 100B - ชั้น 2",,,,,,,,,,CRA,,,,arthonye,2024-06-23,,0,-
1239,CARRIER,42CLS004W2L0,100B01-HVAC-FCU-2.FL-011,,100B-FCU-2FL-011,44VG9625394,,"Fan Coil Unit",,,,,,,,,"FANCOIL UNIT No.139 CAPACITY 13,000 BTU ห้องตรวจ 7 OPD Zone B",,FL.2,"In Use",,,2022-09-06,,0.00,7.00,0.00,0.00,0.00,1.00,0,0,0,,,,,undefine,,1,โรงพยาบาลจุฬาภรณ์100เตียง,100B01-F2,"โรงพยาบาล 100B - ชั้น 2",,,,,,,,,,CRA,,,,arthonye,2024-06-23,,0,-
1240,CARRIER,42CLS020W4L0,100B01-HVAC-FCU-2.FL-012,,100B-FCU-2FL-012,44VH9629089,,"Fan Coil Unit",,,,,,,,,"FANCOIL UNIT No.140 CAPACITY 75,770 BTU โถงภายในห้องตรวจ / เครื่องที่ 2 หลังห้องOPD Zone B",,FL.2,"In Use",,,2022-09-06,,0.00,7.00,0.00,0.00,0.00,1.00,0,0,0,,,,,undefine,,1,โรงพยาบาลจุฬาภรณ์100เตียง,100B01-F2,"โรงพยาบาล 100B - ชั้น 2",,,,,,,,,,CRA,,,,arthonye,2024-06-23,,0,-
1241,CARRIER,42CLS004W2L0,100B01-HVAC-FCU-2.FL-013,,100B-FCU-2FL-013,44VG9625399,,"Fan Coil Unit",,,,,,,,,"FANCOIL UNIT No.140 CAPACITY 13,000 BTU ห้องตรวจ 8 OPD Zone B",,FL.2,"In Use",,,2022-09-06,,0.00,7.00,0.00,0.00,0.00,1.00,0,0,0,,,,,undefine,,1,โรงพยาบาลจุฬาภรณ์100เตียง,100B01-F2,"โรงพยาบาล 100B - ชั้น 2",,,,,,,,,,CRA,,,,arthonye,2024-06-23,,0,-
1242,CARRIER,42CLS004W2L0,100B01-HVAC-FCU-2.FL-014,,100B-FCU-2FL-014,44VG9625403,,"Fan Coil Unit",,,,,,,,,"FANCOIL UNIT No.141 CAPACITY 13,000 BTU ห้องตรวจ 9 OPD Zone B",,FL.2,"In Use",,,2022-09-06,,0.00,7.00,0.00,0.00,0.00,1.00,0,0,0,,,,,undefine,,1,โรงพยาบาลจุฬาภรณ์100เตียง,100B01-F2,"โรงพยาบาล 100B - ชั้น 2",,,,,,,,,,CRA,,,,arthonye,2024-06-23,,0,-
1243,CARRIER,42CLS004W2L0,100B01-HVAC-FCU-2.FL-015,,100B-FCU-2FL-015,44VG9625395,,"Fan Coil Unit",,,,,,,,,"FANCOIL UNIT No.142 CAPACITY 13,000 BTU ห้องตรวจ 10 OPD Zone B",,FL.2,"In Use",,,2022-09-06,,0.00,7.00,0.00,0.00,0.00,1.00,0,0,0,,,,,undefine,,1,โรงพยาบาลจุฬาภรณ์100เตียง,100B01-F2,"โรงพยาบาล 100B - ชั้น 2",,,,,,,,,,CRA,,,,arthonye,2024-06-23,,0,-
1244,CARRIER,42CLS004W2L0,100B01-HVAC-FCU-2.FL-016,,100B-FCU-2FL-016,44VG9625397,,"Fan Coil Unit",,,,,,,,,"FANCOIL UNIT No.143 CAPACITY 13,000 BTU ห้องตรวจ 11 OPD Zone B",,FL.2,"In Use",,,2022-09-06,,0.00,7.00,0.00,0.00,0.00,1.00,0,0,0,,,,,undefine,,1,โรงพยาบาลจุฬาภรณ์100เตียง,100B01-F2,"โรงพยาบาล 100B - ชั้น 2",,,,,,,,,,CRA,,,,arthonye,2024-06-23,,0,-
1245,CARRIER,42CLS004W2L0,100B01-HVAC-FCU-2.FL-017,,100B-FCU-2FL-017,44VG9625398,,"Fan Coil Unit",,,,,,,,,"FANCOIL UNIT No.144 CAPACITY 13,000 BTU ห้องตรวจ 12 OPD Zone B",,FL.2,"In Use",,,2022-09-06,,0.00,7.00,0.00,0.00,0.00,1.00,0,0,0,,,,,undefine,,1,โรงพยาบาลจุฬาภรณ์100เตียง,100B01-F2,"โรงพยาบาล 100B - ชั้น 2",,,,,,,,,,CRA,,,,arthonye,2024-06-23,,0,-
1246,CARRIER,42CLS004W2R0,100B01-HVAC-FCU-2.FL-018,,100B-FCU-2FL-018,44VG9626499,,"Fan Coil Unit",,,,,,,,,"FANCOIL UNIT No.145 CAPACITY 13,000 BTU ห้อง Staff OPD Zone B",,FL.2,"In Use",,,2022-09-06,,0.00,7.00,0.00,0.00,0.00,1.00,0,0,0,,,,,undefine,,1,โรงพยาบาลจุฬาภรณ์100เตียง,100B01-F2,"โรงพยาบาล 100B - ชั้น 2",,,,,,,,,,CRA,,,,arthonye,2024-06-23,,0,-
1247,CARRIER,42CLS006W2L0,100B01-HVAC-FCU-2.FL-019,,100B-FCU-2FL-019,44VH9629141,,"Fan Coil Unit",,,,,,,,,"FANCOIL UNIT No.146 CAPACITY 20,120 BTU ห้อง Treatment OPD Zone B",,FL.2,"In Use",,,2022-09-06,,0.00,7.00,0.00,0.00,0.00,1.00,0,0,0,,,,,undefine,,1,โรงพยาบาลจุฬาภรณ์100เตียง,100B01-F2,"โรงพยาบาล 100B - ชั้น 2",,,,,,,,,,CRA,,,,arthonye,2024-06-23,,0,-
1248,CARRIER,42CLS020W4L0,100B01-HVAC-FCU-2.FL-020,,100B-FCU-2FL-020,44VG9625478,,"Fan Coil Unit",,,,,,,,,"FANCOIL UNIT No.147 CAPACITY 75,770 BTU โถงภายในห้องตรวจ/เครื่องที่1 หน้าห้อง OPD Zone B",,FL.2,"In Use",,,2022-09-06,,0.00,7.00,0.00,0.00,0.00,1.00,0,0,0,,,,,undefine,,1,โรงพยาบาลจุฬาภรณ์100เตียง,100B01-F2,"โรงพยาบาล 100B - ชั้น 2",,,,,,,,,,CRA,,,,arthonye,2024-06-23,,0,-
1249,CARRIER,42CLS020W4L0,100B01-HVAC-FCU-2.FL-021,,100B-FCU-2FL-021,44VG9625480,,"Fan Coil Unit",,,,,,,,,"FANCOIL UNIT No.148 CAPACITY 75,770 BTU โถงหน้าห้อง OPD Zone B ประตูทางเข้าห้องตรวจ",,FL.2,"In Use",,,2022-09-06,,0.00,7.00,0.00,0.00,0.00,1.00,0,0,0,,,,,undefine,,1,โรงพยาบาลจุฬาภรณ์100เตียง,100B01-F2,"โรงพยาบาล 100B - ชั้น 2",,,,,,,,,,CRA,,,,arthonye,2024-06-23,,0,-
1250,CARRIER,42CH010W3R0,100B01-HVAC-FCU-2.FL-022,,100B-FCU-2FL-022,44VJ7283320,,"Fan Coil Unit",,,,,,,,,"FANCOIL UNIT No.149 CAPACITY 30,570 BTU ห้องเก็บผ้าเครื่องที่ 1",,FL.2,"In Use",,,2022-09-06,,0.00,7.00,0.00,0.00,0.00,1.00,0,0,0,,,,,undefine,,1,โรงพยาบาลจุฬาภรณ์100เตียง,100B01-F2,"โรงพยาบาล 100B - ชั้น 2",,,,,,,,,,CRA,,,,arthonye,2024-06-23,,0,-
1251,CARRIER,42CH010W3L0,100B01-HVAC-FCU-2.FL-023,,100B-FCU-2FL-023,44VH727891,,"Fan Coil Unit",,,,,,,,,"FANCOIL UNIT No.150 CAPACITY 30,570 BTU ห้องเก็บผ้าเครื่องที่ 2",,FL.2,"In Use",,,2022-09-06,,0.00,7.00,0.00,0.00,0.00,1.00,0,0,0,,,,,undefine,,1,โรงพยาบาลจุฬาภรณ์100เตียง,100B01-F2,"โรงพยาบาล 100B - ชั้น 2",,,,,,,,,,CRA,,,,arthonye,2024-06-23,,0,-
1252,CARRIER,42CH010W3R0,100B01-HVAC-FCU-2.FL-024,,100B-FCU-2FL-024,44VJ7283321,,"Fan Coil Unit",,,,,,,,,"FANCOIL UNIT No.151 CAPACITY 30,570 BTU ห้องหัตการ 1 OPD Zone A",,FL.2,"In Use",,,2022-09-06,,0.00,7.00,0.00,0.00,0.00,1.00,0,0,0,,,,,undefine,,1,โรงพยาบาลจุฬาภรณ์100เตียง,100B01-F2,"โรงพยาบาล 100B - ชั้น 2",,,,,,,,,,CRA,,,,arthonye,2024-06-23,,0,-
1253,CARRIER,42CH006W3L0,100B01-HVAC-FCU-2.FL-025,,100B-FCU-2FL-025,44VH7278668,,"Fan Coil Unit",,,,,,,,,"FANCOIL UNIT No.152 CAPACITY 19,450 BTU ห้องลงทะเบียน OPD Zone A",,FL.2,"In Use",,,2022-09-06,,0.00,7.00,0.00,0.00,0.00,1.00,0,0,0,,,,,undefine,,1,โรงพยาบาลจุฬาภรณ์100เตียง,100B01-F2,"โรงพยาบาล 100B - ชั้น 2",,,,,,,,,,CRA,,,,arthonye,2024-06-23,,0,-
1254,CARRIER,42CH006W3L0,100B01-HVAC-FCU-2.FL-026,,100B-FCU-2FL-026,44VH7278672,,"Fan Coil Unit",,,,,,,,,"FANCOIL UNIT No.153 CAPACITY 19,450 BTU ห้องตรวจหนึ่ง Zone A",,FL.2,"In Use",,,2022-09-06,,0.00,7.00,0.00,0.00,0.00,1.00,0,0,0,,,,,undefine,,1,โรงพยาบาลจุฬาภรณ์100เตียง,100B01-F2,"โรงพยาบาล 100B - ชั้น 2",,,,,,,,,,CRA,,,,arthonye,2024-06-23,,0,-
1255,CARRIER,42CLS004W2R0,100B01-HVAC-FCU-2.FL-027,,100B-FCU-2FL-027,44VG9626499,,"Fan Coil Unit",,,,,,,,,"FANCOIL UNIT No.154 CAPACITY 19,450 BTU ห้องตรวจ 1 OPD Zone B",,FL.2,"In Use",,,2022-09-06,,0.00,7.00,0.00,0.00,0.00,1.00,0,0,0,,,,,undefine,,1,โรงพยาบาลจุฬาภรณ์100เตียง,100B01-F2,"โรงพยาบาล 100B - ชั้น 2",,,,,,,,,,CRA,,,,arthonye,2024-06-23,,0,-
1256,CARRIER,42CLD006W2L0,100B01-HVAC-FCU-2.FL-028,,100B-FCU-2FL-028,44VH9629141,,"Fan Coil Unit",,,,,,,,,"FANCOIL UNIT No.155 CAPACITY 20,120 BTU ห้องตรวจ 2 OPD Zone B",,FL.2,"In Use",,,2022-09-06,,0.00,7.00,0.00,0.00,0.00,1.00,0,0,0,,,,,undefine,,1,โรงพยาบาลจุฬาภรณ์100เตียง,100B01-F2,"โรงพยาบาล 100B - ชั้น 2",,,,,,,,,,CRA,,,,arthonye,2024-06-23,,0,-
1257,CARRIER,42CLD006W2L0,100B01-HVAC-FCU-2.FL-029,,100B-FCU-2FL-029,44VG9625398,,"Fan Coil Unit",,,,,,,,,"FANCOIL UNIT No.156 CAPACITY 13,000 BTU ห้องตรวจ 3 OPD Zone B",,FL.2,"In Use",,,2022-09-06,,0.00,7.00,0.00,0.00,0.00,1.00,0,0,0,,,,,undefine,,1,โรงพยาบาลจุฬาภรณ์100เตียง,100B01-F2,"โรงพยาบาล 100B - ชั้น 2",,,,,,,,,,CRA,,,,arthonye,2024-06-23,,0,-
1258,CARRIER,42CLS004W2L0,100B01-HVAC-FCU-2.FL-030,,100B-FCU-2FL-030,44VG9625397,,"Fan Coil Unit",,,,,,,,,"FANCOIL UNIT No.157 CAPACITY 13,000 BTU ห้องตรวจ 4 OPD Zone B",,FL.2,"In Use",,,2022-09-06,,0.00,7.00,0.00,0.00,0.00,1.00,0,0,0,,,,,undefine,,1,โรงพยาบาลจุฬาภรณ์100เตียง,100B01-F2,"โรงพยาบาล 100B - ชั้น 2",,,,,,,,,,CRA,,,,arthonye,2024-06-23,,0,-
1259,CARRIER,42CLS004W2L0,100B01-HVAC-FCU-2.FL-031,,100B-FCU-2FL-031,44VG9626306,,"Fan Coil Unit",,,,,,,,,"FANCOIL UNIT No.158 CAPACITY 13,000 BTU ห้องตรวจ 5 OPD Zone B",,FL.2,"In Use",,,2022-09-06,,0.00,7.00,0.00,0.00,0.00,1.00,0,0,0,,,,,undefine,,1,โรงพยาบาลจุฬาภรณ์100เตียง,100B01-F2,"โรงพยาบาล 100B - ชั้น 2",,,,,,,,,,CRA,,,,arthonye,2024-06-23,,0,-
1260,CARRIER,42CLS004W2L0,100B01-HVAC-FCU-2.FL-032,,100B-FCU-2FL-032,44VG9625403,,"Fan Coil Unit",,,,,,,,,"FANCOIL UNIT No.159 CAPACITY 13,000 BTU ห้องตรวจ 6 OPD Zone B",,FL.2,"In Use",,,2022-09-06,,0.00,7.00,0.00,0.00,0.00,1.00,0,0,0,,,,,undefine,,1,โรงพยาบาลจุฬาภรณ์100เตียง,100B01-F2,"โรงพยาบาล 100B - ชั้น 2",,,,,,,,,,CRA,,,,arthonye,2024-06-23,,0,-
1261,CARRIER,42CLS004W2L0,100B01-HVAC-FCU-2.FL-033,,100B-FCU-2FL-033,44VG9625399,,"Fan Coil Unit",,,,,,,,,"FANCOIL UNIT No.160 CAPACITY 13,000 BTU ห้องตรวจ 7 OPD Zone B",,FL.2,"In Use",,,2022-09-06,,0.00,7.00,0.00,0.00,0.00,1.00,0,0,0,,,,,undefine,,1,โรงพยาบาลจุฬาภรณ์100เตียง,100B01-F2,"โรงพยาบาล 100B - ชั้น 2",,,,,,,,,,CRA,,,,arthonye,2024-06-23,,0,-
1262,CARRIER,42CLS004W2L0,100B01-HVAC-FCU-2.FL-034,,100B-FCU-2FL-034,44VG9625394,,"Fan Coil Unit",,,,,,,,,"FANCOIL UNIT No.161 CAPACITY 13,000 BTU ห้องตรวจ 8 OPD Zone B",,FL.2,"In Use",,,2022-09-06,,0.00,7.00,0.00,0.00,0.00,1.00,0,0,0,,,,,undefine,,1,โรงพยาบาลจุฬาภรณ์100เตียง,100B01-F2,"โรงพยาบาล 100B - ชั้น 2",,,,,,,,,,CRA,,,,arthonye,2024-06-23,,0,-
1263,CARRIER,42CLS004W2L0,100B01-HVAC-FCU-2.FL-035,,100B-FCU-2FL-035,,,"Fan Coil Unit",,,,,,,,,"FANCOIL UNIT No.162 CAPACITY 13,000 BTU ห้องตรวจ 9 OPD Zone B",,FL.2,"In Use",,,2022-09-06,,0.00,7.00,0.00,0.00,0.00,1.00,0,0,0,,,,,undefine,,1,โรงพยาบาลจุฬาภรณ์100เตียง,100B01-F2,"โรงพยาบาล 100B - ชั้น 2",,,,,,,,,,CRA,,,,arthonye,2024-06-23,,0,-
1264,CARRIER,42CLS004W2L0,100B01-HVAC-FCU-2.FL-036,,100B-FCU-2Fl-036,44VG9625509,,"Fan Coil Unit",,,,,,,,,"FANCOIL UNIT No.163 CAPACITY 13,000 BTU ห้องตรวจ 10 OPD Zone B",,FL.2,"In Use",,,2022-09-06,,0.00,7.00,0.00,0.00,0.00,1.00,0,0,0,,,,,undefine,,1,โรงพยาบาลจุฬาภรณ์100เตียง,100B01-F2,"โรงพยาบาล 100B - ชั้น 2",,,,,,,,,,CRA,,,,arthonye,2024-06-23,,0,-
1265,CARRIER,42CLS004W2L0,100B01-HVAC-FCU-2.FL-037,,100B-FCU-2FL-037,44VG9625392,,"Fan Coil Unit",,,,,,,,,"FANCOIL UNIT No.164 CAPACITY 13,000 BTU ห้องตรวจ 11 OPD Zone B",,FL.2,"In Use",,,2022-09-06,,0.00,7.00,0.00,0.00,0.00,1.00,0,0,0,,,,,undefine,,1,โรงพยาบาลจุฬาภรณ์100เตียง,100B01-F2,"โรงพยาบาล 100B - ชั้น 2",,,,,,,,,,CRA,,,,arthonye,2024-06-23,,0,-
1266,CARRIER,42CLS004W2L0,100B01-HVAC-FCU-2.FL-038,,100B-FCU-2FL-038,44VG9625407,,"Fan Coil Unit",,,,,,,,,"FANCOIL UNIT No.165 CAPACITY 13,000 BTU ห้องตรวจ 12 OPD Zone B",,FL.2,"In Use",,,2022-09-06,,0.00,7.00,0.00,0.00,0.00,1.00,0,0,0,,,,,undefine,,1,โรงพยาบาลจุฬาภรณ์100เตียง,100B01-F2,"โรงพยาบาล 100B - ชั้น 2",,,,,,,,,,CRA,,,,arthonye,2024-06-23,,0,-
1267,CARRIER,42CLS004W2L0,100B01-HVAC-FCU-2.FL-039,,100B-FCU-2FL-039,44VG9625396,,"Fan Coil Unit",,,,,,,,,"FANCOIL UNIT No.166 CAPACITY 13,000 BTU Treatment room Zone B",,FL.2,"In Use",,,2022-09-06,,0.00,7.00,0.00,0.00,0.00,1.00,0,0,0,,,,,undefine,,1,โรงพยาบาลจุฬาภรณ์100เตียง,100B01-F2,"โรงพยาบาล 100B - ชั้น 2",,,,,,,,,,CRA,,,,arthonye,2024-06-23,,0,-
1268,CARRIER,42CLS004W2L0,100B01-HVAC-FCU-2.FL-040,,100B-FCU-2FL-040,44VG9625391,,"Fan Coil Unit",,,,,,,,,"FANCOIL UNIT No.167 CAPACITY 13,000 BTU Satff room OPD Zone B",,FL.2,"In Use",,,2022-09-06,,0.00,7.00,0.00,0.00,0.00,1.00,0,0,0,,,,,undefine,,1,โรงพยาบาลจุฬาภรณ์100เตียง,100B01-F2,"โรงพยาบาล 100B - ชั้น 2",,,,,,,,,,CRA,,,,arthonye,2024-06-23,,0,-
1269,CARRIER,42CLS020W4L0,100B01-HVAC-FCU-2.FL-041,,100B-FCU-2FL-041,44VG9625477,,"Fan Coil Unit",,,,,,,,,"FANCOIL UNIT No.168 CAPACITY 75,770 BTU โถงภายในห้องตรวจ OPD Zone B ด้านหน้า",,FL.2,"In Use",,,2022-09-06,,0.00,7.00,0.00,0.00,0.00,1.00,0,0,0,,,,,undefine,,1,โรงพยาบาลจุฬาภรณ์100เตียง,100B01-F2,"โรงพยาบาล 100B - ชั้น 2",,,,,,,,,,CRA,,,,arthonye,2024-06-23,,0,-
1270,CARRIER,42CLS020W4L0,100B01-HVAC-FCU-2.FL-042,,100B-FCU-2FL-042,,,"Fan Coil Unit",,,,,,,,,"FANCOIL UNIT No.169 CAPACITY 75,770 BTU โถงภายในห้องตรวจ OPD Zone B ด้านหลัง",,FL.2,"In Use",,,2022-09-06,,0.00,7.00,0.00,0.00,0.00,1.00,0,0,0,,,,,undefine,,1,โรงพยาบาลจุฬาภรณ์100เตียง,100B01-F2,"โรงพยาบาล 100B - ชั้น 2",,,,,,,,,,CRA,,,,arthonye,2024-06-23,,0,-
1271,CARRIER,42CLS020W4L0,100B01-HVAC-FCU-2.FL-043,,100B-FCU-2FL-043,44VG9625480,,"Fan Coil Unit",,,,,,,,,"FANCOIL UNIT No.170 CAPACITY 75,770 BTU โถงทางเดินผู้ป่วยนอก Zone B",,FL.2,"In Use",,,2022-09-06,,0.00,7.00,0.00,0.00,0.00,1.00,0,0,0,,,,,undefine,,1,โรงพยาบาลจุฬาภรณ์100เตียง,100B01-F2,"โรงพยาบาล 100B - ชั้น 2",,,,,,,,,,CRA,,,,arthonye,2024-06-23,,0,-
1272,CARRIER,N/A,100B01-HVAC-FCU-2.FL-044,,100B-FCU-2FL-044,N/A,,"Fan Coil Unit",,,,,,,,,"FANCOIL UNIT No.171 ห้องประชุม สนง.",,FL.2,"In Use",,,2022-09-06,,0.00,7.00,0.00,0.00,0.00,1.00,0,0,0,,,,,undefine,,1,โรงพยาบาลจุฬาภรณ์100เตียง,100B01-F2,"โรงพยาบาล 100B - ชั้น 2",,,,,,,,,,CRA,,,,arthonye,2024-06-23,,0,-
1273,CARRIER,42CLS008W3LP,100B01-HVAC-FCU-2.FL-045,,100B-FCU-2FL-045,44VC7575838,,"Fan Coil Unit",,,,,,,,,"FANCOIL UNIT No.170 CAPACITY 28,810 BTU ห้องพักทานอาหาร",,FL.2,"In Use",,,2022-09-08,,0.00,7.00,0.00,0.00,0.00,1.00,0,0,0,,,,,undefine,,1,โรงพยาบาลจุฬาภรณ์100เตียง,100B01-F2,"โรงพยาบาล 100B - ชั้น 2",,,,,,,,,,CRA,,,,arthonye,2024-06-23,,0,-
1274,CARRIER,1620-107-746,100B01-HVAC-FCU-2.FL-046,,100B-FCU-2FL-046,7C16481627,,"Fan Coil Unit",,,,,,,,,"FANCOIL UNIT No.172 ห้องหัวหน้าฝ่ายการพยาบาล",,FL.2,"In Use",,,2022-09-08,,0.00,7.00,0.00,0.00,0.00,1.00,0,0,0,,,,,undefine,,1,โรงพยาบาลจุฬาภรณ์100เตียง,100B01-F2,"โรงพยาบาล 100B - ชั้น 2",,,,,,,,,,CRA,,,,arthonye,2024-06-23,,0,-
1275,CARRIER,1620-107-746,100B01-HVAC-FCU-2.FL-047,,100B-FCU-2FL-047,7C16481631,,"Fan Coil Unit",,,,,,,,,"FANCOIL UNIT No.173 ห้อง นพ.สุขสันต์",,FL.2,"In Use",,,2022-09-08,,0.00,7.00,0.00,0.00,0.00,1.00,0,0,0,,,,,undefine,,1,โรงพยาบาลจุฬาภรณ์100เตียง,100B01-F2,"โรงพยาบาล 100B - ชั้น 2",,,,,,,,,,CRA,,,,arthonye,2024-06-23,,0,-
1276,CARRIER,1620-107-746,100B01-HVAC-FCU-2.FL-048,,100B-FCU-2FL-048,7C16481639,,"Fan Coil Unit",,,,,,,,,"FANCOIL UNIT No.174 ห้อง นพ.ภูมินทร์",,FL.2,"In Use",,,2022-09-08,,0.00,7.00,0.00,0.00,0.00,1.00,0,0,0,,,,,undefine,,1,โรงพยาบาลจุฬาภรณ์100เตียง,100B01-F2,"โรงพยาบาล 100B - ชั้น 2",,,,,,,,,,CRA,,,,arthonye,2024-06-23,,0,-
1277,CARRIER,42CLS008W3RP,100B01-HVAC-FCU-2.FL-049,,100B-FCU-2FL-049,44VC7575839,,"Fan Coil Unit",,,,,,,,,"FANCOIL UNIT No.175 ห้อง นพ.อิสระ",,FL.2,"In Use",,,2022-09-08,,0.00,7.00,0.00,0.00,0.00,1.00,0,0,0,,,,,undefine,,1,โรงพยาบาลจุฬาภรณ์100เตียง,100B01-F2,"โรงพยาบาล 100B - ชั้น 2",,,,,,,,,,CRA,,,,arthonye,2024-06-23,,0,-
1278,CARRIER,42VDT004W-10RNAD,100B01-HVAC-FCU-2.FL-050,,100B-FCU-2FL-050,44VJ1415512,,"Fan Coil Unit",,,,,,,,,"FANCOIL UNIT No.175 ห้องตรวจ 4",,FL.2,"In Use",,,2022-09-08,,0.00,7.00,0.00,0.00,0.00,1.00,0,0,0,,,,,undefine,,1,โรงพยาบาลจุฬาภรณ์100เตียง,100B01-F2,"โรงพยาบาล 100B - ชั้น 2",,,,,,,,,,CRA,,,,arthonye,2024-06-23,,0,-
1279,CARRIER,42JB006CWRH,100B01-HVAC-FCU-2.FL-051,,100B-FCU-2FL-051,44VK7284018,,"Fan Coil Unit",,,,,,,,,"FANCOIL UNIT No.176 CAPACITY 23,100 BTU ห้องเจาะเลือด",,FL.2,"In Use",,,2022-09-08,,0.00,7.00,0.00,0.00,0.00,1.00,0,0,0,,,,,undefine,,1,โรงพยาบาลจุฬาภรณ์100เตียง,100B01-F2,"โรงพยาบาล 100B - ชั้น 2",,,,,,,,,,CRA,,,,arthonye,2024-06-23,,0,-
1280,CARRIER,N/A,100B01-HVAC-FCU-2.FL-052,,100B-FCU-2FL-052,44VH7278751,,"Fan Coil Unit",,,,,,,,,"FANCOIL UNIT No.177 CAPACITY 24,290 BTU ห้องให้คำปรึกษาโภชนาการ",,FL.2,"In Use",,,2022-09-08,,0.00,7.00,0.00,0.00,0.00,1.00,0,0,0,,,,,undefine,,1,โรงพยาบาลจุฬาภรณ์100เตียง,100B01-F2,"โรงพยาบาล 100B - ชั้น 2",,,,,,,,,,CRA,,,,arthonye,2024-06-23,,0,-
1281,CARRIER,N/A,100B01-HVAC-FCU-2.FL-053,,100B-FCU-2FL-053,44VK7284330,,"Fan Coil Unit",,,,,,,,,"FANCOIL UNIT No.179 CAPACITY 56,300 BTU โถงทางเดินหน้าห้องน้ำข้างศูนย์เต้านม",,FL.2,"In Use",,,2022-09-08,,0.00,7.00,0.00,0.00,0.00,1.00,0,0,0,,,,,undefine,,1,โรงพยาบาลจุฬาภรณ์100เตียง,100B01-F2,"โรงพยาบาล 100B - ชั้น 2",,,,,,,,,,CRA,,,,arthonye,2024-06-23,,0,-
1282,CARRIER,N/A,100B01-HVAC-FCU-2.FL-054,,100B-FCU-2FL-054,44VG9625391,,"Fan Coil Unit",,,,,,,,,"FANCOIL UNIT No.180 CAPACITY 13,000 BTU FCU ห้องตรวจ 1 OPD ZONE B",,FL.2,"In Use",,,2022-09-14,,0.00,7.00,0.00,0.00,0.00,1.00,0,0,0,,,,,undefine,,1,โรงพยาบาลจุฬาภรณ์100เตียง,100B01-F2,"โรงพยาบาล 100B - ชั้น 2",,,,,,,,,,CRA,,,,arthonye,2024-06-23,,0,-
1283,CARRIER,N/A,100B01-HVAC-FCU-2.FL-055,,100B-FCU-2FL-055,44VG9625396,,"Fan Coil Unit",,,,,,,,,"FANCOIL UNIT No.181 CAPACITY 13,000 BTU FCU ห้องตรวจ 2 OPD ZONE B",,FL.2,"In Use",,,2022-09-14,,0.00,7.00,0.00,0.00,0.00,1.00,0,0,0,,,,,undefine,,1,โรงพยาบาลจุฬาภรณ์100เตียง,100B01-F2,"โรงพยาบาล 100B - ชั้น 2",,,,,,,,,,CRA,,,,arthonye,2024-06-23,,0,-
1284,CARRIER,N/A,100B01-HVAC-FCU-2.FL-056,,100B-FCU-2FL-056,44VG9625407,,"Fan Coil Unit",,,,,,,,,"FANCOIL UNIT No.182 CAPACITY 13,000 BTU FCU ห้องตรวจ 3 OPD ZONE B",,FL.2,"In Use",,,2022-09-20,,0.00,7.00,0.00,0.00,0.00,1.00,0,0,0,,,,,undefine,,1,โรงพยาบาลจุฬาภรณ์100เตียง,100B01-F2,"โรงพยาบาล 100B - ชั้น 2",,,,,,,,,,CRA,,,,arthonye,2024-06-23,,0,-
1285,CARRIER,N/A,100B01-HVAC-FCU-2.FL-057,,100B-FCU-2FL-057,44VG9625392,,"Fan Coil Unit",,,,,,,,,"FANCOIL UNIT No.183 CAPACITY 13,000 BTU FCU ห้องตรวจ 4 OPD ZONE B",,FL.2,"In Use",,,2022-09-20,,0.00,7.00,0.00,0.00,0.00,1.00,0,0,0,,,,,undefine,,1,โรงพยาบาลจุฬาภรณ์100เตียง,100B01-F2,"โรงพยาบาล 100B - ชั้น 2",,,,,,,,,,CRA,,,,arthonye,2024-06-23,,0,-
1286,CARRIER,N/A,100B01-HVAC-FCU-2.FL-058,,100B-FCU-2FL-058,44VG9625509,,"Fan Coil Unit",,,,,,,,,"FANCOIL UNIT No.184 CAPACITY 13,000 BTU FCU ห้องตรวจ 5 OPD ZONE B",,FL.2,"In Use",,,2022-09-20,,0.00,7.00,0.00,0.00,0.00,1.00,0,0,0,,,,,undefine,,1,โรงพยาบาลจุฬาภรณ์100เตียง,100B01-F2,"โรงพยาบาล 100B - ชั้น 2",,,,,,,,,,CRA,,,,arthonye,2024-06-23,,0,-
1287,CARRIER,N/A,100B01-HVAC-FCU-2.FL-059,,100B-FCU-2FL-059,44VG9625393,,"Fan Coil Unit",,,,,,,,,"FANCOIL UNIT No.185 CAPACITY 13,000 BTU FCU ห้องตรวจ 6 OPD ZONE B",,FL.2,"In Use",,,2022-09-20,,0.00,7.00,0.00,0.00,0.00,1.00,0,0,0,,,,,undefine,,1,โรงพยาบาลจุฬาภรณ์100เตียง,100B01-F2,"โรงพยาบาล 100B - ชั้น 2",,,,,,,,,,CRA,,,,arthonye,2024-06-23,,0,-
1288,CARRIER,N/A,100B01-HVAC-FCU-2.FL-060,,100B-FCU-2FL-060,44VG9625394,,"Fan Coil Unit",,,,,,,,,"FANCOIL UNIT No.186 CAPACITY 13,000 BTU FCU ห้องตรวจ 7 OPD ZONE B",,FL.2,"In Use",,,2022-09-20,,0.00,7.00,0.00,0.00,0.00,1.00,0,0,0,,,,,undefine,,1,โรงพยาบาลจุฬาภรณ์100เตียง,100B01-F2,"โรงพยาบาล 100B - ชั้น 2",,,,,,,,,,CRA,,,,arthonye,2024-06-23,,0,-
1289,CARRIER,N/A,100B01-HVAC-FCU-2.FL-061,,100B-FCU-2FL-061,44VG9625399,,"Fan Coil Unit",,,,,,,,,"FANCOIL UNIT No.187 CAPACITY 13,000 BTU FCU ห้องตรวจ 8 OPD ZONE B",,FL.2,"In Use",,,2022-09-20,,0.00,7.00,0.00,0.00,0.00,1.00,0,0,0,,,,,undefine,,1,โรงพยาบาลจุฬาภรณ์100เตียง,100B01-F2,"โรงพยาบาล 100B - ชั้น 2",,,,,,,,,,CRA,,,,arthonye,2024-06-23,,0,-
1290,CARRIER,N/A,100B01-HVAC-FCU-2.FL-062,,100B-FCU-2FL-062,44VG9625403,,"Fan Coil Unit",,,,,,,,,"FANCOIL UNIT No.188 CAPACITY 13,000 BTU FCU ห้องตรวจ 9 OPD ZONE B",,FL.2,"In Use",,,2022-09-20,,0.00,7.00,0.00,0.00,0.00,1.00,0,0,0,,,,,undefine,,1,โรงพยาบาลจุฬาภรณ์100เตียง,100B01-F2,"โรงพยาบาล 100B - ชั้น 2",,,,,,,,,,CRA,,,,arthonye,2024-06-23,,0,-
1291,CARRIER,N/A,100B01-HVAC-FCU-2.FL-063,,100B-FCU-2FL-063,44VG9625395,,"Fan Coil Unit",,,,,,,,,"FANCOIL UNIT No.189 CAPACITY 13,000 BTU FCU ห้องตรวจ 10 OPD ZONE B",,FL.2,"In Use",,,2022-09-20,,0.00,7.00,0.00,0.00,0.00,1.00,0,0,0,,,,,undefine,,1,โรงพยาบาลจุฬาภรณ์100เตียง,100B01-F2,"โรงพยาบาล 100B - ชั้น 2",,,,,,,,,,CRA,,,,arthonye,2024-06-23,,0,-
1292,CARRIER,N/A,100B01-HVAC-FCU-2.FL-064,,100B-FCU-2FL-064,44VG9625397,,"Fan Coil Unit",,,,,,,,,"FANCOIL UNIT No.190 CAPACITY 13,000 BTU FCU ห้องตรวจ 11 OPD ZONE B",,FL.2,"In Use",,,2022-09-20,,0.00,7.00,0.00,0.00,0.00,1.00,0,0,0,,,,,undefine,,1,โรงพยาบาลจุฬาภรณ์100เตียง,100B01-F2,"โรงพยาบาล 100B - ชั้น 2",,,,,,,,,,CRA,,,,arthonye,2024-06-23,,0,-
1293,CARRIER,N/A,100B01-HVAC-FCU-2.FL-065,,100B-FCU-2FL-065,44VG9625398,,"Fan Coil Unit",,,,,,,,,"FANCOIL UNIT No.191 CAPACITY 13,000 BTU FCU ห้องตรวจ 11 OPD ZONE B",,FL.2,"In Use",,,2022-09-20,,0.00,7.00,0.00,0.00,0.00,1.00,0,0,0,,,,,undefine,,1,โรงพยาบาลจุฬาภรณ์100เตียง,100B01-F2,"โรงพยาบาล 100B - ชั้น 2",,,,,,,,,,CRA,,,,arthonye,2024-06-23,,0,-
1294,CARRIER,N/A,100B01-HVAC-FCU-2.FL-066,,100B-FCU-2FL-066,44VG9625478,,"Fan Coil Unit",,,,,,,,,"FANCOIL UNIT No.192 CAPACITY 75,770 BTU FCU โถงภายในห้องตรวจ / เครื่องที่ 1 หน้าห้อง / OPD ZONE B",,FL.2,"In Use",,,2022-09-20,,0.00,7.00,0.00,0.00,0.00,1.00,0,0,0,,,,,undefine,,1,โรงพยาบาลจุฬาภรณ์100เตียง,100B01-F2,"โรงพยาบาล 100B - ชั้น 2",,,,,,,,,,CRA,,,,arthonye,2024-06-23,,0,-
1295,CARRIER,N/A,100B01-HVAC-FCU-2.FL-067,,100B-FCU-2FL-067,44VH9629089,,"Fan Coil Unit",,,,,,,,,"FANCOIL UNIT No.193 CAPACITY 75,770 BTU FCU โถงภายในห้องตรวจ / เครื่องที่ 2 หลังห้อง / OPD ZONE B",,FL.2,"In Use",,,2022-09-20,,0.00,7.00,0.00,0.00,0.00,1.00,0,0,0,,,,,undefine,,1,โรงพยาบาลจุฬาภรณ์100เตียง,100B01-F2,"โรงพยาบาล 100B - ชั้น 2",,,,,,,,,,CRA,,,,arthonye,2024-06-23,,0,-
1296,CARRIER,N/A,100B01-HVAC-FCU-2.FL-068,,100B-FCU-2FL-068,44VG9626499,,"Fan Coil Unit",,,,,,,,,"FANCOIL UNIT No.194 CAPACITY 13,000 BTU FCU ห้อง STAFF ROOM OPD ZONE B",,FL.2,"In Use",,,2022-09-20,,0.00,7.00,0.00,0.00,0.00,1.00,0,0,0,,,,,undefine,,1,โรงพยาบาลจุฬาภรณ์100เตียง,100B01-F2,"โรงพยาบาล 100B - ชั้น 2",,,,,,,,,,CRA,,,,arthonye,2024-06-23,,0,-
1297,CARRIER,N/A,100B01-HVAC-FCU-2.FL-069,,100B-FCU-2FL-069,44VH9629141,,"Fan Coil Unit",,,,,,,,,"FANCOIL UNIT No.195 CAPACITY 20,120 BTU FCU ห้อง FCU ห้อง TREATMENT OPD ZONE B",,FL.2,"In Use",,,2022-09-20,,0.00,7.00,0.00,0.00,0.00,1.00,0,0,0,,,,,undefine,,1,โรงพยาบาลจุฬาภรณ์100เตียง,100B01-F2,"โรงพยาบาล 100B - ชั้น 2",,,,,,,,,,CRA,,,,arthonye,2024-06-23,,0,-
1298,CARRIER,N/A,100B01-HVAC-FCU-2.FL-070,,100B-FCU-2FL-070,44VG9625480,,"Fan Coil Unit",,,,,,,,,"FANCOIL UNIT No.196 CAPACITY 75,770 BTU FCU โถงหน้าห้อง OPD ZONE B (ประตูทางเข้าหน้าห้องตรวจ)",,FL.2,"In Use",,,2022-09-20,,0.00,7.00,0.00,0.00,0.00,1.00,0,0,0,,,,,undefine,,1,โรงพยาบาลจุฬาภรณ์100เตียง,100B01-F2,"โรงพยาบาล 100B - ชั้น 2",,,,,,,,,,CRA,,,,arthonye,2024-06-23,,0,-
1299,CARRIER,N/A,100B01-HVAC-FCU-2.FL-071,,100B-FCU-2FL-071,44VJ7283320,,"Fan Coil Unit",,,,,,,,,"FANCOIL UNIT No.197 CAPACITY 30,570 BTU ห้องเก็บผ้า / เครื่องที่ 1",,FL.2,"In Use",,,2022-09-20,,0.00,7.00,0.00,0.00,0.00,1.00,0,0,0,,,,,undefine,,1,โรงพยาบาลจุฬาภรณ์100เตียง,100B01-F2,"โรงพยาบาล 100B - ชั้น 2",,,,,,,,,,CRA,,,,arthonye,2024-06-23,,0,-
1300,CARRIER,N/A,100B01-HVAC-FCU-2.FL-072,,100B-FCU-2FL-072,44VH727891,,"Fan Coil Unit",,,,,,,,,"FANCOIL UNIT No.198 CAPACITY 30,570 BTU ห้องเก็บผ้า / เครื่องที่ 2",,FL.2,"In Use",,,2022-09-20,,0.00,7.00,0.00,0.00,0.00,1.00,0,0,0,,,,,undefine,,1,โรงพยาบาลจุฬาภรณ์100เตียง,100B01-F2,"โรงพยาบาล 100B - ชั้น 2",,,,,,,,,,CRA,,,,arthonye,2024-06-23,,0,-
1301,CARRIER,N/A,100B01-HVAC-FCU-2.FL-073,,100B-FCU-2FL-073,44VJ7283321,,"Fan Coil Unit",,,,,,,,,"FANCOIL UNIT No.199 CAPACITY 30,570 BTU ห้องหัตถการ 1 OPD ZONE A",,FL.2,"In Use",,,2022-09-20,,0.00,7.00,0.00,0.00,0.00,1.00,0,0,0,,,,,undefine,,1,โรงพยาบาลจุฬาภรณ์100เตียง,100B01-F2,"โรงพยาบาล 100B - ชั้น 2",,,,,,,,,,CRA,,,,arthonye,2024-06-23,,0,-
1302,CARRIER,N/A,100B01-HVAC-FCU-2.FL-074,,100B-FCU-2FL-074,44VH7278668,,"Fan Coil Unit",,,,,,,,,"FANCOIL UNIT No.200 CAPACITY 19,450 BTU ห้องลงทะเบียน OPD ZONE A",,FL.2,"In Use",,,2022-09-20,,0.00,7.00,0.00,0.00,0.00,1.00,0,0,0,,,,,undefine,,1,โรงพยาบาลจุฬาภรณ์100เตียง,100B01-F2,"โรงพยาบาล 100B - ชั้น 2",,,,,,,,,,CRA,,,,arthonye,2024-06-23,,0,-
1303,CARRIER,N/A,100B01-HVAC-FCU-2.FL-075,,100B-FCU-2FL-075,44VH7278672,,"Fan Coil Unit",,,,,,,,,"FANCOIL UNIT No.201 CAPACITY 19,450 BTU ห้องตรวจ 1 OPD ZONE A",,FL.2,"In Use",,,2022-09-20,,0.00,7.00,0.00,0.00,0.00,1.00,0,0,0,,,,,undefine,,1,โรงพยาบาลจุฬาภรณ์100เตียง,100B01-F2,"โรงพยาบาล 100B - ชั้น 2",,,,,,,,,,CRA,,,,arthonye,2024-06-23,,0,-
1304,CARRIER,N/A,100B01-HVAC-FCU-2.FL-076,,100B-FCU-2FL-076,42CL5004W2R0,,"Fan Coil Unit",,,,,,,,,"FANCOIL UNIT No.202 CAPACITY 13,000 BTU ห้องตรวจ 1 OPD ZONE B",,FL.2,"In Use",,,2022-09-20,,0.00,7.00,0.00,0.00,0.00,1.00,0,0,0,,,,,undefine,,1,โรงพยาบาลจุฬาภรณ์100เตียง,100B01-F2,"โรงพยาบาล 100B - ชั้น 2",,,,,,,,,,CRA,,,,arthonye,2024-06-23,,0,-
1305,CARRIER,N/A,100B01-HVAC-FCU-2.FL-077,,100B-FCU-2FL-077,42CL5006W2L0,,"Fan Coil Unit",,,,,,,,,"FANCOIL UNIT No.203 CAPACITY 20,120 BTU ห้องตรวจ 2 OPD ZONE B",,FL.2,"In Use",,,2022-09-20,,0.00,7.00,0.00,0.00,0.00,1.00,0,0,0,,,,,undefine,,1,โรงพยาบาลจุฬาภรณ์100เตียง,100B01-F2,"โรงพยาบาล 100B - ชั้น 2",,,,,,,,,,CRA,,,,arthonye,2024-06-23,,0,-
1306,CARRIER,N/A,100B01-HVAC-FCU-2.FL-078,,100B-FCU-2FL-078,42CL5004W2L0,,"Fan Coil Unit",,,,,,,,,"FANCOIL UNIT No.204 CAPACITY 13,000 BTU ห้องตรวจ 3 OPD ZONE B",,FL.2,"In Use",,,2022-09-20,,0.00,7.00,0.00,0.00,0.00,1.00,0,0,0,,,,,undefine,,1,โรงพยาบาลจุฬาภรณ์100เตียง,100B01-F2,"โรงพยาบาล 100B - ชั้น 2",,,,,,,,,,CRA,,,,arthonye,2024-06-23,,0,-
1307,CARRIER,N/A,100B01-HVAC-FCU-2.FL-079,,100B-FCU-2FL-079,42CL5004W2L0,,"Fan Coil Unit",,,,,,,,,"FANCOIL UNIT No.205 CAPACITY 13,000 BTU ห้องตรวจ 4 OPD ZONE B",,FL.2,"In Use",,,2022-09-20,,0.00,7.00,0.00,0.00,0.00,1.00,0,0,0,,,,,undefine,,1,โรงพยาบาลจุฬาภรณ์100เตียง,100B01-F2,"โรงพยาบาล 100B - ชั้น 2",,,,,,,,,,CRA,,,,arthonye,2024-06-23,,0,-
1308,CARRIER,N/A,100B01-HVAC-FCU-2.FL-080,,100B-FCU-2FL-080,42CL5004W2L0,,"Fan Coil Unit",,,,,,,,,"FANCOIL UNIT No.206 CAPACITY 13,000 BTU ห้องตรวจ 5 OPD ZONE B",,FL.2,"In Use",,,2022-09-20,,0.00,7.00,0.00,0.00,0.00,1.00,0,0,0,,,,,undefine,,1,โรงพยาบาลจุฬาภรณ์100เตียง,100B01-F2,"โรงพยาบาล 100B - ชั้น 2",,,,,,,,,,CRA,,,,arthonye,2024-06-23,,0,-
1309,CARRIER,N/A,100B01-HVAC-FCU-2.FL-081,,100B-FCU-2FL-081,42CL5004W2L0,,"Fan Coil Unit",,,,,,,,,"FANCOIL UNIT No.207 CAPACITY 13,000 BTU ห้องตรวจ 6 OPD ZONE B",,FL.2,"In Use",,,2022-09-20,,0.00,7.00,0.00,0.00,0.00,1.00,0,0,0,,,,,undefine,,1,โรงพยาบาลจุฬาภรณ์100เตียง,100B01-F2,"โรงพยาบาล 100B - ชั้น 2",,,,,,,,,,CRA,,,,arthonye,2024-06-23,,0,-
1310,CARRIER,N/A,100B01-HVAC-FCU-2.FL-082,,100B-FCU-2FL-082,42CL5004W2L0,,"Fan Coil Unit",,,,,,,,,"FANCOIL UNIT No.208 CAPACITY 13,000 BTU ห้องตรวจ 7OPD ZONE B",,FL.2,"In Use",,,2022-09-20,,0.00,7.00,0.00,0.00,0.00,1.00,0,0,0,,,,,undefine,,1,โรงพยาบาลจุฬาภรณ์100เตียง,100B01-F2,"โรงพยาบาล 100B - ชั้น 2",,,,,,,,,,CRA,,,,arthonye,2024-06-23,,0,-
1311,CARRIER,N/A,100B01-HVAC-FCU-2.FL-083,,100B-FCU-2FL-083,42CL004W2L0,,"Fan Coil Unit",,,,,,,,,"FANCOIL UNIT No.209 CAPACITY 13,000 BTU ห้องตรวจ 8 OPD ZONE B",,FL.2,"In Use",,,2022-09-20,,0.00,7.00,0.00,0.00,0.00,1.00,0,0,0,,,,,undefine,,1,โรงพยาบาลจุฬาภรณ์100เตียง,100B01-F2,"โรงพยาบาล 100B - ชั้น 2",,,,,,,,,,CRA,,,,arthonye,2024-06-23,,0,-
1312,CARRIER,N/A,100B01-HVAC-FCU-2.FL-084,,100B-FCU-2FL-084,42CL5004W2L0,,"Fan Coil Unit",,,,,,,,,"FANCOIL UNIT No.210 CAPACITY 13,000 BTU ห้องตรวจ 9 OPD ZONE B",,FL.2,"In Use",,,2022-09-20,,0.00,7.00,0.00,0.00,0.00,1.00,0,0,0,,,,,undefine,,1,โรงพยาบาลจุฬาภรณ์100เตียง,100B01-F2,"โรงพยาบาล 100B - ชั้น 2",,,,,,,,,,CRA,,,,arthonye,2024-06-23,,0,-
1313,CARRIER,N/A,100B01-HVAC-FCU-2.FL-085,,100B-FCU-2FL-085,42CL5004W2L0,,"Fan Coil Unit",,,,,,,,,"FANCOIL UNIT No.211 CAPACITY 13,000 BTU ห้องตรวจ 10 OPD ZONE B",,FL.2,"In Use",,,2022-09-20,,0.00,7.00,0.00,0.00,0.00,1.00,0,0,0,,,,,undefine,,1,โรงพยาบาลจุฬาภรณ์100เตียง,100B01-F2,"โรงพยาบาล 100B - ชั้น 2",,,,,,,,,,CRA,,,,arthonye,2024-06-23,,0,-
1314,CARRIER,N/A,100B01-HVAC-FCU-2.FL-086,,100B-FCU-2FL-086,42CL5004W2L0,,"Fan Coil Unit",,,,,,,,,"FANCOIL UNIT No.212 CAPACITY 13,000 BTU ห้องตรวจ 11 OPD ZONE B",,FL.2,"In Use",,,2022-09-20,,0.00,7.00,0.00,0.00,0.00,1.00,0,0,0,,,,,undefine,,1,โรงพยาบาลจุฬาภรณ์100เตียง,100B01-F2,"โรงพยาบาล 100B - ชั้น 2",,,,,,,,,,CRA,,,,arthonye,2024-06-23,,0,-
1315,CARRIER,N/A,100B01-HVAC-FCU-2.FL-087,,100B-FCU-2FL-087,42CL5004W2L0,,"Fan Coil Unit",,,,,,,,,"FANCOIL UNIT No.213 CAPACITY 13,000 BTU ห้องตรวจ 12 OPD ZONE B",,FL.2,"In Use",,,2022-09-20,,0.00,7.00,0.00,0.00,0.00,1.00,0,0,0,,,,,undefine,,1,โรงพยาบาลจุฬาภรณ์100เตียง,100B01-F2,"โรงพยาบาล 100B - ชั้น 2",,,,,,,,,,CRA,,,,arthonye,2024-06-23,,0,-
1316,CARRIER,N/A,100B01-HVAC-FCU-2.FL-088,,100B-FCU-2FL-088,42CL5004W2L0,,"Fan Coil Unit",,,,,,,,,"FANCOIL UNIT No.214 CAPACITY 13,000 BTU ห้อง TREATMENT OPD ZONE B",,FL.2,"In Use",,,2022-09-20,,0.00,7.00,0.00,0.00,0.00,1.00,0,0,0,,,,,undefine,,1,โรงพยาบาลจุฬาภรณ์100เตียง,100B01-F2,"โรงพยาบาล 100B - ชั้น 2",,,,,,,,,,CRA,,,,arthonye,2024-06-23,,0,-
1317,CARRIER,N/A,100B01-HVAC-FCU-2.FL-089,,100B-FCU-2FL-089,42CL5004W2L0,,"Fan Coil Unit",,,,,,,,,"FANCOIL UNIT No.215 CAPACITY 13,000 BTU ห้อง STAFF ROOM OPD ZONE B",,FL.2,"In Use",,,2022-09-20,,0.00,7.00,0.00,0.00,0.00,1.00,0,0,0,,,,,undefine,,1,โรงพยาบาลจุฬาภรณ์100เตียง,100B01-F2,"โรงพยาบาล 100B - ชั้น 2",,,,,,,,,,CRA,,,,arthonye,2024-06-23,,0,-
1318,CARRIER,N/A,100B01-HVAC-FCU-2.FL-090,,100B-FCU-2FL-090,42CL5020W4L0,,"Fan Coil Unit",,,,,,,,,"FANCOIL UNIT No.216 CAPACITY 75,770 BTU โถงภายในห้องตรวจ OPD",,FL.2,"In Use",,,2022-09-20,,0.00,7.00,0.00,0.00,0.00,1.00,0,0,0,,,,,undefine,,1,โรงพยาบาลจุฬาภรณ์100เตียง,100B01-F2,"โรงพยาบาล 100B - ชั้น 2",,,,,,,,,,CRA,,,,arthonye,2024-06-23,,0,-
1319,CARRIER,N/A,100B01-HVAC-FCU-2.FL-091,,100B-FCU-2FL-091,42CL5020W4L0,,"Fan Coil Unit",,,,,,,,,"FANCOIL UNIT No.217 CAPACITY 75,770 BTU โถงภายในห้องตรวจ OPD 1B",,FL.2,"In Use",,,2022-09-20,,0.00,7.00,0.00,0.00,0.00,1.00,0,0,0,,,,,undefine,,1,โรงพยาบาลจุฬาภรณ์100เตียง,100B01-F2,"โรงพยาบาล 100B - ชั้น 2",,,,,,,,,,CRA,,,,arthonye,2024-06-23,,0,-
1320,CARRIER,N/A,100B01-HVAC-FCU-2.FL-092,,100B-FCU-2FL-092,42CL5050W4L0,,"Fan Coil Unit",,,,,,,,,"FANCOIL UNIT No.218 CAPACITY 75,770 BTU โถงทางเดินผู้ป่วยนอก ZONE B",,FL.2,"In Use",,,2022-09-20,,0.00,7.00,0.00,0.00,0.00,1.00,0,0,0,,,,,undefine,,1,โรงพยาบาลจุฬาภรณ์100เตียง,100B01-F2,"โรงพยาบาล 100B - ชั้น 2",,,,,,,,,,CRA,,,,arthonye,2024-06-23,,0,-
1322,CARRIER,N/A,100B01-HVAC-FCU-3.FL-002,,100B-FCU-3FL-002,44VM8613837,,"Fan Coil Unit",,,,,,,,,"FANCOIL UNIT No.220 ห้องไตเทียม",,FL.2,"In Use",,,2022-09-20,,0.00,7.00,0.00,0.00,0.00,1.00,0,0,0,,,,,undefine,,1,โรงพยาบาลจุฬาภรณ์100เตียง,100B01-F2,"โรงพยาบาล 100B - ชั้น 2",,,,,,,,,,CRA,,,,arthonye,2024-06-23,,0,-
1324,CARRIER,N/A,100B01-HVAC-FCU-3.FL-004,,100B-FCU-3FL-004,42CL5004W2L0,,"Fan Coil Unit",,,,,,,,,"FANCOIL UNIT No.222 CAPACITY 20,120 BTU ห้องตรวจ 2 OPD ZONE B",,FL.2,"In Use",,,2022-09-20,,0.00,7.00,0.00,0.00,0.00,1.00,0,0,0,,,,,undefine,,1,โรงพยาบาลจุฬาภรณ์100เตียง,100B01-F2,"โรงพยาบาล 100B - ชั้น 2",,,,,,,,,,CRA,,,,arthonye,2024-06-23,,0,-
1352,CARRIER,N/A,100B01-HVAC-FCU-3.FL-032,,100B-FCU-3FL-032,42CL5004W2L0,,"Fan Coil Unit",,,,,,,,,"FANCOIL UNIT No.249 CAPACITY 13,000 BTU ห้องตรวจ 8",,FL.2,"In Use",,,2022-09-20,,0.00,7.00,0.00,0.00,0.00,1.00,0,0,0,,,,,undefine,,1,โรงพยาบาลจุฬาภรณ์100เตียง,100B01-F2,"โรงพยาบาล 100B - ชั้น 2",,,,,,,,,,CRA,,,,arthonye,2024-06-23,,0,-
1122,CARRIER,N/A,100B01-HVAC-FCU-B1.FL-028,,100B-FCU-BFL-028,,,"Fan Coil Unit",,,,,,,,,"FANCOIL UNIT No.28 ห้องพักทานอาหารเจ้าหน้าที่",,FL.B,"In Use",,,2022-08-31,,0.00,7.00,0.00,0.00,0.00,1.00,0,0,0,,,,,undefine,,1,โรงพยาบาลจุฬาภรณ์100เตียง,100B01-F3,"โรงพยาบาล 100B - ชั้น 3",,,,,,,,,,CRA,,,,arthonye,2024-06-23,,0,-
1321,CARRIER,N/A,100B01-HVAC-FCU-3.FL-001,,100B-FCU-3FL-001,44VB9617224,,"Fan Coil Unit",,,,,,,,,"FANCOIL UNIT No.219 ห้องไตเทียม",,FL.3,"In Use",,,2022-09-20,,0.00,7.00,0.00,0.00,0.00,1.00,0,0,0,,,,,undefine,,1,โรงพยาบาลจุฬาภรณ์100เตียง,100B01-F3,"โรงพยาบาล 100B - ชั้น 3",,,,,,,,,,CRA,,,,arthonye,2024-06-23,,0,-
1323,CARRIER,N/A,100B01-HVAC-FCU-3.FL-003,,100B-FCU-3FL-003,42CL5004W2L0,,"Fan Coil Unit",,,,,,,,,"FANCOIL UNIT No.221 ห้องตรวจ 1 OPD ZONE B",,FL.3,"In Use",,,2022-09-20,,0.00,7.00,0.00,0.00,0.00,1.00,0,0,0,,,,,undefine,,1,โรงพยาบาลจุฬาภรณ์100เตียง,100B01-F3,"โรงพยาบาล 100B - ชั้น 3",,,,,,,,,,CRA,,,,arthonye,2024-06-23,,0,-
1325,CARRIER,N/A,100B01-HVAC-FCU-3.FL-005,,100B-FCU-3FL-005,42CL5004W2L0,,"Fan Coil Unit",,,,,,,,,"FANCOIL UNIT No.223 CAPACITY 13,000 BTU ห้องตรวจ 3 OPD ZONE B",,FL.3,"In Use",,,2022-09-20,,0.00,7.00,0.00,0.00,0.00,1.00,0,0,0,,,,,undefine,,1,โรงพยาบาลจุฬาภรณ์100เตียง,100B01-F3,"โรงพยาบาล 100B - ชั้น 3",,,,,,,,,,CRA,,,,arthonye,2024-06-23,,0,-
1326,CARRIER,N/A,100B01-HVAC-FCU-3.FL-006,,100B-FCU-3FL-006,42CL5004W2L0,,"Fan Coil Unit",,,,,,,,,"FANCOIL UNIT No.224 CAPACITY 13,000 BTU ห้องตรวจ 4 OPD ZONE B",,FL.3,"In Use",,,2022-09-20,,0.00,7.00,0.00,0.00,0.00,1.00,0,0,0,,,,,undefine,,1,โรงพยาบาลจุฬาภรณ์100เตียง,100B01-F3,"โรงพยาบาล 100B - ชั้น 3",,,,,,,,,,CRA,,,,arthonye,2024-06-23,,0,-
1327,CARRIER,N/A,100B01-HVAC-FCU-3.FL-007,,100B-FCU-3FL-007,42CL5004W2L0,,"Fan Coil Unit",,,,,,,,,"FANCOIL UNIT No.225 CAPACITY 13,000 BTU ห้องตรวจ 5 OPD ZONE B",,FL.3,"In Use",,,2022-09-20,,0.00,7.00,0.00,0.00,0.00,1.00,0,0,0,,,,,undefine,,1,โรงพยาบาลจุฬาภรณ์100เตียง,100B01-F3,"โรงพยาบาล 100B - ชั้น 3",,,,,,,,,,CRA,,,,arthonye,2024-06-23,,0,-
1328,CARRIER,N/A,100B01-HVAC-FCU-3.FL-008,,100B-FCU-3FL-008,42CL5004W2L0,,"Fan Coil Unit",,,,,,,,,"FANCOIL UNIT No.226 CAPACITY 13,000 BTU ห้องตรวจ 6 OPD ZONE B",,FL.3,"In Use",,,2022-09-20,,0.00,7.00,0.00,0.00,0.00,1.00,0,0,0,,,,,undefine,,1,โรงพยาบาลจุฬาภรณ์100เตียง,100B01-F3,"โรงพยาบาล 100B - ชั้น 3",,,,,,,,,,CRA,,,,arthonye,2024-06-23,,0,-
1329,CARRIER,N/A,100B01-HVAC-FCU-3.FL-009,,100B-FCU-3FL-009,42CL5004W2L0,,"Fan Coil Unit",,,,,,,,,"FANCOIL UNIT No.227 CAPACITY 13,000 BTU ห้องตรวจ 7 OPD ZONE B",,FL.3,"In Use",,,2022-09-20,,0.00,7.00,0.00,0.00,0.00,1.00,0,0,0,,,,,undefine,,1,โรงพยาบาลจุฬาภรณ์100เตียง,100B01-F3,"โรงพยาบาล 100B - ชั้น 3",,,,,,,,,,CRA,,,,arthonye,2024-06-23,,0,-
1330,CARRIER,N/A,100B01-HVAC-FCU-3.FL-010,,100B-FCU-3FL-010,42CL5004W2L0,,"Fan Coil Unit",,,,,,,,,"FANCOIL UNIT No.228 CAPACITY 13,000 BTU ห้องตรวจ 8 OPD ZONE B",,FL.3,"In Use",,,2022-09-20,,0.00,7.00,0.00,0.00,0.00,1.00,0,0,0,,,,,undefine,,1,โรงพยาบาลจุฬาภรณ์100เตียง,100B01-F3,"โรงพยาบาล 100B - ชั้น 3",,,,,,,,,,CRA,,,,arthonye,2024-06-23,,0,-
1331,CARRIER,N/A,100B01-HVAC-FCU-3.FL-011,,100B-FCU-3FL-011,42CL5004W2L0,,"Fan Coil Unit",,,,,,,,,"FANCOIL UNIT No.229 CAPACITY 13,000 BTU ห้องตรวจ 9 OPD ZONE B",,FL.3,"In Use",,,2022-09-20,,0.00,7.00,0.00,0.00,0.00,1.00,0,0,0,,,,,undefine,,1,โรงพยาบาลจุฬาภรณ์100เตียง,100B01-F3,"โรงพยาบาล 100B - ชั้น 3",,,,,,,,,,CRA,,,,arthonye,2024-06-23,,0,-
1332,CARRIER,N/A,100B01-HVAC-FCU-3.FL-012,,100B-FCU-3FL-012,42CL5004W2L0,,"Fan Coil Unit",,,,,,,,,"FANCOIL UNIT No.230 CAPACITY 13,000 BTU ห้องตรวจ 10 OPD ZONE B",,FL.3,"In Use",,,2022-09-20,,0.00,7.00,0.00,0.00,0.00,1.00,0,0,0,,,,,undefine,,1,โรงพยาบาลจุฬาภรณ์100เตียง,100B01-F3,"โรงพยาบาล 100B - ชั้น 3",,,,,,,,,,CRA,,,,arthonye,2024-06-23,,0,-
1333,CARRIER,N/A,100B01-HVAC-FCU-3.FL-013,,100B-FCU-3FL-013,42CL5006W2R0,,"Fan Coil Unit",,,,,,,,,"FANCOIL UNIT No.231 CAPACITY 20,120 BTU ห้อง TREATMENT",,FL.3,"In Use",,,2022-09-20,,0.00,7.00,0.00,0.00,0.00,1.00,0,0,0,,,,,undefine,,1,โรงพยาบาลจุฬาภรณ์100เตียง,100B01-F3,"โรงพยาบาล 100B - ชั้น 3",,,,,,,,,,CRA,,,,arthonye,2024-06-23,,0,-
1334,CARRIER,N/A,100B01-HVAC-FCU-3.FL-014,,100B-FCU-3FL-014,42CL5004W2L0,,"Fan Coil Unit",,,,,,,,,"FANCOIL UNIT No.232 CAPACITY 13,000 BTU ห้อง STAFF ROOM",,FL.3,"In Use",,,2022-09-20,,0.00,7.00,0.00,0.00,0.00,1.00,0,0,0,,,,,undefine,,1,โรงพยาบาลจุฬาภรณ์100เตียง,100B01-F3,"โรงพยาบาล 100B - ชั้น 3",,,,,,,,,,CRA,,,,arthonye,2024-06-23,,0,-
1335,CARRIER,N/A,100B01-HVAC-FCU-3.FL-015,,100B-FCU-3FL-015,42CL5004W2L0,,"Fan Coil Unit",,,,,,,,,"FANCOIL UNIT No.233 CAPACITY 51,830 BTU โถงทางเดินภายในห้องตรวจ 1",,FL.3,"In Use",,,2022-09-20,,0.00,7.00,0.00,0.00,0.00,1.00,0,0,0,,,,,undefine,,1,โรงพยาบาลจุฬาภรณ์100เตียง,100B01-F3,"โรงพยาบาล 100B - ชั้น 3",,,,,,,,,,CRA,,,,arthonye,2024-06-23,,0,-
1336,CARRIER,N/A,100B01-HVAC-FCU-3.FL-016,,100B-FCU-3FL-016,42CL5020W4L0,,"Fan Coil Unit",,,,,,,,,"FANCOIL UNIT No.234 CAPACITY 13,000 BTU โถงทางเดินภายในห้องตรวจ 2",,FL.3,"In Use",,,2022-09-20,,0.00,7.00,0.00,0.00,0.00,1.00,0,0,0,,,,,undefine,,1,โรงพยาบาลจุฬาภรณ์100เตียง,100B01-F3,"โรงพยาบาล 100B - ชั้น 3",,,,,,,,,,CRA,,,,arthonye,2024-06-23,,0,-
1337,CARRIER,N/A,100B01-HVAC-FCU-3.FL-017,,100B-FCU-3FL-017,42CL5020W4L0,,"Fan Coil Unit",,,,,,,,,"FANCOIL UNIT No.235 โถงพักคอย",,FL.3,"In Use",,,2022-09-20,,0.00,7.00,0.00,0.00,0.00,1.00,0,0,0,,,,,undefine,,1,โรงพยาบาลจุฬาภรณ์100เตียง,100B01-F3,"โรงพยาบาล 100B - ชั้น 3",,,,,,,,,,CRA,,,,arthonye,2024-06-23,,0,-
1338,CARRIER,N/A,100B01-HVAC-FCU-3.FL-018,,100B-FCU-3FL-018,,,"Fan Coil Unit",,,,,,,,,"FANCOIL UNIT No.236 CAPACITY 58,850 BTU โถงทางเดินผู้ป่วยนอก ZONE 3B",,FL.3,"In Use",,,2022-09-20,,0.00,7.00,0.00,0.00,0.00,1.00,0,0,0,,,,,undefine,,1,โรงพยาบาลจุฬาภรณ์100เตียง,100B01-F3,"โรงพยาบาล 100B - ชั้น 3",,,,,,,,,,CRA,,,,arthonye,2024-06-23,,0,-
1339,TRANE,N/A,100B01-HVAC-FCU-3.FL-019,,100B-FCU-3FL-019,3T0106-101652,,"Fan Coil Unit",,,,,,,,,"FANCOIL UNIT No.237 CAPACITY 58,850 BTU ห้องพักเจ้าหน้าที่เภสัช",,FL.3,"In Use",,,2022-09-20,,0.00,7.00,0.00,0.00,0.00,1.00,0,0,0,,,,,undefine,,1,โรงพยาบาลจุฬาภรณ์100เตียง,100B01-F3,"โรงพยาบาล 100B - ชั้น 3",,,,,,,,,,CRA,,,,arthonye,2024-06-23,,0,-
1340,CARRIER,N/A,100B01-HVAC-FCU-3.FL-020,,100B-FCU-3FL-020,,,"Fan Coil Unit",,,,,,,,,"FANCOIL UNIT No.238 ห้องจ่ายยา",,FL.3,"In Use",,,2022-09-20,,0.00,7.00,0.00,0.00,0.00,1.00,0,0,0,,,,,undefine,,1,โรงพยาบาลจุฬาภรณ์100เตียง,100B01-F3,"โรงพยาบาล 100B - ชั้น 3",,,,,,,,,,CRA,,,,arthonye,2024-06-23,,0,-
1341,TRANE,N/A,100B01-HVAC-FCU-3.FL-021,,100B-FCU-3FL-021,3T0106-302121,,"Fan Coil Unit",,,,,,,,,"FANCOIL UNIT No.239 ห้องการเงินและบัญชี",,FL.3,"In Use",,,2022-09-20,,0.00,7.00,0.00,0.00,0.00,1.00,0,0,0,,,,,undefine,,1,โรงพยาบาลจุฬาภรณ์100เตียง,100B01-F3,"โรงพยาบาล 100B - ชั้น 3",,,,,,,,,,CRA,,,,arthonye,2024-06-23,,0,-
1342,CARRIER,N/A,100B01-HVAC-FCU-3.FL-022,,100B-FCU-3FL-022,44A8295210,,"Fan Coil Unit",,,,,,,,,"FANCOIL UNIT No.240 CAPACITY 13,480 BTU ห้องพักหัวหน้าพยาบาล",,FL.3,"In Use",,,2022-09-20,,0.00,7.00,0.00,0.00,0.00,1.00,0,0,0,,,,,undefine,,1,โรงพยาบาลจุฬาภรณ์100เตียง,100B01-F3,"โรงพยาบาล 100B - ชั้น 3",,,,,,,,,,CRA,,,,arthonye,2024-06-23,,0,-
1343,CARRIER,N/A,100B01-HVAC-FCU-3.FL-023,,100B-FCU-3FL-023,44VK728407,,"Fan Coil Unit",,,,,,,,,"FANCOIL UNIT No.241 CAPACITY 23,100 BTU ห้องทานอาหารเจ้าหน้าที่",,FL.3,"In Use",,,2022-09-20,,0.00,7.00,0.00,0.00,0.00,1.00,0,0,0,,,,,undefine,,1,โรงพยาบาลจุฬาภรณ์100เตียง,100B01-F3,"โรงพยาบาล 100B - ชั้น 3",,,,,,,,,,CRA,,,,arthonye,2024-06-23,,0,-
1344,CARRIER,N/A,100B01-HVAC-FCU-3.FL-024,,100B-FCU-3FL-024,44VB4493304,,"Fan Coil Unit",,,,,,,,,"FANCOIL UNIT No.242 CAPACITY 18,900 BTU ห้องเภสัช ตรงตู้แช่ยา",,FL.3,"In Use",,,2022-09-20,,0.00,7.00,0.00,0.00,0.00,1.00,0,0,0,,,,,undefine,,1,โรงพยาบาลจุฬาภรณ์100เตียง,100B01-F3,"โรงพยาบาล 100B - ชั้น 3",,,,,,,,,,CRA,,,,arthonye,2024-06-23,,0,-
1345,CARRIER,N/A,100B01-HVAC-FCU-3.FL-025,,100B-FCU-3FL-025,44VB4493304,,"Fan Coil Unit",,,,,,,,,"FANCOIL UNIT No.243 CAPACITY 13,000 BTU ห้องตรวจ 1",,FL.3,"In Use",,,2022-09-20,,0.00,7.00,0.00,0.00,0.00,1.00,0,0,0,,,,,undefine,,1,โรงพยาบาลจุฬาภรณ์100เตียง,100B01-F3,"โรงพยาบาล 100B - ชั้น 3",,,,,,,,,,CRA,,,,arthonye,2024-06-23,,0,-
1346,CARRIER,N/A,100B01-HVAC-FCU-3.FL-026,,100B-FCU-3FL-026,42VJ5004W2L0,,"Fan Coil Unit",,,,,,,,,"FANCOIL UNIT No.243 CAPACITY 13,000 BTU ห้องตรวจ 2",,FL.3,"In Use",,,2022-09-20,,0.00,7.00,0.00,0.00,0.00,1.00,0,0,0,,,,,undefine,,1,โรงพยาบาลจุฬาภรณ์100เตียง,100B01-F3,"โรงพยาบาล 100B - ชั้น 3",,,,,,,,,,CRA,,,,arthonye,2024-06-23,,0,-
1347,CARRIER,N/A,100B01-HVAC-FCU-3.FL-027,,100B-FCU-3FL-027,42CL5004W2L0,,"Fan Coil Unit",,,,,,,,,"FANCOIL UNIT No.244 CAPACITY 13,000 BTU ห้องตรวจ 3",,FL.3,"In Use",,,2022-09-20,,0.00,7.00,0.00,0.00,0.00,1.00,0,0,0,,,,,undefine,,1,โรงพยาบาลจุฬาภรณ์100เตียง,100B01-F3,"โรงพยาบาล 100B - ชั้น 3",,,,,,,,,,CRA,,,,arthonye,2024-06-23,,0,-
1348,CARRIER,N/A,100B01-HVAC-FCU-3.FL-028,,100B-FCU-3FL-028,42CL5004W2L0,,"Fan Coil Unit",,,,,,,,,"FANCOIL UNIT No.245 CAPACITY 13,000 BTU ห้องตรวจ 4",,FL.3,"In Use",,,2022-09-20,,0.00,7.00,0.00,0.00,0.00,1.00,0,0,0,,,,,undefine,,1,โรงพยาบาลจุฬาภรณ์100เตียง,100B01-F3,"โรงพยาบาล 100B - ชั้น 3",,,,,,,,,,CRA,,,,arthonye,2024-06-23,,0,-
1349,CARRIER,N/A,100B01-HVAC-FCU-3.FL-029,,100B-FCU-3FL-029,42CL500W2L0,,"Fan Coil Unit",,,,,,,,,"FANCOIL UNIT No.246 CAPACITY 13,000 BTU ห้องตรวจ 5",,FL.3,"In Use",,,2022-09-20,,0.00,7.00,0.00,0.00,0.00,1.00,0,0,0,,,,,undefine,,1,โรงพยาบาลจุฬาภรณ์100เตียง,100B01-F3,"โรงพยาบาล 100B - ชั้น 3",,,,,,,,,,CRA,,,,arthonye,2024-06-23,,0,-
1350,CARRIER,N/A,100B01-HVAC-FCU-3.FL-030,,100B-FCU-3FL-030,42CL500W2L0,,"Fan Coil Unit",,,,,,,,,"FANCOIL UNIT No.247 CAPACITY 13,000 BTU ห้องตรวจ 6",,FL.3,"In Use",,,2022-09-20,,0.00,7.00,0.00,0.00,0.00,1.00,0,0,0,,,,,undefine,,1,โรงพยาบาลจุฬาภรณ์100เตียง,100B01-F3,"โรงพยาบาล 100B - ชั้น 3",,,,,,,,,,CRA,,,,arthonye,2024-06-23,,0,-
1351,CARRIER,N/A,100B01-HVAC-FCU-3.FL-031,,100B-FCU-3FL-031,42CL5004W2L0,,"Fan Coil Unit",,,,,,,,,"FANCOIL UNIT No.248 CAPACITY 13,000 BTU ห้องตรวจ 7",,FL.3,"In Use",,,2022-09-20,,0.00,7.00,0.00,0.00,0.00,1.00,0,0,0,,,,,undefine,,1,โรงพยาบาลจุฬาภรณ์100เตียง,100B01-F3,"โรงพยาบาล 100B - ชั้น 3",,,,,,,,,,CRA,,,,arthonye,2024-06-23,,0,-
1353,CARRIER,N/A,100B01-HVAC-FCU-3.FL-033,,100B-FCU-3FL-033,42CL5004W2L0,,"Fan Coil Unit",,,,,,,,,"FANCOIL UNIT No.250 CAPACITY 13,000 BTU ห้องตรวจ 9",,FL.3,"In Use",,,2022-09-20,,0.00,7.00,0.00,0.00,0.00,1.00,0,0,0,,,,,undefine,,1,โรงพยาบาลจุฬาภรณ์100เตียง,100B01-F3,"โรงพยาบาล 100B - ชั้น 3",,,,,,,,,,CRA,,,,arthonye,2024-06-23,,0,-
1354,CARRIER,N/A,100B01-HVAC-FCU-3.FL-034,,100B-FCU-3FL-034,42CL5004W2L0,,"Fan Coil Unit",,,,,,,,,"FANCOIL UNIT No.251 CAPACITY 13,000 BTU ห้องตรวจ 10",,FL.3,"In Use",,,2022-09-20,,0.00,7.00,0.00,0.00,0.00,1.00,0,0,0,,,,,undefine,,1,โรงพยาบาลจุฬาภรณ์100เตียง,100B01-F3,"โรงพยาบาล 100B - ชั้น 3",,,,,,,,,,CRA,,,,arthonye,2024-06-23,,0,-
1358,CARRIER,N/A,100B01-HVAC-FCU-3.FL-035,,100B-FCU-3FL-035,420L5006W2R0,,"Fan Coil Unit",,,,,,,,,"FANCOIL UNIT No.252 CAPACITY 20,120 BTU ห้อง TREAMENT",,FL.3,"In Use",,,2022-09-26,,0.00,7.00,0.00,0.00,0.00,1.00,0,0,0,,,,,undefine,,1,โรงพยาบาลจุฬาภรณ์100เตียง,100B01-F3,"โรงพยาบาล 100B - ชั้น 3",,,,,,,,,,CRA,,,,arthonye,2024-06-23,,0,-
1359,CARRIER,N/A,100B01-HVAC-FCU-3.FL-036,,100B-FCU-3FL-036,42CL5004W2L0,,"Fan Coil Unit",,,,,,,,,"FANCOIL UNIT No.253 CAPACITY 13,000 BTU ห้อง STAFF ROOM",,FL.3,"In Use",,,2022-09-26,,0.00,7.00,0.00,0.00,0.00,1.00,0,0,0,,,,,undefine,,1,โรงพยาบาลจุฬาภรณ์100เตียง,100B01-F3,"โรงพยาบาล 100B - ชั้น 3",,,,,,,,,,CRA,,,,arthonye,2024-06-23,,0,-
1360,CARRIER,N/A,100B01-HVAC-FCU-3.FL-037,,100B-FCU-3FL-037,42CL5016W3L0,,"Fan Coil Unit",,,,,,,,,"FANCOIL UNIT No.254 CAPACITY 51,830 BTU โถงทางเดินหน้าห้องตรวจ",,FL.3,"In Use",,,2022-09-26,,0.00,7.00,0.00,0.00,0.00,1.00,0,0,0,,,,,undefine,,1,โรงพยาบาลจุฬาภรณ์100เตียง,100B01-F3,"โรงพยาบาล 100B - ชั้น 3",,,,,,,,,,CRA,,,,arthonye,2024-06-23,,0,-
1361,CARRIER,N/A,100B01-HVAC-FCU-3.FL-038,,100B-FCU-3FL-038,44VG8604008,,"Fan Coil Unit",,,,,,,,,"FANCOIL UNIT No.255 CAPACITY 51,830 BTU โถงทางเดินพักคอย OPD ZONE B",,FL.3,"In Use",,,2022-09-26,,0.00,7.00,0.00,0.00,0.00,1.00,0,0,0,,,,,undefine,,1,โรงพยาบาลจุฬาภรณ์100เตียง,100B01-F3,"โรงพยาบาล 100B - ชั้น 3",,,,,,,,,,CRA,,,,arthonye,2024-06-23,,0,-
1362,CARRIER,N/A,100B01-HVAC-FCU-3.FL-039,,100B-FCU-3FL-039,44VL7289141,,"Fan Coil Unit",,,,,,,,,"FANCOIL UNIT No.256 CAPACITY 56,850 BTU โถงทางเดินหน้าประตูผู้ป่วยนอก",,FL.3,"In Use",,,2022-09-26,,0.00,7.00,0.00,0.00,0.00,1.00,0,0,0,,,,,undefine,,1,โรงพยาบาลจุฬาภรณ์100เตียง,100B01-F3,"โรงพยาบาล 100B - ชั้น 3",,,,,,,,,,CRA,,,,arthonye,2024-06-23,,0,-
1363,CARRIER,40V-00L-10FR,100B01-HVAC-FCU-3.FL-040,,100B-FCU-3FL-040,44VB9617224,,"Fan Coil Unit",,,,,,,,,"FANCOIL UNIT No.257 ห้องไตเทียม เครื่องที่ 1",,FL.3,"In Use",,,2022-09-26,,0.00,7.00,0.00,0.00,0.00,1.00,0,0,0,,,,,undefine,,1,โรงพยาบาลจุฬาภรณ์100เตียง,100B01-F3,"โรงพยาบาล 100B - ชั้น 3",,,,,,,,,,CRA,,,,arthonye,2024-06-23,,0,-
1364,CARRIER,40VCT036W-10FR,100B01-HVAC-FCU-3.FL-041,,100B-FCU-3FL-041,44VM8613837,,"Fan Coil Unit",,,,,,,,,"FANCOIL UNIT No.258 ห้องไตเทียม เครื่องที่ 2",,FL.3,"In Use",,,2022-09-26,,0.00,7.00,0.00,0.00,0.00,1.00,0,0,0,,,,,undefine,,1,โรงพยาบาลจุฬาภรณ์100เตียง,100B01-F3,"โรงพยาบาล 100B - ชั้น 3",,,,,,,,,,CRA,,,,arthonye,2024-06-23,,0,-
1365,CARRIER,44CLS004W2L0,100B01-HVAC-FCU-3.FL-042,,100B-FCU-3FL-042,44VJ9629342,,"Fan Coil Unit",,,,,,,,,"FANCOIL UNIT No.259 CAPACITY 13,000 BTU ห้องตรวจ 1 OPD Zone B",,FL.3,"In Use",,,2022-09-26,,0.00,7.00,0.00,0.00,0.00,1.00,0,0,0,,,,,undefine,,1,โรงพยาบาลจุฬาภรณ์100เตียง,100B01-F3,"โรงพยาบาล 100B - ชั้น 3",,,,,,,,,,CRA,,,,arthonye,2024-06-23,,0,-
1366,CARRIER,42CLS006W2L0,100B01-HVAC-FCU-3.FL-043,,100B-FCU-3FL-043,44VH9629141,,"Fan Coil Unit",,,,,,,,,"FANCOIL UNIT No.260 CAPACITY 20,210 BTU ห้องตรวจ 2 OPD Zone B",,FL.3,"In Use",,,2022-09-26,,0.00,7.00,0.00,0.00,0.00,1.00,0,0,0,,,,,undefine,,1,โรงพยาบาลจุฬาภรณ์100เตียง,100B01-F3,"โรงพยาบาล 100B - ชั้น 3",,,,,,,,,,CRA,,,,arthonye,2024-06-23,,0,-
1367,CARRIER,42CLS004W2L0,100B01-HVAC-FCU-3.FL-044,,100B-FCU-3FL-044,44VG9625400,,"Fan Coil Unit",,,,,,,,,"FANCOIL UNIT No.261 CAPACITY 13,000 BTU ห้องตรวจ 3 OPD Zone B",,FL.3,"In Use",,,2022-09-26,,0.00,7.00,0.00,0.00,0.00,1.00,0,0,0,,,,,undefine,,1,โรงพยาบาลจุฬาภรณ์100เตียง,100B01-F3,"โรงพยาบาล 100B - ชั้น 3",,,,,,,,,,CRA,,,,arthonye,2024-06-23,,0,-
1368,CARRIER,42CLS004W2L0,100B01-HVAC-FCU-3.FL-045,,100B-FCU-3FL-045,44VG9625406,,"Fan Coil Unit",,,,,,,,,"FANCOIL UNIT No.262 CAPACITY 13,000 BTU ห้องตรวจ 4 OPD Zone B",,FL.3,"In Use",,,2022-09-26,,0.00,7.00,0.00,0.00,0.00,1.00,0,0,0,,,,,undefine,,1,โรงพยาบาลจุฬาภรณ์100เตียง,100B01-F3,"โรงพยาบาล 100B - ชั้น 3",,,,,,,,,,CRA,,,,arthonye,2024-06-23,,0,-
1369,CARRIER,42CLS004W2L0,100B01-HVAC-FCU-3.FL-046,,100B-FCU-3FL-046,44VG9629345,,"Fan Coil Unit",,,,,,,,,"FANCOIL UNIT No.263 CAPACITY 13,000 BTU ห้องตรวจ 5 OPD Zone B",,FL.3,"In Use",,,2022-09-26,,0.00,7.00,0.00,0.00,0.00,1.00,0,0,0,,,,,undefine,,1,โรงพยาบาลจุฬาภรณ์100เตียง,100B01-F3,"โรงพยาบาล 100B - ชั้น 3",,,,,,,,,,CRA,,,,arthonye,2024-06-23,,0,-
1370,CARRIER,42CLS004W2L0,100B01-HVAC-FCU-3.FL-047,,100B-FCU-3FL-047,44VG9625403,,"Fan Coil Unit",,,,,,,,,"FANCOIL UNIT No.264 CAPACITY 13,000 BTU ห้องตรวจ 6 OPD Zone B",,FL.3,"In Use",,,2022-09-26,,0.00,7.00,0.00,0.00,0.00,1.00,0,0,0,,,,,undefine,,1,โรงพยาบาลจุฬาภรณ์100เตียง,100B01-F3,"โรงพยาบาล 100B - ชั้น 3",,,,,,,,,,CRA,,,,arthonye,2024-06-23,,0,-
1371,CARRIER,42CL004W2L0,100B01-HVAC-FCU-3.FL-048,,100B-FCU-3FL-048,44VG9629340,,"Fan Coil Unit",,,,,,,,,"FANCOIL UNIT No.265 CAPACITY 13,000 BTU ห้องตรวจ 7 OPD Zone B",,FL.3,"In Use",,,2022-09-26,,0.00,7.00,0.00,0.00,0.00,1.00,0,0,0,,,,,undefine,,1,โรงพยาบาลจุฬาภรณ์100เตียง,100B01-F3,"โรงพยาบาล 100B - ชั้น 3",,,,,,,,,,CRA,,,,arthonye,2024-06-23,,0,-
1372,CARRIER,42CLS004W2L0,100B01-HVAC-FCU-3.FL-049,,100B-FCU-3FL-049,44VG9629344,,"Fan Coil Unit",,,,,,,,,"FANCOIL UNIT No.266 CAPACITY 13,000 BTU ห้องตรวจ 8 OPD Zone B",,FL.3,"In Use",,,2022-09-26,,0.00,7.00,0.00,0.00,0.00,1.00,0,0,0,,,,,undefine,,1,โรงพยาบาลจุฬาภรณ์100เตียง,100B01-F3,"โรงพยาบาล 100B - ชั้น 3",,,,,,,,,,CRA,,,,arthonye,2024-06-23,,0,-
1373,CARRIER,42CLS004W2L0,100B01-HVAC-FCU-3.FL-050,,100B-FCU-3FL-050,44VG9625406,,"Fan Coil Unit",,,,,,,,,"FANCOIL UNIT No.267 CAPACITY 13,000 BTU ห้องตรวจ 9 OPD Zone B",,FL.3,"In Use",,,2022-09-26,,0.00,7.00,0.00,0.00,0.00,1.00,0,0,0,,,,,undefine,,1,โรงพยาบาลจุฬาภรณ์100เตียง,100B01-F3,"โรงพยาบาล 100B - ชั้น 3",,,,,,,,,,CRA,,,,arthonye,2024-06-23,,0,-
1374,CARRIER,42CLS004W2L0,100B01-HVAC-FCU-3.FL-051,,100B-FCU-3FL-051,44VG9625402,,"Fan Coil Unit",,,,,,,,,"FANCOIL UNIT No.268 CAPACITY 13,000 BTU ห้องตรวจ 10 OPD Zone B",,FL.3,"In Use",,,2022-09-26,,0.00,7.00,0.00,0.00,0.00,1.00,0,0,0,,,,,undefine,,1,โรงพยาบาลจุฬาภรณ์100เตียง,100B01-F3,"โรงพยาบาล 100B - ชั้น 3",,,,,,,,,,CRA,,,,arthonye,2024-06-23,,0,-
1375,CARRIER,42CLS006W2R0,100B01-HVAC-FCU-3.FL-052,,100B-FCU-3FL-052,44VH9627849,,"Fan Coil Unit",,,,,,,,,"FANCOIL UNIT No.269 CAPACITY 20,210 BTU Treatment room",,FL.3,"In Use",,,2022-09-26,,0.00,7.00,0.00,0.00,0.00,1.00,0,0,0,,,,,undefine,,1,โรงพยาบาลจุฬาภรณ์100เตียง,100B01-F3,"โรงพยาบาล 100B - ชั้น 3",,,,,,,,,,CRA,,,,arthonye,2024-06-23,,0,-
1376,CARRIER,42CLS004W2L0,100B01-HVAC-FCU-3.FL-053,,100B-FCU-3FL-053,44VG9625401,,"Fan Coil Unit",,,,,,,,,"FANCOIL UNIT No.270 CAPACITY 13,000 BTU Staff room",,FL.3,"In Use",,,2022-09-26,,0.00,7.00,0.00,0.00,0.00,1.00,0,0,0,,,,,undefine,,1,โรงพยาบาลจุฬาภรณ์100เตียง,100B01-F3,"โรงพยาบาล 100B - ชั้น 3",,,,,,,,,,CRA,,,,arthonye,2024-06-23,,0,-
1377,CARRIER,42CLS016W3L0,100B01-HVAC-FCU-3.FL-054,,100B-FCU-3FL-054,44VG8604007,,"Fan Coil Unit",,,,,,,,,"FANCOIL UNIT No.271 CAPACITY 51,830 BTU ห้องโถงภายในห้องตรวจ เครื่องที่ 1 ด้านหน้า",,FL.3,"In Use",,,2022-09-26,,0.00,7.00,0.00,0.00,0.00,1.00,0,0,0,,,,,undefine,,1,โรงพยาบาลจุฬาภรณ์100เตียง,100B01-F3,"โรงพยาบาล 100B - ชั้น 3",,,,,,,,,,CRA,,,,arthonye,2024-06-23,,0,-
1378,CARRIER,42CLS020H4L0,100B01-HVAC-FCU-3.FL-055,,100B-FCU-3FL-055,44VG9629364,,"Fan Coil Unit",,,,,,,,,"FANCOIL UNIT No.272 CAPACITY 13,000 BTU ห้องโถงภายในห้องตรวจ เครื่องที่ 2 ด้านหลัง",,FL.3,"In Use",,,2022-09-26,,0.00,7.00,0.00,0.00,0.00,1.00,0,0,0,,,,,undefine,,1,โรงพยาบาลจุฬาภรณ์100เตียง,100B01-F3,"โรงพยาบาล 100B - ชั้น 3",,,,,,,,,,CRA,,,,arthonye,2024-06-23,,0,-
1379,CARRIER,N/A,100B01-HVAC-FCU-3.FL-056,,100B-FCU-3FL-056,N/A,,"Fan Coil Unit",,,,,,,,,"FANCOIL UNIT No.273 โถงทางเดินพักคอยใน OPD Zone 3B",,FL.3,"In Use",,,2022-09-26,,0.00,7.00,0.00,0.00,0.00,1.00,0,0,0,,,,,undefine,,1,โรงพยาบาลจุฬาภรณ์100เตียง,100B01-F3,"โรงพยาบาล 100B - ชั้น 3",,,,,,,,,,CRA,,,,arthonye,2024-06-23,,0,-
1380,CARRIER,42CH018W3LD,100B01-HVAC-FCU-3.FL-057,,100B-FCU-3FL-057,44VL7289141,,"Fan Coil Unit",,,,,,,,,"FANCOIL UNIT No.274 CAPACITY 58,850 BTU โถงทางเดินผู้ป่วยนอก Zone3B / OPD Zone 3B",,FL.3,"In Use",,,2022-09-26,,0.00,7.00,0.00,0.00,0.00,1.00,0,0,0,,,,,undefine,,1,โรงพยาบาลจุฬาภรณ์100เตียง,100B01-F3,"โรงพยาบาล 100B - ชั้น 3",,,,,,,,,,CRA,,,,arthonye,2024-06-23,,0,-
1381,CARRIER,MCD018AA00CA,100B01-HVAC-FCU-3.FL-058,,100B-FCU-3FL-058,3T0106-101652,,"Fan Coil Unit",,,,,,,,,"FANCOIL UNIT No.275 ห้องพักเจ้าหน้าที่เภสัช",,FL.3,"In Use",,,2022-09-26,,0.00,7.00,0.00,0.00,0.00,1.00,0,0,0,,,,,undefine,,1,โรงพยาบาลจุฬาภรณ์100เตียง,100B01-F3,"โรงพยาบาล 100B - ชั้น 3",,,,,,,,,,CRA,,,,arthonye,2024-06-23,,0,-
1382,CARRIER,N/A,100B01-HVAC-FCU-3.FL-059,,100B-FCU-3FL-059,N/A,,"Fan Coil Unit",,,,,,,,,"FANCOIL UNIT No.276 ห้องจ่ายยา",,FL.3,"In Use",,,2022-09-26,,0.00,7.00,0.00,0.00,0.00,1.00,0,0,0,,,,,undefine,,1,โรงพยาบาลจุฬาภรณ์100เตียง,100B01-F3,"โรงพยาบาล 100B - ชั้น 3",,,,,,,,,,CRA,,,,arthonye,2024-06-23,,0,-
1383,CARRIER,MC0024AA00CA,100B01-HVAC-FCU-3.FL-060,,100B-FCU-3FL-060,3T0106-302121,,"Fan Coil Unit",,,,,,,,,"FANCOIL UNIT No.277 ห้องการเงินและบัญชี",,FL.3,"In Use",,,2022-09-26,,0.00,7.00,0.00,0.00,0.00,1.00,0,0,0,,,,,undefine,,1,โรงพยาบาลจุฬาภรณ์100เตียง,100B01-F3,"โรงพยาบาล 100B - ชั้น 3",,,,,,,,,,CRA,,,,arthonye,2024-06-23,,0,-
1384,CARRIER,42JB004CWRH,100B01-HVAC-FCU-3.FL-061,,100B-FCU-3FL-061,44AV8295210,,"Fan Coil Unit",,,,,,,,,"FANCOIL UNIT No.278 CAPACITY 13,480 BTU ห้องพักหัวหน้าพยาบาล",,FL.3,"In Use",,,2022-09-26,,0.00,7.00,0.00,0.00,0.00,1.00,0,0,0,,,,,undefine,,1,โรงพยาบาลจุฬาภรณ์100เตียง,100B01-F3,"โรงพยาบาล 100B - ชั้น 3",,,,,,,,,,CRA,,,,arthonye,2024-06-23,,0,-
1385,CARRIER,42JB006CWRH,100B01-HVAC-FCU-3.FL-062,,100B-FCU-3FL-062,44VK728407,,"Fan Coil Unit",,,,,,,,,"FANCOIL UNIT No.279 CAPACITY 23,100 BTU ห้องอาหารเจ้าหน้าที่",,FL.3,"In Use",,,2022-09-27,,0.00,7.00,0.00,0.00,0.00,1.00,0,0,0,,,,,undefine,,1,โรงพยาบาลจุฬาภรณ์100เตียง,100B01-F3,"โรงพยาบาล 100B - ชั้น 3",,,,,,,,,,CRA,,,,arthonye,2024-06-23,,0,-
1386,CARRIER,42VDT006W-10RNAD,100B01-HVAC-FCU-3.FL-063,,100B-FCU-3FL-063,44VB4493304,,"Fan Coil Unit",,,,,,,,,"FANCOIL UNIT No.280 CAPACITY 18,900 BTU ห้องเภสัช ตรงตู้แช่ยา",,FL.3,"In Use",,,2022-09-27,,0.00,7.00,0.00,0.00,0.00,1.00,0,0,0,,,,,undefine,,1,โรงพยาบาลจุฬาภรณ์100เตียง,100B01-F3,"โรงพยาบาล 100B - ชั้น 3",,,,,,,,,,CRA,,,,arthonye,2024-06-23,,0,-
1387,CARRIER,42CLS004W2L0,100B01-HVAC-FCU-3.FL-064,,100B-FCU-3FL-064,44VJ9629342,,"Fan Coil Unit",,,,,,,,,"FANCOIL UNIT No.281 CAPACITY 13,000 BTU ห้องตรวจ 1 OPD Zone B",,FL.3,"In Use",,,2022-09-27,,0.00,7.00,0.00,0.00,0.00,1.00,0,0,0,,,,,undefine,,1,โรงพยาบาลจุฬาภรณ์100เตียง,100B01-F3,"โรงพยาบาล 100B - ชั้น 3",,,,,,,,,,CRA,,,,arthonye,2024-06-23,,0,-
1388,CARRIER,42CLS004W2L0,100B01-HVAC-FCU-3.FL-065,,100B-FCU-3FL-065,44VJ9629341,,"Fan Coil Unit",,,,,,,,,"FANCOIL UNIT No.282 CAPACITY 13,000 BTU ห้องตรวจ 2 OPD Zone B",,FL.3,"In Use",,,2022-09-27,,0.00,7.00,0.00,0.00,0.00,1.00,0,0,0,,,,,undefine,,1,โรงพยาบาลจุฬาภรณ์100เตียง,100B01-F3,"โรงพยาบาล 100B - ชั้น 3",,,,,,,,,,CRA,,,,arthonye,2024-06-23,,0,-
1389,CARRIER,42CLS004W2L0,100B01-HVAC-FCU-3.FL-066,,100B-FCU-3FL-066,44VG9625400,,"Fan Coil Unit",,,,,,,,,"FANCOIL UNIT No.283 CAPACITY 13,000 BTU ห้องตรวจ 3 OPD Zone B",,FL.3,"In Use",,,2022-09-27,,0.00,7.00,0.00,0.00,0.00,1.00,0,0,0,,,,,undefine,,1,โรงพยาบาลจุฬาภรณ์100เตียง,100B01-F3,"โรงพยาบาล 100B - ชั้น 3",,,,,,,,,,CRA,,,,arthonye,2024-06-23,,0,-
1390,CARRIER,42CLS004W2L0,100B01-HVAC-FCU-3.FL-067,,100B-FCU-3FL-067,44VG9625406,,"Fan Coil Unit",,,,,,,,,"FANCOIL UNIT No.284 CAPACITY 13,000 BTU ห้องตรวจ 4 OPD Zone B",,FL.3,"In Use",,,2022-09-27,,0.00,7.00,0.00,0.00,0.00,1.00,0,0,0,,,,,undefine,,1,โรงพยาบาลจุฬาภรณ์100เตียง,100B01-F3,"โรงพยาบาล 100B - ชั้น 3",,,,,,,,,,CRA,,,,arthonye,2024-06-23,,0,-
1391,CARRIER,42CLS00W2L0,100B01-HVAC-FCU-3.FL-068,,100B-FCU-3FL-068,44VJ9629345,,"Fan Coil Unit",,,,,,,,,"FANCOIL UNIT No.285 CAPACITY 13,000 BTU ห้องตรวจ 5 OPD Zone B",,FL.3,"In Use",,,2022-09-27,,0.00,7.00,0.00,0.00,0.00,1.00,0,0,0,,,,,undefine,,1,โรงพยาบาลจุฬาภรณ์100เตียง,100B01-F3,"โรงพยาบาล 100B - ชั้น 3",,,,,,,,,,CRA,,,,arthonye,2024-06-23,,0,-
1392,CARRIER,42CLS004W2L0,100B01-HVAC-FCU-3.FL-069,,100B-FCU-3FL-069,44VJ9629343,,"Fan Coil Unit",,,,,,,,,"FANCOIL UNIT No.286 CAPACITY 13,000 BTU ห้องตรวจ 6 OPD Zone B",,FL.3,"In Use",,,2022-09-27,,0.00,7.00,0.00,0.00,0.00,1.00,0,0,0,,,,,undefine,,1,โรงพยาบาลจุฬาภรณ์100เตียง,100B01-F3,"โรงพยาบาล 100B - ชั้น 3",,,,,,,,,,CRA,,,,arthonye,2024-06-23,,0,-
1393,CARRIER,42CLS004W2L0,100B01-HVAC-FCU-3.FL-070,,100B-FCU-3FL-070,44VJ9629343,,"Fan Coil Unit",,,,,,,,,"FANCOIL UNIT No.287 CAPACITY 13,000 BTU ห้องตรวจ 7 OPD Zone B",,FL.3,"In Use",,,2022-09-27,,0.00,7.00,0.00,0.00,0.00,1.00,0,0,0,,,,,undefine,,1,โรงพยาบาลจุฬาภรณ์100เตียง,100B01-F3,"โรงพยาบาล 100B - ชั้น 3",,,,,,,,,,CRA,,,,arthonye,2024-06-23,,0,-
1394,CARRIER,42CLS004W2L0,100B01-HVAC-FCU-3.FL-071,,100B-FCU-3FL-071,44VJ9629344,,"Fan Coil Unit",,,,,,,,,"FANCOIL UNIT No.288 CAPACITY 13,000 BTU ห้องตรวจ 8 OPD Zone B",,FL.3,"In Use",,,2022-09-27,,0.00,7.00,0.00,0.00,0.00,1.00,0,0,0,,,,,undefine,,1,โรงพยาบาลจุฬาภรณ์100เตียง,100B01-F3,"โรงพยาบาล 100B - ชั้น 3",,,,,,,,,,CRA,,,,arthonye,2024-06-23,,0,-
1395,CARRIER,42CLS004W2L0,100B01-HVAC-FCU-3.FL-072,,100B-FCU-3FL-072,44VG9625406,,"Fan Coil Unit",,,,,,,,,"FANCOIL UNIT No.289 CAPACITY 13,000 BTU ห้องตรวจ 9 OPD Zone B",,FL.3,"In Use",,,2022-09-27,,0.00,7.00,0.00,0.00,0.00,1.00,0,0,0,,,,,undefine,,1,โรงพยาบาลจุฬาภรณ์100เตียง,100B01-F3,"โรงพยาบาล 100B - ชั้น 3",,,,,,,,,,CRA,,,,arthonye,2024-06-23,,0,-
1396,CARRIER,42CLS004W2L0,100B01-HVAC-FCU-3.FL-073,,100B-FCU-3FL-073,44VG9625402,,"Fan Coil Unit",,,,,,,,,"FANCOIL UNIT No.290 CAPACITY 13,000 BTU ห้องตรวจ 10 OPD Zone B",,FL.3,"In Use",,,2022-09-27,,0.00,7.00,0.00,0.00,0.00,1.00,0,0,0,,,,,undefine,,1,โรงพยาบาลจุฬาภรณ์100เตียง,100B01-F3,"โรงพยาบาล 100B - ชั้น 3",,,,,,,,,,CRA,,,,arthonye,2024-06-23,,0,-
1397,CARRIER,42CLS006W2R0,100B01-HVAC-FCU-3.FL-074,,100B-FCU-3FL-074,44VH9627849,,"Fan Coil Unit",,,,,,,,,"FANCOIL UNIT No.291 CAPACITY 20,120 BTU Treatment room",,FL.3,"In Use",,,2022-09-27,,0.00,7.00,0.00,0.00,0.00,1.00,0,0,0,,,,,undefine,,1,โรงพยาบาลจุฬาภรณ์100เตียง,100B01-F3,"โรงพยาบาล 100B - ชั้น 3",,,,,,,,,,CRA,,,,arthonye,2024-06-23,,0,-
1398,CARRIER,42CLS006W2R0,100B01-HVAC-FCU-3.FL-075,,100B-FCU-3FL-075,44VH9627849,,"Fan Coil Unit",,,,,,,,,"FANCOIL UNIT No.292 CAPACITY 13,000 BTU Staff room",,FL.3,"In Use",,,2022-09-27,,0.00,7.00,0.00,0.00,0.00,1.00,0,0,0,,,,,undefine,,1,โรงพยาบาลจุฬาภรณ์100เตียง,100B01-F3,"โรงพยาบาล 100B - ชั้น 3",,,,,,,,,,CRA,,,,arthonye,2024-06-23,,0,-
1399,CARRIER,42CLS016W3L0,100B01-HVAC-FCU-3.FL-076,,100B-FCU-3FL-076,44VG8604007,,"Fan Coil Unit",,,,,,,,,"FANCOIL UNIT No.293 CAPACITY 51,830 BTU โถงทางเดินห้องตรวจ OPD Zone B ตัวด้านหน้า",,FL.3,"In Use",,,2022-09-27,,0.00,7.00,0.00,0.00,0.00,1.00,0,0,0,,,,,undefine,,1,โรงพยาบาลจุฬาภรณ์100เตียง,100B01-F3,"โรงพยาบาล 100B - ชั้น 3",,,,,,,,,,CRA,,,,arthonye,2024-06-23,,0,-
1400,CARRIER,42CLS020W4L0,100B01-HVAC-FCU-3.FL-077,,100B-FCU-3FL-077,44VJ9629364,,"Fan Coil Unit",,,,,,,,,"FANCOIL UNIT No.294 CAPACITY 75,770 BTU โถงทางเดินห้องตรวจ OPD Zone B ตัวด้านหลัง",,FL.3,"In Use",,,2022-09-27,,0.00,7.00,0.00,0.00,0.00,1.00,0,0,0,,,,,undefine,,1,โรงพยาบาลจุฬาภรณ์100เตียง,100B01-F3,"โรงพยาบาล 100B - ชั้น 3",,,,,,,,,,CRA,,,,arthonye,2024-06-23,,0,-
1401,CARRIER,42CH018W3L0,100B01-HVAC-FCU-3.FL-078,,100B-FCU-3FL-078,44VG8604008,,"Fan Coil Unit",,,,,,,,,"FANCOIL UNIT No.295 CAPACITY 51,830 BTU โถงทางเดินพักคอย OPD Zone B",,FL.3,"In Use",,,2022-09-27,,0.00,7.00,0.00,0.00,0.00,1.00,0,0,0,,,,,undefine,,1,โรงพยาบาลจุฬาภรณ์100เตียง,100B01-F3,"โรงพยาบาล 100B - ชั้น 3",,,,,,,,,,CRA,,,,arthonye,2024-06-23,,0,-
1402,CARRIER,42CH018W3LD,100B01-HVAC-FCU-3.FL-079,,100B-FCU-3FL-079,44VL7289141,,"Fan Coil Unit",,,,,,,,,"FANCOIL UNIT No.296 CAPACITY 56,850 BTU โถงทางเดินประตูนอก Zone 3B/OPD Zone 3B",,FL.3,"In Use",,,2022-09-27,,0.00,7.00,0.00,0.00,0.00,1.00,0,0,0,,,,,undefine,,1,โรงพยาบาลจุฬาภรณ์100เตียง,100B01-F3,"โรงพยาบาล 100B - ชั้น 3",,,,,,,,,,CRA,,,,arthonye,2024-06-23,,0,-
1403,CARRIER,42CH0101W3L0,100B01-HVAC-FCU-4.FL-001,,100B-FCU-4FL-001,44VH7278793,,"Fan Coil Unit",,,,,,,,,"FANCOIL UNIT No.297 CAPACITY 30,570 BTU หน่วยธุรการสื่อสารองค์กร",,FL.4,"In Use",,,2022-09-27,,0.00,7.00,0.00,0.00,0.00,1.00,0,0,0,,,,,undefine,,1,โรงพยาบาลจุฬาภรณ์100เตียง,100B01-F4,"โรงพยาบาล 100B - ชั้น 4",,,,,,,,,,CRA,,,,arthonye,2024-06-23,,0,-
1404,CARRIER,42CH006W3KD,100B01-HVAC-FCU-4.FL-002,,100B-FCU-4FL-002,44VL7287623,,"Fan Coil Unit",,,,,,,,,"FANCOIL UNIT No.298 CAPACITY 19,450 BTU ห้องประชุม IT",,FL.4,"In Use",,,2022-09-27,,0.00,7.00,0.00,0.00,0.00,1.00,0,0,0,,,,,undefine,,1,โรงพยาบาลจุฬาภรณ์100เตียง,100B01-F4,"โรงพยาบาล 100B - ชั้น 4",,,,,,,,,,CRA,,,,arthonye,2024-06-23,,0,-
1405,CARRIER,42JB010CWRH,100B01-HVAC-FCU-4.FL-003,,100B-FCU-4FL-003,44VL7288430,,"Fan Coil Unit",,,,,,,,,"FANCOIL UNIT No.299 CAPACITY 33,000 BTU ห้องนักพัฒนาโปรแกรม",,FL.4,"In Use",,,2022-09-27,,0.00,7.00,0.00,0.00,0.00,1.00,0,0,0,,,,,undefine,,1,โรงพยาบาลจุฬาภรณ์100เตียง,100B01-F4,"โรงพยาบาล 100B - ชั้น 4",,,,,,,,,,CRA,,,,arthonye,2024-06-23,,0,-
1406,CARRIER,N/A,100B01-HVAC-FCU-4.FL-004,,100B-FCU-4FL-004,44VL7287621,,"Fan Coil Unit",,,,,,,,,"FANCOIL UNIT No.300 CAPACITY 12,100 BTU ห้องให้คำปรึกษา",,FL.4,"In Use",,,2022-09-27,,0.00,7.00,0.00,0.00,0.00,1.00,0,0,0,,,,,undefine,,1,โรงพยาบาลจุฬาภรณ์100เตียง,100B01-F4,"โรงพยาบาล 100B - ชั้น 4",,,,,,,,,,CRA,,,,arthonye,2024-06-23,,0,-
1407,CARRIER,42CH008W3R0,100B01-HVAC-FCU-4.FL-005,,100B-FCU-4FL-005,N/A,,"Fan Coil Unit",,,,,,,,,"FANCOIL UNIT No.301 CAPACITY 24,290 BTU X-ray ดิจิตอล",,FL.4,"In Use",,,2022-09-27,,0.00,7.00,0.00,0.00,0.00,1.00,0,0,0,,,,,undefine,,1,โรงพยาบาลจุฬาภรณ์100เตียง,100B01-F4,"โรงพยาบาล 100B - ชั้น 4",,,,,,,,,,CRA,,,,arthonye,2024-06-23,,0,-
1408,CARRIER,42CH006W3L0,100B01-HVAC-FCU-4.FL-006,,100B-FCU-4FL-006,44VJ7281744,,"Fan Coil Unit",,,,,,,,,"FANCOIL UNIT No.302 CAPACITY 19,450 BTU X-ray ห้องหัตถการเต้านม",,FL.4,"In Use",,,2022-09-27,,0.00,7.00,0.00,0.00,0.00,1.00,0,0,0,,,,,undefine,,1,โรงพยาบาลจุฬาภรณ์100เตียง,100B01-F4,"โรงพยาบาล 100B - ชั้น 4",,,,,,,,,,CRA,,,,arthonye,2024-06-23,,0,-
1409,TRANE,N/A,100B01-HVAC-FCU-4.FL-007,,100B-FCU-4FL-007,N/A,,"Fan Coil Unit",,,,,,,,,"FANCOIL UNIT No.304 X-ray ห้อง UPS เครื่องที่ 1",,FL.4,"In Use",,,2022-09-27,,0.00,7.00,0.00,0.00,0.00,1.00,0,0,0,,,,,undefine,,1,โรงพยาบาลจุฬาภรณ์100เตียง,100B01-F4,"โรงพยาบาล 100B - ชั้น 4",,,,,,,,,,CRA,,,,arthonye,2024-06-23,,0,-
1410,TRANE,N/A,100B01-HVAC-FCU-4.FL-008,,100B-FCU-4FL-008,N/A,,"Fan Coil Unit",,,,,,,,,"FANCOIL UNIT No.305 X-ray ห้อง UPS เครื่องที่ 2",,FL.4,"In Use",,,2022-09-27,,0.00,7.00,0.00,0.00,0.00,1.00,0,0,0,,,,,undefine,,1,โรงพยาบาลจุฬาภรณ์100เตียง,100B01-F4,"โรงพยาบาล 100B - ชั้น 4",,,,,,,,,,CRA,,,,arthonye,2024-06-23,,0,-
1411,N/A,N/A,100B01-HVAC-FCU-4.FL-009,,100B-FCU-4FL-009,N/A,,"Fan Coil Unit",,,,,,,,,"FANCOIL UNIT No.306 ห้อง X-ray ดิจิตอล ตรวจ 1",,FL.4,"In Use",,,2022-09-27,,0.00,7.00,0.00,0.00,0.00,1.00,0,0,0,,,,,undefine,,1,โรงพยาบาลจุฬาภรณ์100เตียง,100B01-F4,"โรงพยาบาล 100B - ชั้น 4",,,,,,,,,,CRA,,,,arthonye,2024-06-23,,0,-
1412,CARRIER,42CH010W3R0,100B01-HVAC-FCU-4.FL-010,,100B-FCU-4FL-010,44VN7291586,,"Fan Coil Unit",,,,,,,,,"FANCOIL UNIT No.307 CAPACITY 30,570 BTU ห้อง X-ray",,FL.4,"In Use",,,2022-09-27,,0.00,7.00,0.00,0.00,0.00,1.00,0,0,0,,,,,undefine,,1,โรงพยาบาลจุฬาภรณ์100เตียง,100B01-F4,"โรงพยาบาล 100B - ชั้น 4",,,,,,,,,,CRA,,,,arthonye,2024-06-23,,0,-
1413,"Central air",ST-41-FA,100B01-HVAC-FCU-4.FL-011,,100B-FCU-4FL-011,4156070115,,"Fan Coil Unit",,,,,,,,,"FANCOIL UNIT No.308 CAPACITY 48,000 BTU ห้อง X-ray หลอดเลือดระบบดิจิตอล",,FL.4,"In Use",,,2022-09-27,,0.00,7.00,0.00,0.00,0.00,1.00,0,0,0,,,,,undefine,,1,โรงพยาบาลจุฬาภรณ์100เตียง,100B01-F4,"โรงพยาบาล 100B - ชั้น 4",,,,,,,,,,CRA,,,,arthonye,2024-06-23,,0,-
1414,CARRIER,42CH012W3L0,100B01-HVAC-FCU-4.FL-012,,100B-FCU-4FL-012,44VH7278817,,"Fan Coil Unit",,,,,,,,,"FANCOIL UNIT No.309 CAPACITY 37,360 BTU ห้องตรวจพิเศษ",,FL.4,"In Use",,,2022-09-27,,0.00,7.00,0.00,0.00,0.00,1.00,0,0,0,,,,,undefine,,1,โรงพยาบาลจุฬาภรณ์100เตียง,100B01-F4,"โรงพยาบาล 100B - ชั้น 4",,,,,,,,,,CRA,,,,arthonye,2024-06-23,,0,-
1415,DAIKIN,FHC18NUV25,100B01-HVAC-FCU-4.FL-013,,100B-FCU-4FL-013,N/A,,"Fan Coil Unit",,,,,,,,,"FANCOIL UNIT No.310 ห้องตรวจพิเศษ ด้านหลังทางเดิน Cassette Typ",,FL.4,"In Use",,,2022-09-27,,0.00,7.00,0.00,0.00,0.00,1.00,0,0,0,,,,,undefine,,1,โรงพยาบาลจุฬาภรณ์100เตียง,100B01-F4,"โรงพยาบาล 100B - ชั้น 4",,,,,,,,,,CRA,,,,arthonye,2024-06-23,,0,-
1416,CARRIER,42CH010LW3R0,100B01-HVAC-FCU-4.FL-014,,100B-FCU-4FL-014,44VK7286704,,"Fan Coil Unit",,,,,,,,,"FANCOIL UNIT No.311 CAPACITY 49,200 BTU ห้อง สนง.รังสีวินิจฉัย เครื่องที่ 1",,FL.4,"In Use",,,2022-09-27,,0.00,7.00,0.00,0.00,0.00,1.00,0,0,0,,,,,undefine,,1,โรงพยาบาลจุฬาภรณ์100เตียง,100B01-F4,"โรงพยาบาล 100B - ชั้น 4",,,,,,,,,,CRA,,,,arthonye,2024-06-23,,0,-
1417,DAIKIN,FHC36NUV25,100B01-HVAC-FCU-4.FL-015,,100B-FCU-4FL-015,,,"Fan Coil Unit",,,,,,,,,"FANCOIL UNIT No.312 ห้องตรวจพิเศษ Cassette Typ",,FL.4,"In Use",,,2022-09-27,,0.00,7.00,0.00,0.00,0.00,1.00,0,0,0,,,,,undefine,,1,โรงพยาบาลจุฬาภรณ์100เตียง,100B01-F4,"โรงพยาบาล 100B - ชั้น 4",,,,,,,,,,CRA,,,,arthonye,2024-06-23,,0,-
1418,CARRIER,42JB006CWRH,100B01-HVAC-FCU-4.FL-016,,100B-FCU-4FL-016,44VL7287845,,"Fan Coil Unit",,,,,,,,,"FANCOIL UNIT No.313 CAPACITY 43,100 BTU ห้องพักทานอาหารเจ้าหน้าที่",,FL.4,"In Use",,,2022-09-27,,0.00,7.00,0.00,0.00,0.00,1.00,0,0,0,,,,,undefine,,1,โรงพยาบาลจุฬาภรณ์100เตียง,100B01-F4,"โรงพยาบาล 100B - ชั้น 4",,,,,,,,,,CRA,,,,arthonye,2024-06-23,,0,-
1419,CARRIER,42JB004CWRH,100B01-HVAC-FCU-4.FL-017,,100B-FCU-4Fl-017,44VK7286017,,"Fan Coil Unit",,,,,,,,,"FANCOIL UNIT No.314 CAPACITY 13,480 BTU ห้องพักเจ้าหน้าที่",,FL.4,"In Use",,,2022-09-27,,0.00,7.00,0.00,0.00,0.00,1.00,0,0,0,,,,,undefine,,1,โรงพยาบาลจุฬาภรณ์100เตียง,100B01-F4,"โรงพยาบาล 100B - ชั้น 4",,,,,,,,,,CRA,,,,arthonye,2024-06-23,,0,-
1420,CARRIER,42JB0060WRH,100B01-HVAC-FCU-4.FL-018,,100B-FCU-4FL-018,44VH7279214,,"Fan Coil Unit",,,,,,,,,"FANCOIL UNIT No.315 CAPACITY 23,100 BTU ห้องทำงานเจ้าหน้าที่ งานรังสีวินิจฉัย หน้าลิฟท์ส่งยา",,FL.4,"In Use",,,2022-09-27,,0.00,7.00,0.00,0.00,0.00,1.00,0,0,0,,,,,undefine,,1,โรงพยาบาลจุฬาภรณ์100เตียง,100B01-F4,"โรงพยาบาล 100B - ชั้น 4",,,,,,,,,,CRA,,,,arthonye,2024-06-23,,0,-
1421,CARRIER,42CH006WSL0,100B01-HVAC-FCU-4.FL-019,,100B-FCU-4FL-019,44VH7288664,,"Fan Coil Unit",,,,,,,,,"FANCOIL UNIT No.316 CAPACITY 19,450 BTU ห้องลงทะเบียน จุดบริการ 3",,FL.4,"In Use",,,2022-09-27,,0.00,7.00,0.00,0.00,0.00,1.00,0,0,0,,,,,undefine,,1,โรงพยาบาลจุฬาภรณ์100เตียง,100B01-F4,"โรงพยาบาล 100B - ชั้น 4",,,,,,,,,,CRA,,,,arthonye,2024-06-23,,0,-
1422,CARRIER,42CH010W3R0,100B01-HVAC-FCU-4.FL-020,,100B-FCU-4FL-020,44VK7284341,,"Fan Coil Unit",,,,,,,,,"FANCOIL UNIT No.317 CAPACITY 30,570 BTU ห้องด้านในอัลตร้าซาวด์",,FL.4,"In Use",,,2022-09-27,,0.00,7.00,0.00,0.00,0.00,1.00,0,0,0,,,,,undefine,,1,โรงพยาบาลจุฬาภรณ์100เตียง,100B01-F4,"โรงพยาบาล 100B - ชั้น 4",,,,,,,,,,CRA,,,,arthonye,2024-06-23,,0,-
1423,CARRIER,42CH006W3LD,100B01-HVAC-FCU-4.FL-021,,100B-FCU-4FL-021,N/A,,"Fan Coil Unit",,,,,,,,,"FANCOIL UNIT No.318 CAPACITY 19,450 BTU ห้องส่วนพระองค์ เก็บของ",,FL.4,"In Use",,,2022-09-27,,0.00,7.00,0.00,0.00,0.00,1.00,0,0,0,,,,,undefine,,1,โรงพยาบาลจุฬาภรณ์100เตียง,100B01-F4,"โรงพยาบาล 100B - ชั้น 4",,,,,,,,,,CRA,,,,arthonye,2024-06-23,,0,-
1424,CARRIER,42CH018W3L0,100B01-HVAC-FCU-4.FL-022,,100B-FCU-4FL-022,44VL7289140,,"Fan Coil Unit",,,,,,,,,"FANCOIL UNIT No.319 CAPACITY 56,850 BTU โถงลิฟท์ส่วนพระองค์",,FL.4,"In Use",,,2022-09-27,,0.00,7.00,0.00,0.00,0.00,1.00,0,0,0,,,,,undefine,,1,โรงพยาบาลจุฬาภรณ์100เตียง,100B01-F4,"โรงพยาบาล 100B - ชั้น 4",,,,,,,,,,CRA,,,,arthonye,2024-06-23,,0,-
1425,CARRIER,1624-013-596,100B01-HVAC-FCU-4.FL-023,,100B-FCU-4FL-023,"7F16491483 (P.V)",,"Fan Coil Unit",,,,,,,,,"FANCOIL UNIT No.320 ห้อง X-ray เต้านมดิจิตอล",,FL.4,"In Use",,,2022-09-27,,0.00,7.00,0.00,0.00,0.00,1.00,0,0,0,,,,,undefine,,1,โรงพยาบาลจุฬาภรณ์100เตียง,100B01-F4,"โรงพยาบาล 100B - ชั้น 4",,,,,,,,,,CRA,,,,arthonye,2024-06-23,,0,-
1426,TRANE,HFCD14C001AA,100B01-HVAC-FCU-4.FL-024,,100B-FCU-4FL-024,370409-311161,,"Fan Coil Unit",,,,,,,,,"FANCOIL UNIT No.321 ห้อง X-ray หลอดเลือดระบบดิจิตอล",,FL.4,"In Use",,,2022-09-27,,0.00,7.00,0.00,0.00,0.00,1.00,0,0,0,,,,,undefine,,1,โรงพยาบาลจุฬาภรณ์100เตียง,100B01-F4,"โรงพยาบาล 100B - ชั้น 4",,,,,,,,,,CRA,,,,arthonye,2024-06-23,,0,-
1427,TRANE,HFCDA4001AA,100B01-HVAC-FCU-4.FL-025,,100B-FCU-4FL-025,N/A,,"Fan Coil Unit",,,,,,,,,"FANCOIL UNIT No.322 X-ray หลอดเลือดระบบดิจิตอล",,FL.4,"In Use",,,2022-09-27,,0.00,7.00,0.00,0.00,0.00,1.00,0,0,0,,,,,undefine,,1,โรงพยาบาลจุฬาภรณ์100เตียง,100B01-F4,"โรงพยาบาล 100B - ชั้น 4",,,,,,,,,,CRA,,,,arthonye,2024-06-23,,0,-
1428,TRANE,M0T09622,100B01-HVAC-FCU-4.FL-026,,100B-FCU-4FL-026,N/A,,"Fan Coil Unit",,,,,,,,,"FANCOIL UNIT No.323 X-ray หลอดเลือดระบบดิจิตอล",,FL.4,"In Use",,,2022-09-27,,0.00,7.00,0.00,0.00,0.00,1.00,0,0,0,,,,,undefine,,1,โรงพยาบาลจุฬาภรณ์100เตียง,100B01-F4,"โรงพยาบาล 100B - ชั้น 4",,,,,,,,,,CRA,,,,arthonye,2024-06-23,,0,-
1429,TRANE,CFEB0600MTT0AA,100B01-HVAC-FCU-4.FL-027,,100B-FCU-4FL-027,310709-1138911,,"Fan Coil Unit",,,,,,,,,"FANCOIL UNIT No.324 โถงลิฟท์ส่วนพระองค์",,FL.4,"In Use",,,2022-09-27,,0.00,7.00,0.00,0.00,0.00,1.00,0,0,0,,,,,undefine,,1,โรงพยาบาลจุฬาภรณ์100เตียง,100B01-F4,"โรงพยาบาล 100B - ชั้น 4",,,,,,,,,,CRA,,,,arthonye,2024-06-23,,0,-
1430,TRANE,42CH018W3RD,100B01-HVAC-FCU-4.FL-028,,100B-FCU-4FL-028,44VL7289145,,"Fan Coil Unit",,,,,,,,,"FANCOIL UNIT No.325 โถงทางเดินหน้าลิฟท์",,FL.4,"In Use",,,2022-09-27,,0.00,7.00,0.00,0.00,0.00,1.00,0,0,0,,,,,undefine,,1,โรงพยาบาลจุฬาภรณ์100เตียง,100B01-F4,"โรงพยาบาล 100B - ชั้น 4",,,,,,,,,,CRA,,,,arthonye,2024-06-23,,0,-
1431,CARRIER,42CH014W3R0,100B01-HVAC-FCU-4.FL-029,,100B-FCU-4FL-029,44VM7292438,,"Fan Coil Unit",,,,,,,,,"FANCOIL UNIT No.326 CAPACITY 44,900 BTU ห้องประชุมเล็ก",,FL.4,"In Use",,,2022-09-27,,0.00,7.00,0.00,0.00,0.00,1.00,0,0,0,,,,,undefine,,1,โรงพยาบาลจุฬาภรณ์100เตียง,100B01-F4,"โรงพยาบาล 100B - ชั้น 4",,,,,,,,,,CRA,,,,arthonye,2024-06-23,,0,-
1432,CARRIER,N/A,100B01-HVAC-FCU-4.FL-030,,100B-FCU-4FL-030,44VH7278793,,"Fan Coil Unit",,,,,,,,,"FANCOIL UNIT No.327 CAPACITY 30,570 BTU ห้องหน่วยธุรการสื่อสารองค์กร",,FL.4,"In Use",,,2022-09-27,,0.00,7.00,0.00,0.00,0.00,1.00,0,0,0,,,,,undefine,,1,โรงพยาบาลจุฬาภรณ์100เตียง,100B01-F4,"โรงพยาบาล 100B - ชั้น 4",,,,,,,,,,CRA,,,,arthonye,2024-06-23,,0,-
1433,CARRIER,N/A,100B01-HVAC-FCU-4.FL-031,,100B-FCU-4FL-031,N/A,,"Fan Coil Unit",,,,,,,,,"FANCOIL UNIT No.328 CAPACITY 19,450 BTU ห้อง IT ประชุม",,FL.4,"In Use",,,2022-09-27,,0.00,7.00,0.00,0.00,0.00,1.00,0,0,0,,,,,undefine,,1,โรงพยาบาลจุฬาภรณ์100เตียง,100B01-F4,"โรงพยาบาล 100B - ชั้น 4",,,,,,,,,,CRA,,,,arthonye,2024-06-23,,0,-
1434,CARRIER,N/A,100B01-HVAC-FCU-4.FL-032,,100B-FCU-4FL-032,44VL7288430,,"Fan Coil Unit",,,,,,,,,"FANCOIL UNIT No.329 CAPACITY 33,000 BTU ห้องนักพัมนาโปรแกรม",,FL.4,"In Use",,,2022-09-27,,0.00,7.00,0.00,0.00,0.00,1.00,0,0,0,,,,,undefine,,1,โรงพยาบาลจุฬาภรณ์100เตียง,100B01-F4,"โรงพยาบาล 100B - ชั้น 4",,,,,,,,,,CRA,,,,arthonye,2024-06-23,,0,-
1435,CARRIER,N/A,100B01-HVAC-FCU-4.FL-033,,100B-FCU-4FL-033,44VL7287621,,"Fan Coil Unit",,,,,,,,,"FANCOIL UNIT No.330 CAPACITY 12,100 BTU ห้องให้คำปรึกษา",,FL.4,"In Use",,,2022-09-27,,0.00,7.00,0.00,0.00,0.00,1.00,0,0,0,,,,,undefine,,1,โรงพยาบาลจุฬาภรณ์100เตียง,100B01-F4,"โรงพยาบาล 100B - ชั้น 4",,,,,,,,,,CRA,,,,arthonye,2024-06-23,,0,-
1436,CARRIER,N/A,100B01-HVAC-FCU-4.FL-034,,100B-FCU-4FL-034,N/A,,"Fan Coil Unit",,,,,,,,,"FANCOIL UNIT No.331 CAPACITY 24,290 BTU ห้องเอกซ์เรย์ดิจิตอล",,FL.4,"In Use",,,2022-09-27,,0.00,7.00,0.00,0.00,0.00,1.00,0,0,0,,,,,undefine,,1,โรงพยาบาลจุฬาภรณ์100เตียง,100B01-F4,"โรงพยาบาล 100B - ชั้น 4",,,,,,,,,,CRA,,,,arthonye,2024-06-23,,0,-
1437,CARRIER,N/A,100B01-HVAC-FCU-4.FL-035,,100B-FCU-4FL-035,44VJ7281744,,"Fan Coil Unit",,,,,,,,,"FANCOIL UNIT No.332 CAPACITY 19,450 BTU ห้องหัตถการเต้านม",,FL.4,"In Use",,,2022-09-27,,0.00,7.00,0.00,0.00,0.00,1.00,0,0,0,,,,,undefine,,1,โรงพยาบาลจุฬาภรณ์100เตียง,100B01-F4,"โรงพยาบาล 100B - ชั้น 4",,,,,,,,,,CRA,,,,arthonye,2024-06-23,,0,-
1438,TRANE,N/A,100B01-HVAC-FCU-4.FL-036,,100B-FCU-4FL-036,N/A,,"Fan Coil Unit",,,,,,,,,"FANCOIL UNIT No.333 ห้อง UPS",,FL.4,"In Use",,,2022-09-27,,0.00,7.00,0.00,0.00,0.00,1.00,0,0,0,,,,,undefine,,1,โรงพยาบาลจุฬาภรณ์100เตียง,100B01-F4,"โรงพยาบาล 100B - ชั้น 4",,,,,,,,,,CRA,,,,arthonye,2024-06-23,,0,-
1439,TRANE,N/A,100B01-HVAC-FCU-4.FL-037,,100B-FCU-4FL-037,N/A,,"Fan Coil Unit",,,,,,,,,"FANCOIL UNIT No.334 ห้อง UPS",,FL.4,"In Use",,,2022-09-27,,0.00,7.00,0.00,0.00,0.00,1.00,0,0,0,,,,,undefine,,1,โรงพยาบาลจุฬาภรณ์100เตียง,100B01-F4,"โรงพยาบาล 100B - ชั้น 4",,,,,,,,,,CRA,,,,arthonye,2024-06-23,,0,-
1440,CARRIER,N/A,100B01-HVAC-FCU-4.FL-038,,100B-FCU-4FL-038,N/A,,"Fan Coil Unit",,,,,,,,,"FANCOIL UNIT No.335 ห้องเอกซ์เรย์ดิจิตอล / ตรวจ 1",,FL.4,"In Use",,,2022-09-27,,0.00,7.00,0.00,0.00,0.00,1.00,0,0,0,,,,,undefine,,1,โรงพยาบาลจุฬาภรณ์100เตียง,100B01-F4,"โรงพยาบาล 100B - ชั้น 4",,,,,,,,,,CRA,,,,arthonye,2024-06-23,,0,-
1441,CARRIER,N/A,100B01-HVAC-FCU-4.FL-039,,100B-FCU-4FL-039,44VM7291586,,"Fan Coil Unit",,,,,,,,,"FANCOIL UNIT No.336 CAPACITY 30,570 BTU ห้องเอกซ์เรย์คอมพิวเตอร์",,FL.4,"In Use",,,2022-09-27,,0.00,7.00,0.00,0.00,0.00,1.00,0,0,0,,,,,undefine,,1,โรงพยาบาลจุฬาภรณ์100เตียง,100B01-F4,"โรงพยาบาล 100B - ชั้น 4",,,,,,,,,,CRA,,,,arthonye,2024-06-23,,0,-
1442,"Central air",N/A,100B01-HVAC-FCU-4.FL-040,,100B-FCU-4FL-040,4156070115,,"Fan Coil Unit",,,,,,,,,"FANCOIL UNIT No.337 CAPACITY 48,000 BTU ห้องเอกซ์เรย์หลอดเลือดระบบดิจิตอล",,FL.4,"In Use",,,2022-09-27,,0.00,7.00,0.00,0.00,0.00,1.00,0,0,0,,,,,undefine,,1,โรงพยาบาลจุฬาภรณ์100เตียง,100B01-F4,"โรงพยาบาล 100B - ชั้น 4",,,,,,,,,,CRA,,,,arthonye,2024-06-23,,0,-
1443,CARRIER,N/A,100B01-HVAC-FCU-4.FL-041,,100B-FCU-4FL-041,44VH7278817,,"Fan Coil Unit",,,,,,,,,"FANCOIL UNIT No.338 CAPACITY 37,360 BTU ห้องตรวจพิเศษ",,FL.4,"In Use",,,2022-09-30,,0.00,7.00,0.00,0.00,0.00,1.00,0,0,0,,,,,undefine,,1,โรงพยาบาลจุฬาภรณ์100เตียง,100B01-F4,"โรงพยาบาล 100B - ชั้น 4",,,,,,,,,,CRA,,,,arthonye,2024-06-23,,0,-
1444,DAIKIN,N/A,100B01-HVAC-FCU-4.FL-042,,100B-FCU-4FL042,N/A,,"Fan Coil Unit",,,,,,,,,"FANCOIL UNIT No.339 ห้องตรวจพิเศษ",,FL.4,"In Use",,,2022-09-30,,0.00,7.00,0.00,0.00,0.00,1.00,0,0,0,,,,,undefine,,1,โรงพยาบาลจุฬาภรณ์100เตียง,100B01-F4,"โรงพยาบาล 100B - ชั้น 4",,,,,,,,,,CRA,,,,arthonye,2024-06-23,,0,-
1445,CARRIER,N/A,100B01-HVAC-FCU-4.FL-043,,100B-FCU-4FL-043,44VK7286704,,"Fan Coil Unit",,,,,,,,,"FANCOIL UNIT No.340 CAPACITY 49,200 BTU ห้อง สนง.รังสีวินิจฉัย / 1",,FL.4,"In Use",,,2022-09-30,,0.00,7.00,0.00,0.00,0.00,1.00,0,0,0,,,,,undefine,,1,โรงพยาบาลจุฬาภรณ์100เตียง,100B01-F4,"โรงพยาบาล 100B - ชั้น 4",,,,,,,,,,CRA,,,,arthonye,2024-06-23,,0,-
1446,DAIKIN,N/A,100B01-HVAC-FCU-4.FL-044,,100B-FCU-4FL-044,N/A,,"Fan Coil Unit",,,,,,,,,"FANCOIL UNIT No.341 ห้องตรวจพิเศษ",,FL.4,"In Use",,,2022-09-30,,0.00,7.00,0.00,0.00,0.00,1.00,0,0,0,,,,,undefine,,1,โรงพยาบาลจุฬาภรณ์100เตียง,100B01-F4,"โรงพยาบาล 100B - ชั้น 4",,,,,,,,,,CRA,,,,arthonye,2024-06-23,,0,-
1447,CARRIER,N/A,100B01-HVAC-FCU-4.FL-045,,100B-FCU-4FL-045,44VL7287845,,"Fan Coil Unit",,,,,,,,,"FANCOIL UNIT No.342 CAPACITY 23,100 BTU ห้องพักทานอาหารเจ้าหน้าที่",,FL.4,"In Use",,,2022-09-30,,0.00,7.00,0.00,0.00,0.00,1.00,0,0,0,,,,,undefine,,1,โรงพยาบาลจุฬาภรณ์100เตียง,100B01-F4,"โรงพยาบาล 100B - ชั้น 4",,,,,,,,,,CRA,,,,arthonye,2024-06-23,,0,-
1448,CARRIER,N/A,100B01-HVAC-FCU-4.FL-046,,100B-FCU-4FL-046,44VK7286017,,"Fan Coil Unit",,,,,,,,,"FANCOIL UNIT No.343 CAPACITY 13,480 BTU ห้องพักเจ้าหน้าที่",,FL.4,"In Use",,,2022-09-30,,0.00,7.00,0.00,0.00,0.00,1.00,0,0,0,,,,,undefine,,1,โรงพยาบาลจุฬาภรณ์100เตียง,100B01-F4,"โรงพยาบาล 100B - ชั้น 4",,,,,,,,,,CRA,,,,arthonye,2024-06-23,,0,-
1449,CARRIER,N/A,100B01-HVAC-FCU-4.FL-047,,100B-FCU-4Fl-047,44VH7279214,,"Fan Coil Unit",,,,,,,,,"FANCOIL UNIT No.344 CAPACITY 23,100 BTU ห้องทำงานเจ้าหน้าที่ / หน้าลิฟต์ส่งยา",,FL.4,"In Use",,,2022-09-30,,0.00,7.00,0.00,0.00,0.00,1.00,0,0,0,,,,,undefine,,1,โรงพยาบาลจุฬาภรณ์100เตียง,100B01-F4,"โรงพยาบาล 100B - ชั้น 4",,,,,,,,,,CRA,,,,arthonye,2024-06-23,,0,-
1450,CARRIER,N/A,100B01-HVAC-FCU-4.FL-048,,100B-FCU-4FL-048,44VH7288664,,"Fan Coil Unit",,,,,,,,,"FANCOIL UNIT No.345 CAPACITY 19,450 BTU ห้องลงทะเบียน",,FL.4,"In Use",,,2022-09-30,,0.00,7.00,0.00,0.00,0.00,1.00,0,0,0,,,,,undefine,,1,โรงพยาบาลจุฬาภรณ์100เตียง,100B01-F4,"โรงพยาบาล 100B - ชั้น 4",,,,,,,,,,CRA,,,,arthonye,2024-06-23,,0,-
1451,CARRIER,N/A,100B01-HVAC-FCU-4.FL-049,,100B-FCU-4FL-049,44VK7284341,,"Fan Coil Unit",,,,,,,,,"FANCOIL UNIT No.346 CAPACITY 30,570 BTU ห้องอัลตร้าซาวด์",,FL.4,"In Use",,,2022-09-30,,0.00,7.00,0.00,0.00,0.00,1.00,0,0,0,,,,,undefine,,1,โรงพยาบาลจุฬาภรณ์100เตียง,100B01-F4,"โรงพยาบาล 100B - ชั้น 4",,,,,,,,,,CRA,,,,arthonye,2024-06-23,,0,-
1074,SIEMENS,1LE1501-1EB23,100B03-HVAC-PCHP-4.FL-001,,100B-PCHP1-4FL-001,LMH-2010/800023268822/008,,"Primary Chilled Water Pump",,,,,,,,,"PCHP 01",18.5kW/400V/1465RPM/35.0A/50Hz,FL.4,"In Use",,,2022-08-31,,0.00,7.00,0.00,0.00,0.00,1.00,0,0,0,,,,,undefine,,1,โรงพยาบาลจุฬาภรณ์100เตียง,100B03-F4,บริการกลางชั้น4,,,,,,,,,,CRA,,,,arthonye,2024-06-23,,0,-
1075,CMG,"M34015003HGAT 19040062",100B03-HVAC-PCHP-4.FL-002,,100B-PCHP2-4FL-002,440000418/010-004,,"Primary Chilled Water Pump",,,,,,,,,"PCHP 02",15kW/380V/1450rpm/29A/50Hz,FL.4,"In Use",,,2022-08-31,,0.00,7.00,0.00,0.00,0.00,1.00,0,0,0,,,,,undefine,,1,โรงพยาบาลจุฬาภรณ์100เตียง,100B03-F4,บริการกลางชั้น4,,,,,,,,,,CRA,,,,arthonye,2024-06-23,,0,-
1076,SIEMENS,1LE1501-1EB23,100B03-HVAC-PCHP-4.FL-003,,100B-PCHP3-4FL-003,"LMH 2009/800022977767/008",,"Primary Chilled Water Pump",,,,,,,,,"PCHP 03",18.5kW/400V/1465RPM/35.0A/50Hz,FL.4,"In Use",,,2022-05-22,,0.00,7.00,0.00,0.00,0.00,1.00,0,0,0,,,,,undefine,,1,โรงพยาบาลจุฬาภรณ์100เตียง,100B03-F4,บริการกลางชั้น4,,,,,,,,,,CRA,,,,arthonye,2024-06-23,,0,-
1077,ABB,M2QA160L4A,100B03-HVAC-PCHP-4.FL-004,,100B-PCHP4-4FL-004,3G1C19010690258021,,"Primary Chilled Water Pump",,,,,,,,,"PCHP 04","15kW,380V,1450rpm,29A",FL.4,"In Use",,,2022-08-31,,0.00,7.00,0.00,0.00,0.00,1.00,0,0,0,,,,,undefine,,1,โรงพยาบาลจุฬาภรณ์100เตียง,100B03-F4,บริการกลางชั้น4,,,,,,,,,,CRA,,,,arthonye,2024-06-23,,0,-
1078,ABB,M2QA225S4A,100B03-HVAC-SCHP-4.FL-001,,100B-SCHP-4FL-001,301C18310688665004,,"Secondary Chilled Water Pump",,,,,,,,,"SCHP 01","37kW,380V,1475RPM,70.1A",FL.4,"In Use",,,2022-08-31,,0.00,7.00,0.00,0.00,0.00,1.00,0,0,0,,,,,undefine,,1,โรงพยาบาลจุฬาภรณ์100เตียง,100B03-F4,บริการกลางชั้น4,,,,,,,,,,CRA,,,,arthonye,2024-06-23,,0,-
1079,ABB,M2QA225S4A,100B03-HVAC-SCHP-4.FL-002,,100B-SCHP-4FL-002,3G1D18510688665006,,"Secondary Chilled Water Pump",,,,,,,,,"SCHP 02","37kW,380V,1475RPM,70.1A",FL.4,"In Use",,,2022-08-31,,0.00,7.00,0.00,0.00,0.00,1.00,0,0,0,,,,,undefine,,1,โรงพยาบาลจุฬาภรณ์100เตียง,100B03-F4,บริการกลางชั้น4,,,,,,,,,,CRA,,,,arthonye,2024-06-23,,0,-
1080,SIEMENS,1LE1501-2BB23,100B03-HVAC-SCHP-4.FL-003,,100B-SCHP3-4FL-003,"LMH 2203/800027298144/001",,"Secondary Chilled Water Pump",,,,,,,,,"SCHP 03",45kW/400V/80A/1475RPM/50Hz,FL.4,"In Use",,,2022-08-31,,0.00,7.00,0.00,0.00,0.00,1.00,0,0,0,,,,,undefine,,1,โรงพยาบาลจุฬาภรณ์100เตียง,100B03-F4,บริการกลางชั้น4,,,,,,,,,,CRA,,,,arthonye,2024-06-23,,0,-
1081,SIEMENS,1LE1501-2BB23,100B03-HVAC-SCHP-4.FL-004,,100B-SCHP4-4FL-004,"LMH 2203/800027298144/002",,"Secondary Chilled Water Pump",,,,,,,,,"SCHP 04",45kW/400V/80A/1475RPM/50Hz,FL.4,"In Use",,,2022-08-31,,0.00,7.00,0.00,0.00,0.00,1.00,0,0,0,,,,,undefine,,1,โรงพยาบาลจุฬาภรณ์100เตียง,100B03-F4,บริการกลางชั้น4,,,,,,,,,,CRA,,,,arthonye,2024-06-23,,0,-
1475,DAIKIN,ZUWV6N8MFLGE3LCL2S,100B03-HVAC-CH-4.FL-001,,"100B-Chiller Water Cool-4FL-001",W610159,,"Chiller Water Cool",,,,,,,,,"Chiller Water Cool No.01",,FL.4,"In Use",,,2022-10-17,,0.00,7.00,0.00,0.00,0.00,1.00,0,0,0,,,,,undefine,,1,โรงพยาบาลจุฬาภรณ์100เตียง,100B03-F4,บริการกลางชั้น4,,,,,,,,,,CRA,,,,arthonye,2024-06-23,,0,-
1476,CARRIER,30XW1351P,100B03-HVAC-CH-4.FL-002,,"100B-Chiller Water Cool-4FL-002",XWS2151,,"Chiller Water Cool",,,,,,,,,"Chiller Water Cool No.02",,FL.4,"In Use",,,2022-10-17,,0.00,7.00,0.00,0.00,0.00,1.00,0,0,0,,,,,undefine,,1,โรงพยาบาลจุฬาภรณ์100เตียง,100B03-F4,บริการกลางชั้น4,,,,,,,,,,CRA,,,,arthonye,2024-06-23,,0,-
1477,DAIKIN,ZUWV6N8MFLGE3LCL2S,100B03-HVAC-CH-4.FL-003,,"100B-Chiller Water Cool-4FL-003",W610160,,"Chiller Water Cool",,,,,,,,,"Chiller Water Cool No.03",,FL.4,"In Use",,,2022-10-17,,0.00,7.00,0.00,0.00,0.00,1.00,0,0,0,,,,,undefine,,1,โรงพยาบาลจุฬาภรณ์100เตียง,100B03-F4,บริการกลางชั้น4,,,,,,,,,,CRA,,,,arthonye,2024-06-23,,0,-
1478,CARRIER,30XW1351P,100B03-HVAC-CH-4.FL-004,,"100B-Chiller Water Cool-4FL-004",,,"Chiller Water Cool",,,,,,,,,"Chiller Water Cool No.04",,FL.4,"In Use",,,2022-10-17,,0.00,7.00,0.00,0.00,0.00,1.00,0,0,0,,,,,undefine,,1,โรงพยาบาลจุฬาภรณ์100เตียง,100B03-F4,บริการกลางชั้น4,,,,,,,,,,CRA,,,,arthonye,2024-06-23,,0,-
1070,ABB,M2QA200L4A,100B03-HVAC-CDWP-5.FL-001,,100B-CDP1-5FL-001,3G1C19050695604008,,"Condenser Water Pump",,,,,,,,,"Condenser Pump 01",30kW/380V/1470RPM/56.5A/50Hz,FL.5,"In Use",,,2022-08-31,,0.00,7.00,0.00,0.00,0.00,1.00,0,0,0,,,,,undefine,,1,โรงพยาบาลจุฬาภรณ์100เตียง,100B03-F5,บริการกลางชั้น5,,,,,,,,,,CRA,,,,arthonye,2024-06-23,,0,-
1071,SIEMENS,1LE1501-2AB53,100B03-HVAC-CDWP-5.FL-002,,100B-CDP2-5FL-002,LMH-2203/800028516625/011,,"Condenser Water Pump",,,,,,,,,"Condenser Pump 02",30kW/400V/1470RPM/56.0A/50Hz,FL.5,"In Use",,,2022-08-31,,0.00,7.00,0.00,0.00,0.00,1.00,0,0,0,,,,,undefine,,1,โรงพยาบาลจุฬาภรณ์100เตียง,100B03-F5,บริการกลางชั้น5,,,,,,,,,,CRA,,,,arthonye,2024-06-23,,0,-
1072,SIEMENS,1LE1501-2AB53,100B03-HVAC-CDWP-5.FL-003,,100B-CDP3-5FL-003,LMH-2203/800028516625/009,,"Condenser Water Pump",,,,,,,,,"Condenser Pump 03",30kW/400V/1470RPM/56.0A/50Hz,FL.5,"In Use",,,2022-08-31,,0.00,7.00,0.00,0.00,0.00,1.00,0,0,0,,,,,undefine,,1,โรงพยาบาลจุฬาภรณ์100เตียง,100B03-F5,บริการกลางชั้น5,,,,,,,,,,CRA,,,,arthonye,2024-06-23,,0,-
1073,ABB,M2QA200L4A,100B03-HVAC-CDWP-5.FL-004,,100B-CDP4-5FL-004,3G1C19050695604007,,"Condenser Water Pump",,,,,,,,,"Condenser Pump 04",30kW/380V/1470RPM/56.5A/50Hz,FL.5,"In Use",,,2022-08-31,,0.00,7.00,0.00,0.00,0.00,1.00,0,0,0,,,,,undefine,,1,โรงพยาบาลจุฬาภรณ์100เตียง,100B03-F5,บริการกลางชั้น5,,,,,,,,,,CRA,,,,arthonye,2024-06-23,,0,-
1085,HITACHI,TKF-KK(TFOD-132S)-4P,100B03-HVAC-CT-5.FL-001,,100B-CT-5FL-001,17050003,,"Cooling Tower",,,,,,,,,"COOLING TOWER No.01","200TON/Cell Type: Cross Flow / 7.5HP/380V/50Hz","ดาดฟ้าอาคารบริการ FL.5","In Use",,,2022-08-31,,0.00,7.00,0.00,0.00,0.00,1.00,0,0,0,,,,,undefine,,1,โรงพยาบาลจุฬาภรณ์100เตียง,100B03-F5,บริการกลางชั้น5,,"Cooling Tower",,,,,,,,CRA,,,,arthonye,2024-06-23,,0,-
1086,HITACHI,TKF-KK(TFOD-132S)-4P,100B03-HVAC-CT-5.FL-002,,100B-CT-5FL-002,17050021,,"Cooling Tower",,,,,,,,,"COOLING TOWER No.02","200TON/Cell Type: Cross Flow / 7.5HP/380V/50Hz","ดาดฟ้าอาคารบริการ FL.5","In Use",,,2022-08-31,,0.00,7.00,0.00,0.00,0.00,1.00,0,0,0,,,,,undefine,,1,โรงพยาบาลจุฬาภรณ์100เตียง,100B03-F5,บริการกลางชั้น5,,"Cooling Tower",,,,,,,,CRA,,,,arthonye,2024-06-23,,0,-
1087,HITACHI,TKF-KK(TFOD-132S)-4P,100B03-HVAC-CT-5.FL-003,,100B-CT-5FL-003,17050022,,"Cooling Tower",,,,,,,,,"COOLING TOWER No.03","200TON/Cell Type: Cross Flow / 7.5HP/380V/50Hz","ดาดฟ้าอาคารบริการ FL.5","In Use",,,2022-08-31,,0.00,7.00,0.00,0.00,0.00,1.00,0,0,0,,,,,undefine,,1,โรงพยาบาลจุฬาภรณ์100เตียง,100B03-F5,บริการกลางชั้น5,,"Cooling Tower",,,,,,,,CRA,,,,arthonye,2024-06-23,,0,-
1088,HITACHI,TKF-KK(TFOD-132S)-4P,100B03-HVAC-CT-5.FL-004,,100B-CT-5FL-004,17050001,,"Cooling Tower",,,,,,,,,"COOLING TOWER No.04","200TON/Cell Type: Cross Flow / 7.5HP/380V/50Hz","ดาดฟ้าอาคารบริการ FL.5","In Use",,,2022-08-31,,0.00,7.00,0.00,0.00,0.00,1.00,0,0,0,,,,,undefine,,1,โรงพยาบาลจุฬาภรณ์100เตียง,100B03-F5,บริการกลางชั้น5,,"Cooling Tower",,,,,,,,CRA,,,,arthonye,2024-06-23,,0,-
1089,HITACHI,TKF-KK(TFOD-132S)-4P,100B03-HVAC-CT-5.FL-005,,100B-CT-5FL-005,17050020,,"Cooling Tower",,,,,,,,,"COOLING TOWER No.05","200TON/Cell Type: Cross Flow / 7.5HP/380V/50Hz","ดาดฟ้าอาคารบริการ FL.5","In Use",,,2022-08-31,,0.00,7.00,0.00,0.00,0.00,1.00,0,0,0,,,,,undefine,,1,โรงพยาบาลจุฬาภรณ์100เตียง,100B03-F5,บริการกลางชั้น5,,"Cooling Tower",,,,,,,,CRA,,,,arthonye,2024-06-23,,0,-
1090,HITACHI,TKF-KK(TFOD-132S)-4P,100B03-HVAC-CT-5.FL-006,,100B-CT-5FL-006,17050004,,"Cooling Tower",,,,,,,,,"COOLING TOWER No.06","200TON/Cell Type: Cross Flow / 7.5HP/380V/50Hz","ดาดฟ้าอาคารบริการ FL.5","In Use",,,2022-08-31,,0.00,7.00,0.00,0.00,0.00,1.00,0,0,0,,,,,undefine,,1,โรงพยาบาลจุฬาภรณ์100เตียง,100B03-F5,บริการกลางชั้น5,,"Cooling Tower",,,,,,,,CRA,,,,arthonye,2024-06-23,,0,-
1091,HITACHI,TKF-KK(TFOD-132S)-4P,100B03-HVAC-CT-5.FL-007,,100B-CT-5FL-007,17110013,,"Cooling Tower",,,,,,,,,"COOLING TOWER No.07","200TON/Cell Type: Cross Flow / 7.5HP/380V/50Hz","ดาดฟ้าอาคารบริการ FL.5","In Use",,,2022-08-31,,0.00,7.00,0.00,0.00,0.00,1.00,0,0,0,,,,,undefine,,1,โรงพยาบาลจุฬาภรณ์100เตียง,100B03-F5,บริการกลางชั้น5,,"Cooling Tower",,,,,,,,CRA,,,,arthonye,2024-06-23,,0,-
1092,HITACHI,TKF-KK(TFOD-132S)-4P,100B03-HVAC-CT-5.FL-008,,100B-CT-5FL-008,17110021,,"Cooling Tower",,,,,,,,,"COOLING TOWER No.08","200TON/Cell Type: Cross Flow / 7.5HP/380V/50Hz","ดาดฟ้าอาคารบริการ FL.5","In Use",,,2022-08-31,,0.00,7.00,0.00,0.00,0.00,1.00,0,0,0,,,,,undefine,,1,โรงพยาบาลจุฬาภรณ์100เตียง,100B03-F5,บริการกลางชั้น5,,"Cooling Tower",,,,,,,,CRA,,,,arthonye,2024-06-23,,0,-
2153,DAIKIN,UAL340D5,100B03-HVAC-CH-5.FL-005,,"100B-Chiller Water Cool-5FL-005","1ywjp000074 (mini-05)",,"Chiller Air Cool",,,,,,,,,"Daikin aircool 20 tons",,,"In Use",,,2023-11-08,2023-11-08,0.00,0.00,0.00,0.00,0.00,1.00,0,0,0,,,,,undefine,,1,โรงพยาบาลจุฬาภรณ์100เตียง,100B03-F5,บริการกลางชั้น5,,,,,,,,,,CRA,,,,arthonye,2024-06-23,,0,-
1472,N/A,N/A,100B01-HVAC-PAF-RF.FL-001,,100B-PF-RFL-001,,,"Pressurized Air Fan",,,,,,,,,"Pressurized Fan No.01",,FL.RF,"In Use",,,2022-10-11,,0.00,7.00,0.00,0.00,0.00,1.00,0,0,0,,,,,undefine,,1,โรงพยาบาลจุฬาภรณ์100เตียง,100B01-FRF,"โรงพยาบาล 100B - ชั้น RF",,,,,,,,,,CRA,,,,arthonye,2024-06-23,,0,-
1473,N/A,N/A,100B01-HVAC-PAF-RF.FL-002,,100B-PF-RFL-002,,,"Pressurized Air Fan",,,,,,,,,"Pressurized Fan No.02",,FL.RF,"In Use",,,2022-10-11,,0.00,7.00,0.00,0.00,0.00,1.00,0,0,0,,,,,undefine,,1,โรงพยาบาลจุฬาภรณ์100เตียง,100B01-FRF,"โรงพยาบาล 100B - ชั้น RF",,,,,,,,,,CRA,,,,arthonye,2024-06-23,,0,-
1474,N/A,N/A,100B01-HVAC-PAF-RF.FL-003,,100B-PF-RFL-003,,,"Pressurized Air Fan",,,,,,,,,"Pressurized Fan No.03",,FL.RF,"In Use",,,2022-10-11,,0.00,7.00,0.00,0.00,0.00,1.00,0,0,0,,,,,undefine,,1,โรงพยาบาลจุฬาภรณ์100เตียง,100B01-FRF,"โรงพยาบาล 100B - ชั้น RF",,,,,,,,,,CRA,,,,arthonye,2024-06-23,,0,-
