ID,AssetManufacture,AssetModel,AssetNumber,AssetParentNumber,AssetAccountingNumber,AssetSerialNumber,AssetPartNumber,AssetTypeName,PriorityName,AssetHostName,AssetOS,AssetCPU,AssetRam,AssetHarddisk,AssetIPAddress,AssetMAC,AssetDetail,Remark,AssetLocation,Status,BuyingName,AssetPO,AssetRegisterDate,AssetBuyDate,AssetPriceEx,AssetVAT,AssetVATValue,AssetPrice,AssetAccumulatedDepreciation,AssetSalvageValue,curentDepreciate,B/L Acumulate Depreciate,B/L Asset Value,AssetWriteOffDate,MAMonth,StartMA,AssetEndWarrantyDate,WarrantyStatus,Contract,AssetQuantity,BranchGroup,BranchCode,Branch,ZoneCode,Zone,SupplierCode,Supplier,SupplierCode_2,Supplier_2,Owner,Coset Center Description,CostType,Company,Department,TotalExpense,LastSync,Update By,Update Date,Update Remark,TotalTask,
10451,DELIGHT,DLEX-RLG3,400B01-EE-EXL-1.FL-0064,,,N/A,,Exit Sign Light,,,,,,,,,Exit Sign Light FL1 No.64,,,In Use,,,16-07-24,,0,0,0,0,0,1,0,0,0,,,,,undefine,,1,โรงพยาบาลจุฬาภรณ์400เตียง,400B01-F1,โรงพยาบาล 400B - ชั้น 1,,,,,,,,,,CRA,,,,Nattapon,16-07-24,,0,-
10452,DELIGHT,DLEX-RLG3,400B01-EE-EXL-1.FL-0065,,,N/A,,Exit Sign Light,,,,,,,,,Exit Sign Light FL1 No.65,,,In Use,,,16-07-24,,0,0,0,0,0,1,0,0,0,,,,,undefine,,1,โรงพยาบาลจุฬาภรณ์400เตียง,400B01-F1,โรงพยาบาล 400B - ชั้น 1,,,,,,,,,,CRA,,,,Nattapon,16-07-24,,0,-
10453,DELIGHT,DLEX-RLG3,400B01-EE-EXL-1.FL-0066,,,N/A,,Exit Sign Light,,,,,,,,,Exit Sign Light FL1 No.66,,,In Use,,,16-07-24,,0,0,0,0,0,1,0,0,0,,,,,undefine,,1,โรงพยาบาลจุฬาภรณ์400เตียง,400B01-F1,โรงพยาบาล 400B - ชั้น 1,,,,,,,,,,CRA,,,,Nattapon,16-07-24,,0,-
10454,DELIGHT,DLEX-RLG3,400B01-EE-EXL-1.FL-0067,,,N/A,,Exit Sign Light,,,,,,,,,Exit Sign Light FL1 No.67,,,In Use,,,16-07-24,,0,0,0,0,0,1,0,0,0,,,,,undefine,,1,โรงพยาบาลจุฬาภรณ์400เตียง,400B01-F1,โรงพยาบาล 400B - ชั้น 1,,,,,,,,,,CRA,,,,Nattapon,16-07-24,,0,-
10455,DELIGHT,DLEX-RLG3,400B01-EE-EXL-1.FL-0068,,,N/A,,Exit Sign Light,,,,,,,,,Exit Sign Light FL1 No.68,,,In Use,,,16-07-24,,0,0,0,0,0,1,0,0,0,,,,,undefine,,1,โรงพยาบาลจุฬาภรณ์400เตียง,400B01-F1,โรงพยาบาล 400B - ชั้น 1,,,,,,,,,,CRA,,,,Nattapon,16-07-24,,0,-
10456,DELIGHT,DLEX-RLG3,400B01-EE-EXL-1.FL-0069,,,N/A,,Exit Sign Light,,,,,,,,,Exit Sign Light FL1 No.69,,,In Use,,,16-07-24,,0,0,0,0,0,1,0,0,0,,,,,undefine,,1,โรงพยาบาลจุฬาภรณ์400เตียง,400B01-F1,โรงพยาบาล 400B - ชั้น 1,,,,,,,,,,CRA,,,,Nattapon,16-07-24,,0,-
10457,DELIGHT,DLEX-RLG3,400B01-EE-EXL-1.FL-0070,,,N/A,,Exit Sign Light,,,,,,,,,Exit Sign Light FL1 No.70,,,In Use,,,16-07-24,,0,0,0,0,0,1,0,0,0,,,,,undefine,,1,โรงพยาบาลจุฬาภรณ์400เตียง,400B01-F1,โรงพยาบาล 400B - ชั้น 1,,,,,,,,,,CRA,,,,Nattapon,16-07-24,,0,-
10458,DELIGHT,DLEX-RLG3,400B01-EE-EXL-1.FL-0071,,,N/A,,Exit Sign Light,,,,,,,,,Exit Sign Light FL1 No.71,,,In Use,,,16-07-24,,0,0,0,0,0,1,0,0,0,,,,,undefine,,1,โรงพยาบาลจุฬาภรณ์400เตียง,400B01-F1,โรงพยาบาล 400B - ชั้น 1,,,,,,,,,,CRA,,,,Nattapon,16-07-24,,0,-
10459,DELIGHT,DLEX-RLG3,400B01-EE-EXL-1.FL-0072,,,N/A,,Exit Sign Light,,,,,,,,,Exit Sign Light FL1 No.72,,,In Use,,,16-07-24,,0,0,0,0,0,1,0,0,0,,,,,undefine,,1,โรงพยาบาลจุฬาภรณ์400เตียง,400B01-F1,โรงพยาบาล 400B - ชั้น 1,,,,,,,,,,CRA,,,,Nattapon,16-07-24,,0,-
10460,DELIGHT,DLEX-RLG3,400B01-EE-EXL-1.FL-0073,,,N/A,,Exit Sign Light,,,,,,,,,Exit Sign Light FL1 No.73,,,In Use,,,16-07-24,,0,0,0,0,0,1,0,0,0,,,,,undefine,,1,โรงพยาบาลจุฬาภรณ์400เตียง,400B01-F1,โรงพยาบาล 400B - ชั้น 1,,,,,,,,,,CRA,,,,Nattapon,16-07-24,,0,-
10461,DELIGHT,DLEX-RLG3,400B01-EE-EXL-1.FL-0074,,,N/A,,Exit Sign Light,,,,,,,,,Exit Sign Light FL1 No.74,,,In Use,,,16-07-24,,0,0,0,0,0,1,0,0,0,,,,,undefine,,1,โรงพยาบาลจุฬาภรณ์400เตียง,400B01-F1,โรงพยาบาล 400B - ชั้น 1,,,,,,,,,,CRA,,,,Nattapon,16-07-24,,0,-
10462,DELIGHT,DLEX-RLG3,400B01-EE-EXL-1.FL-0075,,,N/A,,Exit Sign Light,,,,,,,,,Exit Sign Light FL1 No.75,,,In Use,,,16-07-24,,0,0,0,0,0,1,0,0,0,,,,,undefine,,1,โรงพยาบาลจุฬาภรณ์400เตียง,400B01-F1,โรงพยาบาล 400B - ชั้น 1,,,,,,,,,,CRA,,,,Nattapon,16-07-24,,0,-
10463,DELIGHT,DLEX-RLG3,400B01-EE-EXL-1.FL-0076,,,N/A,,Exit Sign Light,,,,,,,,,Exit Sign Light FL1 No.76,,,In Use,,,16-07-24,,0,0,0,0,0,1,0,0,0,,,,,undefine,,1,โรงพยาบาลจุฬาภรณ์400เตียง,400B01-F1,โรงพยาบาล 400B - ชั้น 1,,,,,,,,,,CRA,,,,Nattapon,16-07-24,,0,-
10464,DELIGHT,DLEX-RLG3,400B01-EE-EXL-1.FL-0077,,,N/A,,Exit Sign Light,,,,,,,,,Exit Sign Light FL1 No.77,,,In Use,,,16-07-24,,0,0,0,0,0,1,0,0,0,,,,,undefine,,1,โรงพยาบาลจุฬาภรณ์400เตียง,400B01-F1,โรงพยาบาล 400B - ชั้น 1,,,,,,,,,,CRA,,,,Nattapon,16-07-24,,0,-
10465,DELIGHT,DLEX-RLG3,400B01-EE-EXL-1.FL-0078,,,N/A,,Exit Sign Light,,,,,,,,,Exit Sign Light FL1 No.78,,,In Use,,,16-07-24,,0,0,0,0,0,1,0,0,0,,,,,undefine,,1,โรงพยาบาลจุฬาภรณ์400เตียง,400B01-F1,โรงพยาบาล 400B - ชั้น 1,,,,,,,,,,CRA,,,,Nattapon,16-07-24,,0,-
10466,DELIGHT,DLEX-RLG3,400B01-EE-EXL-1.FL-0079,,,N/A,,Exit Sign Light,,,,,,,,,Exit Sign Light FL1 No.79,,,In Use,,,16-07-24,,0,0,0,0,0,1,0,0,0,,,,,undefine,,1,โรงพยาบาลจุฬาภรณ์400เตียง,400B01-F1,โรงพยาบาล 400B - ชั้น 1,,,,,,,,,,CRA,,,,Nattapon,16-07-24,,0,-
10467,DELIGHT,DLEX-RLG3,400B01-EE-EXL-1.FL-0080,,,N/A,,Exit Sign Light,,,,,,,,,Exit Sign Light FL1 No.80,,,In Use,,,16-07-24,,0,0,0,0,0,1,0,0,0,,,,,undefine,,1,โรงพยาบาลจุฬาภรณ์400เตียง,400B01-F1,โรงพยาบาล 400B - ชั้น 1,,,,,,,,,,CRA,,,,Nattapon,16-07-24,,0,-
10468,DELIGHT,DLEX-RLG3,400B01-EE-EXL-1.FL-0081,,,N/A,,Exit Sign Light,,,,,,,,,Exit Sign Light FL1 No.81,,,In Use,,,16-07-24,,0,0,0,0,0,1,0,0,0,,,,,undefine,,1,โรงพยาบาลจุฬาภรณ์400เตียง,400B01-F1,โรงพยาบาล 400B - ชั้น 1,,,,,,,,,,CRA,,,,Nattapon,16-07-24,,0,-
10469,DELIGHT,DLEX-RLG3,400B01-EE-EXL-1.FL-0082,,,N/A,,Exit Sign Light,,,,,,,,,Exit Sign Light FL1 No.82,,,In Use,,,16-07-24,,0,0,0,0,0,1,0,0,0,,,,,undefine,,1,โรงพยาบาลจุฬาภรณ์400เตียง,400B01-F1,โรงพยาบาล 400B - ชั้น 1,,,,,,,,,,CRA,,,,Nattapon,16-07-24,,0,-
10470,DELIGHT,DLEX-RLG3,400B01-EE-EXL-1.FL-0083,,,N/A,,Exit Sign Light,,,,,,,,,Exit Sign Light FL1 No.83,,,In Use,,,16-07-24,,0,0,0,0,0,1,0,0,0,,,,,undefine,,1,โรงพยาบาลจุฬาภรณ์400เตียง,400B01-F1,โรงพยาบาล 400B - ชั้น 1,,,,,,,,,,CRA,,,,Nattapon,16-07-24,,0,-
10471,DELIGHT,DLEX-RLG3,400B01-EE-EXL-1.FL-0084,,,N/A,,Exit Sign Light,,,,,,,,,Exit Sign Light FL1 No.84,,,In Use,,,16-07-24,,0,0,0,0,0,1,0,0,0,,,,,undefine,,1,โรงพยาบาลจุฬาภรณ์400เตียง,400B01-F1,โรงพยาบาล 400B - ชั้น 1,,,,,,,,,,CRA,,,,Nattapon,16-07-24,,0,-
10472,DELIGHT,DLEX-RLG3,400B01-EE-EXL-1.FL-0085,,,N/A,,Exit Sign Light,,,,,,,,,Exit Sign Light FL1 No.85,,,In Use,,,16-07-24,,0,0,0,0,0,1,0,0,0,,,,,undefine,,1,โรงพยาบาลจุฬาภรณ์400เตียง,400B01-F1,โรงพยาบาล 400B - ชั้น 1,,,,,,,,,,CRA,,,,Nattapon,16-07-24,,0,-
10473,DELIGHT,DLEX-RLG3,400B01-EE-EXL-1.FL-0086,,,N/A,,Exit Sign Light,,,,,,,,,Exit Sign Light FL1 No.86,,,In Use,,,16-07-24,,0,0,0,0,0,1,0,0,0,,,,,undefine,,1,โรงพยาบาลจุฬาภรณ์400เตียง,400B01-F1,โรงพยาบาล 400B - ชั้น 1,,,,,,,,,,CRA,,,,Nattapon,16-07-24,,0,-
10474,DELIGHT,DLEX-RLG3,400B01-EE-EXL-1.FL-0087,,,N/A,,Exit Sign Light,,,,,,,,,Exit Sign Light FL1 No.87,,,In Use,,,16-07-24,,0,0,0,0,0,1,0,0,0,,,,,undefine,,1,โรงพยาบาลจุฬาภรณ์400เตียง,400B01-F1,โรงพยาบาล 400B - ชั้น 1,,,,,,,,,,CRA,,,,Nattapon,16-07-24,,0,-
10475,DELIGHT,DLEX-RLG3,400B01-EE-EXL-1.FL-0088,,,N/A,,Exit Sign Light,,,,,,,,,Exit Sign Light FL1 No.88,,,In Use,,,16-07-24,,0,0,0,0,0,1,0,0,0,,,,,undefine,,1,โรงพยาบาลจุฬาภรณ์400เตียง,400B01-F1,โรงพยาบาล 400B - ชั้น 1,,,,,,,,,,CRA,,,,Nattapon,16-07-24,,0,-
10476,DELIGHT,DLEX-RLG3,400B01-EE-EXL-1.FL-0089,,,N/A,,Exit Sign Light,,,,,,,,,Exit Sign Light FL1 No.89,,,In Use,,,16-07-24,,0,0,0,0,0,1,0,0,0,,,,,undefine,,1,โรงพยาบาลจุฬาภรณ์400เตียง,400B01-F1,โรงพยาบาล 400B - ชั้น 1,,,,,,,,,,CRA,,,,Nattapon,16-07-24,,0,-
10477,DELIGHT,DLEX-RLG3,400B01-EE-EXL-1.FL-0090,,,N/A,,Exit Sign Light,,,,,,,,,Exit Sign Light FL1 No.90,,,In Use,,,16-07-24,,0,0,0,0,0,1,0,0,0,,,,,undefine,,1,โรงพยาบาลจุฬาภรณ์400เตียง,400B01-F1,โรงพยาบาล 400B - ชั้น 1,,,,,,,,,,CRA,,,,Nattapon,16-07-24,,0,-
10478,DELIGHT,DLEX-RLG3,400B01-EE-EXL-1.FL-0091,,,N/A,,Exit Sign Light,,,,,,,,,Exit Sign Light FL1 No.91,,,In Use,,,16-07-24,,0,0,0,0,0,1,0,0,0,,,,,undefine,,1,โรงพยาบาลจุฬาภรณ์400เตียง,400B01-F1,โรงพยาบาล 400B - ชั้น 1,,,,,,,,,,CRA,,,,Nattapon,16-07-24,,0,-
10479,DELIGHT,DLEX-RLG3,400B01-EE-EXL-1.FL-0092,,,N/A,,Exit Sign Light,,,,,,,,,Exit Sign Light FL1 No.92,,,In Use,,,16-07-24,,0,0,0,0,0,1,0,0,0,,,,,undefine,,1,โรงพยาบาลจุฬาภรณ์400เตียง,400B01-F1,โรงพยาบาล 400B - ชั้น 1,,,,,,,,,,CRA,,,,Nattapon,16-07-24,,0,-
10480,DELIGHT,DLEX-RLG3,400B01-EE-EXL-1.FL-0093,,,N/A,,Exit Sign Light,,,,,,,,,Exit Sign Light FL1 No.93,,,In Use,,,16-07-24,,0,0,0,0,0,1,0,0,0,,,,,undefine,,1,โรงพยาบาลจุฬาภรณ์400เตียง,400B01-F1,โรงพยาบาล 400B - ชั้น 1,,,,,,,,,,CRA,,,,Nattapon,16-07-24,,0,-
10481,DELIGHT,DLEX-RLG3,400B01-EE-EXL-1.FL-0094,,,N/A,,Exit Sign Light,,,,,,,,,Exit Sign Light FL1 No.94,,,In Use,,,16-07-24,,0,0,0,0,0,1,0,0,0,,,,,undefine,,1,โรงพยาบาลจุฬาภรณ์400เตียง,400B01-F1,โรงพยาบาล 400B - ชั้น 1,,,,,,,,,,CRA,,,,Nattapon,16-07-24,,0,-
10482,DELIGHT,DLEX-RLG3,400B01-EE-EXL-1.FL-0095,,,N/A,,Exit Sign Light,,,,,,,,,Exit Sign Light FL1 No.95,,,In Use,,,16-07-24,,0,0,0,0,0,1,0,0,0,,,,,undefine,,1,โรงพยาบาลจุฬาภรณ์400เตียง,400B01-F1,โรงพยาบาล 400B - ชั้น 1,,,,,,,,,,CRA,,,,Nattapon,16-07-24,,0,-
10483,DELIGHT,DLEX-RLG3,400B01-EE-EXL-1.FL-0096,,,N/A,,Exit Sign Light,,,,,,,,,Exit Sign Light FL1 No.96,,,In Use,,,16-07-24,,0,0,0,0,0,1,0,0,0,,,,,undefine,,1,โรงพยาบาลจุฬาภรณ์400เตียง,400B01-F1,โรงพยาบาล 400B - ชั้น 1,,,,,,,,,,CRA,,,,Nattapon,16-07-24,,0,-
10484,DELIGHT,DLEX-RLG3,400B01-EE-EXL-1.FL-0097,,,N/A,,Exit Sign Light,,,,,,,,,Exit Sign Light FL1 No.97,,,In Use,,,16-07-24,,0,0,0,0,0,1,0,0,0,,,,,undefine,,1,โรงพยาบาลจุฬาภรณ์400เตียง,400B01-F1,โรงพยาบาล 400B - ชั้น 1,,,,,,,,,,CRA,,,,Nattapon,16-07-24,,0,-
10485,DELIGHT,DLEX-RLG3,400B01-EE-EXL-1.FL-0098,,,N/A,,Exit Sign Light,,,,,,,,,Exit Sign Light FL1 No.98,,,In Use,,,16-07-24,,0,0,0,0,0,1,0,0,0,,,,,undefine,,1,โรงพยาบาลจุฬาภรณ์400เตียง,400B01-F1,โรงพยาบาล 400B - ชั้น 1,,,,,,,,,,CRA,,,,Nattapon,16-07-24,,0,-
10486,DELIGHT,DLEX-RLG3,400B01-EE-EXL-1.FL-0099,,,N/A,,Exit Sign Light,,,,,,,,,Exit Sign Light FL1 No.99,,,In Use,,,16-07-24,,0,0,0,0,0,1,0,0,0,,,,,undefine,,1,โรงพยาบาลจุฬาภรณ์400เตียง,400B01-F1,โรงพยาบาล 400B - ชั้น 1,,,,,,,,,,CRA,,,,Nattapon,16-07-24,,0,-
10487,DELIGHT,DLEX-RLG3,400B01-EE-EXL-1.FL-0100,,,N/A,,Exit Sign Light,,,,,,,,,Exit Sign Light FL1 No.100,,,In Use,,,16-07-24,,0,0,0,0,0,1,0,0,0,,,,,undefine,,1,โรงพยาบาลจุฬาภรณ์400เตียง,400B01-F1,โรงพยาบาล 400B - ชั้น 1,,,,,,,,,,CRA,,,,Nattapon,16-07-24,,0,-
10488,DELIGHT,DLEX-RLG3,400B01-EE-EXL-1.FL-0101,,,N/A,,Exit Sign Light,,,,,,,,,Exit Sign Light FL1 No.101,,,In Use,,,16-07-24,,0,0,0,0,0,1,0,0,0,,,,,undefine,,1,โรงพยาบาลจุฬาภรณ์400เตียง,400B01-F1,โรงพยาบาล 400B - ชั้น 1,,,,,,,,,,CRA,,,,Nattapon,16-07-24,,0,-
10489,DELIGHT,DLEX-RLG3,400B01-EE-EXL-1.FL-0102,,,N/A,,Exit Sign Light,,,,,,,,,Exit Sign Light FL1 No.102,,,In Use,,,16-07-24,,0,0,0,0,0,1,0,0,0,,,,,undefine,,1,โรงพยาบาลจุฬาภรณ์400เตียง,400B01-F1,โรงพยาบาล 400B - ชั้น 1,,,,,,,,,,CRA,,,,Nattapon,16-07-24,,0,-
10490,DELIGHT,DLEX-RLG3,400B01-EE-EXL-1.FL-0103,,,N/A,,Exit Sign Light,,,,,,,,,Exit Sign Light FL1 No.103,,,In Use,,,16-07-24,,0,0,0,0,0,1,0,0,0,,,,,undefine,,1,โรงพยาบาลจุฬาภรณ์400เตียง,400B01-F1,โรงพยาบาล 400B - ชั้น 1,,,,,,,,,,CRA,,,,Nattapon,16-07-24,,0,-
10491,DELIGHT,DLEX-RLG3,400B01-EE-EXL-2.FL-0057,,,N/A,,Exit Sign Light,,,,,,,,,Exit Sign Light FL2 No.57,,,In Use,,,16-07-24,,0,0,0,0,0,1,0,0,0,,,,,undefine,,1,โรงพยาบาลจุฬาภรณ์400เตียง,400B01-F2,โรงพยาบาล 400B - ชั้น 2,,,,,,,,,,CRA,,,,Nattapon,16-07-24,,0,-
10492,DELIGHT,DLEX-RLG3,400B01-EE-EXL-2.FL-0058,,,N/A,,Exit Sign Light,,,,,,,,,Exit Sign Light FL2 No.58,,,In Use,,,16-07-24,,0,0,0,0,0,1,0,0,0,,,,,undefine,,1,โรงพยาบาลจุฬาภรณ์400เตียง,400B01-F2,โรงพยาบาล 400B - ชั้น 2,,,,,,,,,,CRA,,,,Nattapon,16-07-24,,0,-
10493,DELIGHT,DLEX-RLG3,400B01-EE-EXL-2.FL-0059,,,N/A,,Exit Sign Light,,,,,,,,,Exit Sign Light FL2 No.59,,,In Use,,,16-07-24,,0,0,0,0,0,1,0,0,0,,,,,undefine,,1,โรงพยาบาลจุฬาภรณ์400เตียง,400B01-F2,โรงพยาบาล 400B - ชั้น 2,,,,,,,,,,CRA,,,,Nattapon,16-07-24,,0,-
10494,DELIGHT,DLEX-RLG3,400B01-EE-EXL-2.FL-0060,,,N/A,,Exit Sign Light,,,,,,,,,Exit Sign Light FL2 No.60,,,In Use,,,16-07-24,,0,0,0,0,0,1,0,0,0,,,,,undefine,,1,โรงพยาบาลจุฬาภรณ์400เตียง,400B01-F2,โรงพยาบาล 400B - ชั้น 2,,,,,,,,,,CRA,,,,Nattapon,16-07-24,,0,-
10495,DELIGHT,DLEX-RLG3,400B01-EE-EXL-3.FL-0054,,,N/A,,Exit Sign Light,,,,,,,,,Exit Sign Light FL3 No.54,,,In Use,,,16-07-24,,0,0,0,0,0,1,0,0,0,,,,,undefine,,1,โรงพยาบาลจุฬาภรณ์400เตียง,400B01-F3,โรงพยาบาล 400B - ชั้น 3,,,,,,,,,,CRA,,,,Nattapon,16-07-24,,0,-
10496,DELIGHT,DLEX-RLG3,400B01-EE-EXL-3.FL-0055,,,N/A,,Exit Sign Light,,,,,,,,,Exit Sign Light FL3 No.55,,,In Use,,,16-07-24,,0,0,0,0,0,1,0,0,0,,,,,undefine,,1,โรงพยาบาลจุฬาภรณ์400เตียง,400B01-F3,โรงพยาบาล 400B - ชั้น 3,,,,,,,,,,CRA,,,,Nattapon,16-07-24,,0,-
10497,DELIGHT,DLEX-RLG3,400B01-EE-EXL-3.FL-0056,,,N/A,,Exit Sign Light,,,,,,,,,Exit Sign Light FL3 No.56,,,In Use,,,16-07-24,,0,0,0,0,0,1,0,0,0,,,,,undefine,,1,โรงพยาบาลจุฬาภรณ์400เตียง,400B01-F3,โรงพยาบาล 400B - ชั้น 3,,,,,,,,,,CRA,,,,Nattapon,16-07-24,,0,-
10498,DELIGHT,DLEX-RLG3,400B01-EE-EXL-3.FL-0057,,,N/A,,Exit Sign Light,,,,,,,,,Exit Sign Light FL3 No.57,,,In Use,,,16-07-24,,0,0,0,0,0,1,0,0,0,,,,,undefine,,1,โรงพยาบาลจุฬาภรณ์400เตียง,400B01-F3,โรงพยาบาล 400B - ชั้น 3,,,,,,,,,,CRA,,,,Nattapon,16-07-24,,0,-
10499,DELIGHT,DLEX-RLG3,400B01-EE-EXL-3.FL-0058,,,N/A,,Exit Sign Light,,,,,,,,,Exit Sign Light FL3 No.58,,,In Use,,,16-07-24,,0,0,0,0,0,1,0,0,0,,,,,undefine,,1,โรงพยาบาลจุฬาภรณ์400เตียง,400B01-F3,โรงพยาบาล 400B - ชั้น 3,,,,,,,,,,CRA,,,,Nattapon,16-07-24,,0,-
10500,DELIGHT,DLEX-RLG3,400B01-EE-EXL-3.FL-0059,,,N/A,,Exit Sign Light,,,,,,,,,Exit Sign Light FL3 No.59,,,In Use,,,16-07-24,,0,0,0,0,0,1,0,0,0,,,,,undefine,,1,โรงพยาบาลจุฬาภรณ์400เตียง,400B01-F3,โรงพยาบาล 400B - ชั้น 3,,,,,,,,,,CRA,,,,Nattapon,16-07-24,,0,-
10501,DELIGHT,DLEX-RLG3,400B01-EE-EXL-3.FL-0060,,,N/A,,Exit Sign Light,,,,,,,,,Exit Sign Light FL3 No.60,,,In Use,,,16-07-24,,0,0,0,0,0,1,0,0,0,,,,,undefine,,1,โรงพยาบาลจุฬาภรณ์400เตียง,400B01-F3,โรงพยาบาล 400B - ชั้น 3,,,,,,,,,,CRA,,,,Nattapon,16-07-24,,0,-
10502,DELIGHT,DLEX-RLG3,400B01-EE-EXL-3.FL-0061,,,N/A,,Exit Sign Light,,,,,,,,,Exit Sign Light FL3 No.61,,,In Use,,,16-07-24,,0,0,0,0,0,1,0,0,0,,,,,undefine,,1,โรงพยาบาลจุฬาภรณ์400เตียง,400B01-F3,โรงพยาบาล 400B - ชั้น 3,,,,,,,,,,CRA,,,,Nattapon,16-07-24,,0,-
10503,DELIGHT,DLEX-RLG3,400B01-EE-EXL-3.FL-0062,,,N/A,,Exit Sign Light,,,,,,,,,Exit Sign Light FL3 No.62,,,In Use,,,16-07-24,,0,0,0,0,0,1,0,0,0,,,,,undefine,,1,โรงพยาบาลจุฬาภรณ์400เตียง,400B01-F3,โรงพยาบาล 400B - ชั้น 3,,,,,,,,,,CRA,,,,Nattapon,16-07-24,,0,-
10504,DELIGHT,DLEX-RLG3,400B01-EE-EXL-3.FL-0063,,,N/A,,Exit Sign Light,,,,,,,,,Exit Sign Light FL3 No.63,,,In Use,,,16-07-24,,0,0,0,0,0,1,0,0,0,,,,,undefine,,1,โรงพยาบาลจุฬาภรณ์400เตียง,400B01-F3,โรงพยาบาล 400B - ชั้น 3,,,,,,,,,,CRA,,,,Nattapon,16-07-24,,0,-
10505,DELIGHT,DLEX-RLG3,400B01-EE-EXL-3.FL-0064,,,N/A,,Exit Sign Light,,,,,,,,,Exit Sign Light FL3 No.64,,,In Use,,,16-07-24,,0,0,0,0,0,1,0,0,0,,,,,undefine,,1,โรงพยาบาลจุฬาภรณ์400เตียง,400B01-F3,โรงพยาบาล 400B - ชั้น 3,,,,,,,,,,CRA,,,,Nattapon,16-07-24,,0,-
10506,DELIGHT,DLEX-RLG3,400B01-EE-EXL-3.FL-0065,,,N/A,,Exit Sign Light,,,,,,,,,Exit Sign Light FL3 No.65,,,In Use,,,16-07-24,,0,0,0,0,0,1,0,0,0,,,,,undefine,,1,โรงพยาบาลจุฬาภรณ์400เตียง,400B01-F3,โรงพยาบาล 400B - ชั้น 3,,,,,,,,,,CRA,,,,Nattapon,16-07-24,,0,-
10507,DELIGHT,DLEX-RLG3,400B01-EE-EXL-3.FL-0066,,,N/A,,Exit Sign Light,,,,,,,,,Exit Sign Light FL3 No.66,,,In Use,,,16-07-24,,0,0,0,0,0,1,0,0,0,,,,,undefine,,1,โรงพยาบาลจุฬาภรณ์400เตียง,400B01-F3,โรงพยาบาล 400B - ชั้น 3,,,,,,,,,,CRA,,,,Nattapon,16-07-24,,0,-
10508,DELIGHT,DLEX-RLG3,400B01-EE-EXL-3.FL-0067,,,N/A,,Exit Sign Light,,,,,,,,,Exit Sign Light FL3 No.67,,,In Use,,,16-07-24,,0,0,0,0,0,1,0,0,0,,,,,undefine,,1,โรงพยาบาลจุฬาภรณ์400เตียง,400B01-F3,โรงพยาบาล 400B - ชั้น 3,,,,,,,,,,CRA,,,,Nattapon,16-07-24,,0,-
10509,DELIGHT,DLEX-RLG3,400B01-EE-EXL-3.FL-0068,,,N/A,,Exit Sign Light,,,,,,,,,Exit Sign Light FL3 No.68,,,In Use,,,16-07-24,,0,0,0,0,0,1,0,0,0,,,,,undefine,,1,โรงพยาบาลจุฬาภรณ์400เตียง,400B01-F3,โรงพยาบาล 400B - ชั้น 3,,,,,,,,,,CRA,,,,Nattapon,16-07-24,,0,-
10510,DELIGHT,DLEX-RLG3,400B01-EE-EXL-4.FL-0026,,,N/A,,Exit Sign Light,,,,,,,,,Exit Sign Light FL4 No.26,,,In Use,,,16-07-24,,0,0,0,0,0,1,0,0,0,,,,,undefine,,1,โรงพยาบาลจุฬาภรณ์400เตียง,400B01-F4,โรงพยาบาล 400B - ชั้น 4,,,,,,,,,,CRA,,,,Nattapon,16-07-24,,0,-
10511,DELIGHT,DLEX-RLG3,400B01-EE-EXL-4.FL-0027,,,N/A,,Exit Sign Light,,,,,,,,,Exit Sign Light FL4 No.27,,,In Use,,,16-07-24,,0,0,0,0,0,1,0,0,0,,,,,undefine,,1,โรงพยาบาลจุฬาภรณ์400เตียง,400B01-F4,โรงพยาบาล 400B - ชั้น 4,,,,,,,,,,CRA,,,,Nattapon,16-07-24,,0,-
10512,DELIGHT,DLEX-RLG3,400B01-EE-EXL-4.FL-0028,,,N/A,,Exit Sign Light,,,,,,,,,Exit Sign Light FL4 No.28,,,In Use,,,16-07-24,,0,0,0,0,0,1,0,0,0,,,,,undefine,,1,โรงพยาบาลจุฬาภรณ์400เตียง,400B01-F4,โรงพยาบาล 400B - ชั้น 4,,,,,,,,,,CRA,,,,Nattapon,16-07-24,,0,-
10513,DELIGHT,DLEX-RLG3,400B01-EE-EXL-4.FL-0029,,,N/A,,Exit Sign Light,,,,,,,,,Exit Sign Light FL4 No.29,,,In Use,,,16-07-24,,0,0,0,0,0,1,0,0,0,,,,,undefine,,1,โรงพยาบาลจุฬาภรณ์400เตียง,400B01-F4,โรงพยาบาล 400B - ชั้น 4,,,,,,,,,,CRA,,,,Nattapon,16-07-24,,0,-
10514,DELIGHT,DLEX-RLG3,400B01-EE-EXL-4.FL-0030,,,N/A,,Exit Sign Light,,,,,,,,,Exit Sign Light FL4 No.30,,,In Use,,,16-07-24,,0,0,0,0,0,1,0,0,0,,,,,undefine,,1,โรงพยาบาลจุฬาภรณ์400เตียง,400B01-F4,โรงพยาบาล 400B - ชั้น 4,,,,,,,,,,CRA,,,,Nattapon,16-07-24,,0,-
10515,DELIGHT,DLEX-RLG3,400B01-EE-EXL-4.FL-0031,,,N/A,,Exit Sign Light,,,,,,,,,Exit Sign Light FL4 No.31,,,In Use,,,16-07-24,,0,0,0,0,0,1,0,0,0,,,,,undefine,,1,โรงพยาบาลจุฬาภรณ์400เตียง,400B01-F4,โรงพยาบาล 400B - ชั้น 4,,,,,,,,,,CRA,,,,Nattapon,16-07-24,,0,-
10516,DELIGHT,DLEX-RLG3,400B01-EE-EXL-4.FL-0032,,,N/A,,Exit Sign Light,,,,,,,,,Exit Sign Light FL4 No.32,,,In Use,,,16-07-24,,0,0,0,0,0,1,0,0,0,,,,,undefine,,1,โรงพยาบาลจุฬาภรณ์400เตียง,400B01-F4,โรงพยาบาล 400B - ชั้น 4,,,,,,,,,,CRA,,,,Nattapon,16-07-24,,0,-
10517,DELIGHT,DLEX-RLG3,400B01-EE-EXL-4.FL-0033,,,N/A,,Exit Sign Light,,,,,,,,,Exit Sign Light FL4 No.33,,,In Use,,,16-07-24,,0,0,0,0,0,1,0,0,0,,,,,undefine,,1,โรงพยาบาลจุฬาภรณ์400เตียง,400B01-F4,โรงพยาบาล 400B - ชั้น 4,,,,,,,,,,CRA,,,,Nattapon,16-07-24,,0,-
10518,DELIGHT,DLEX-RLG3,400B01-EE-EXL-4.FL-0034,,,N/A,,Exit Sign Light,,,,,,,,,Exit Sign Light FL4 No.34,,,In Use,,,16-07-24,,0,0,0,0,0,1,0,0,0,,,,,undefine,,1,โรงพยาบาลจุฬาภรณ์400เตียง,400B01-F4,โรงพยาบาล 400B - ชั้น 4,,,,,,,,,,CRA,,,,Nattapon,16-07-24,,0,-
10519,DELIGHT,DLEX-RLG3,400B01-EE-EXL-4.FL-0035,,,N/A,,Exit Sign Light,,,,,,,,,Exit Sign Light FL4 No.35,,,In Use,,,16-07-24,,0,0,0,0,0,1,0,0,0,,,,,undefine,,1,โรงพยาบาลจุฬาภรณ์400เตียง,400B01-F4,โรงพยาบาล 400B - ชั้น 4,,,,,,,,,,CRA,,,,Nattapon,16-07-24,,0,-
10520,DELIGHT,DLEX-RLG3,400B01-EE-EXL-5.FL-0007,,,N/A,,Exit Sign Light,,,,,,,,,Exit Sign Light FL5 No.7,,,In Use,,,16-07-24,,0,0,0,0,0,1,0,0,0,,,,,undefine,,1,โรงพยาบาลจุฬาภรณ์400เตียง,400B01-F5,โรงพยาบาล 400B - ชั้น 5,,,,,,,,,,CRA,,,,Nattapon,16-07-24,,0,-
10521,DELIGHT,DLEX-RLG3,400B01-EE-EXL-5.FL-0008,,,N/A,,Exit Sign Light,,,,,,,,,Exit Sign Light FL5 No.8,,,In Use,,,16-07-24,,0,0,0,0,0,1,0,0,0,,,,,undefine,,1,โรงพยาบาลจุฬาภรณ์400เตียง,400B01-F5,โรงพยาบาล 400B - ชั้น 5,,,,,,,,,,CRA,,,,Nattapon,16-07-24,,0,-
10522,DELIGHT,DLEX-RLG3,400B01-EE-EXL-5.FL-0009,,,N/A,,Exit Sign Light,,,,,,,,,Exit Sign Light FL5 No.9,,,In Use,,,16-07-24,,0,0,0,0,0,1,0,0,0,,,,,undefine,,1,โรงพยาบาลจุฬาภรณ์400เตียง,400B01-F5,โรงพยาบาล 400B - ชั้น 5,,,,,,,,,,CRA,,,,Nattapon,16-07-24,,0,-
10523,DELIGHT,DLEX-RLG3,400B01-EE-EXL-5.FL-0010,,,N/A,,Exit Sign Light,,,,,,,,,Exit Sign Light FL5 No.10,,,In Use,,,16-07-24,,0,0,0,0,0,1,0,0,0,,,,,undefine,,1,โรงพยาบาลจุฬาภรณ์400เตียง,400B01-F5,โรงพยาบาล 400B - ชั้น 5,,,,,,,,,,CRA,,,,Nattapon,16-07-24,,0,-
10524,DELIGHT,DLEX-RLG3,400B01-EE-EXL-5.FL-0011,,,N/A,,Exit Sign Light,,,,,,,,,Exit Sign Light FL5 No.11,,,In Use,,,16-07-24,,0,0,0,0,0,1,0,0,0,,,,,undefine,,1,โรงพยาบาลจุฬาภรณ์400เตียง,400B01-F5,โรงพยาบาล 400B - ชั้น 5,,,,,,,,,,CRA,,,,Nattapon,16-07-24,,0,-
10525,DELIGHT,DLEX-RLG3,400B01-EE-EXL-5.FL-0012,,,N/A,,Exit Sign Light,,,,,,,,,Exit Sign Light FL5 No.12,,,In Use,,,16-07-24,,0,0,0,0,0,1,0,0,0,,,,,undefine,,1,โรงพยาบาลจุฬาภรณ์400เตียง,400B01-F5,โรงพยาบาล 400B - ชั้น 5,,,,,,,,,,CRA,,,,Nattapon,16-07-24,,0,-
10526,DELIGHT,DLEX-RLG3,400B01-EE-EXL-5.FL-0013,,,N/A,,Exit Sign Light,,,,,,,,,Exit Sign Light FL5 No.13,,,In Use,,,16-07-24,,0,0,0,0,0,1,0,0,0,,,,,undefine,,1,โรงพยาบาลจุฬาภรณ์400เตียง,400B01-F5,โรงพยาบาล 400B - ชั้น 5,,,,,,,,,,CRA,,,,Nattapon,16-07-24,,0,-
10527,DELIGHT,DLEX-RLG3,400B01-EE-EXL-5.FL-0014,,,N/A,,Exit Sign Light,,,,,,,,,Exit Sign Light FL5 No.14,,,In Use,,,16-07-24,,0,0,0,0,0,1,0,0,0,,,,,undefine,,1,โรงพยาบาลจุฬาภรณ์400เตียง,400B01-F5,โรงพยาบาล 400B - ชั้น 5,,,,,,,,,,CRA,,,,Nattapon,16-07-24,,0,-
10528,DELIGHT,DLEX-RLG3,400B01-EE-EXL-5.FL-0015,,,N/A,,Exit Sign Light,,,,,,,,,Exit Sign Light FL5 No.15,,,In Use,,,16-07-24,,0,0,0,0,0,1,0,0,0,,,,,undefine,,1,โรงพยาบาลจุฬาภรณ์400เตียง,400B01-F5,โรงพยาบาล 400B - ชั้น 5,,,,,,,,,,CRA,,,,Nattapon,16-07-24,,0,-
10529,DELIGHT,DLEX-RLG3,400B01-EE-EXL-5.FL-0016,,,N/A,,Exit Sign Light,,,,,,,,,Exit Sign Light FL5 No.16,,,In Use,,,16-07-24,,0,0,0,0,0,1,0,0,0,,,,,undefine,,1,โรงพยาบาลจุฬาภรณ์400เตียง,400B01-F5,โรงพยาบาล 400B - ชั้น 5,,,,,,,,,,CRA,,,,Nattapon,16-07-24,,0,-
10530,DELIGHT,DLEX-RLG3,400B01-EE-EXL-5.FL-0017,,,N/A,,Exit Sign Light,,,,,,,,,Exit Sign Light FL5 No.17,,,In Use,,,16-07-24,,0,0,0,0,0,1,0,0,0,,,,,undefine,,1,โรงพยาบาลจุฬาภรณ์400เตียง,400B01-F5,โรงพยาบาล 400B - ชั้น 5,,,,,,,,,,CRA,,,,Nattapon,16-07-24,,0,-
10531,DELIGHT,DLEX-RLG3,400B01-EE-EXL-5.FL-0018,,,N/A,,Exit Sign Light,,,,,,,,,Exit Sign Light FL5 No.18,,,In Use,,,16-07-24,,0,0,0,0,0,1,0,0,0,,,,,undefine,,1,โรงพยาบาลจุฬาภรณ์400เตียง,400B01-F5,โรงพยาบาล 400B - ชั้น 5,,,,,,,,,,CRA,,,,Nattapon,16-07-24,,0,-
10532,DELIGHT,DLEX-RLG3,400B01-EE-EXL-5.FL-0019,,,N/A,,Exit Sign Light,,,,,,,,,Exit Sign Light FL5 No.19,,,In Use,,,16-07-24,,0,0,0,0,0,1,0,0,0,,,,,undefine,,1,โรงพยาบาลจุฬาภรณ์400เตียง,400B01-F5,โรงพยาบาล 400B - ชั้น 5,,,,,,,,,,CRA,,,,Nattapon,16-07-24,,0,-
10533,DELIGHT,DLEX-RLG3,400B01-EE-EXL-5.FL-0020,,,N/A,,Exit Sign Light,,,,,,,,,Exit Sign Light FL5 No.20,,,In Use,,,16-07-24,,0,0,0,0,0,1,0,0,0,,,,,undefine,,1,โรงพยาบาลจุฬาภรณ์400เตียง,400B01-F5,โรงพยาบาล 400B - ชั้น 5,,,,,,,,,,CRA,,,,Nattapon,16-07-24,,0,-
10534,DELIGHT,DLEX-RLG3,400B01-EE-EXL-5.FL-0021,,,N/A,,Exit Sign Light,,,,,,,,,Exit Sign Light FL5 No.21,,,In Use,,,16-07-24,,0,0,0,0,0,1,0,0,0,,,,,undefine,,1,โรงพยาบาลจุฬาภรณ์400เตียง,400B01-F5,โรงพยาบาล 400B - ชั้น 5,,,,,,,,,,CRA,,,,Nattapon,16-07-24,,0,-
10535,DELIGHT,DLEX-RLG3,400B01-EE-EXL-5.FL-0022,,,N/A,,Exit Sign Light,,,,,,,,,Exit Sign Light FL5 No.22,,,In Use,,,16-07-24,,0,0,0,0,0,1,0,0,0,,,,,undefine,,1,โรงพยาบาลจุฬาภรณ์400เตียง,400B01-F5,โรงพยาบาล 400B - ชั้น 5,,,,,,,,,,CRA,,,,Nattapon,16-07-24,,0,-
10536,DELIGHT,DLEX-RLG3,400B01-EE-EXL-5.FL-0023,,,N/A,,Exit Sign Light,,,,,,,,,Exit Sign Light FL5 No.23,,,In Use,,,16-07-24,,0,0,0,0,0,1,0,0,0,,,,,undefine,,1,โรงพยาบาลจุฬาภรณ์400เตียง,400B01-F5,โรงพยาบาล 400B - ชั้น 5,,,,,,,,,,CRA,,,,Nattapon,16-07-24,,0,-
10537,DELIGHT,DLEX-RLG3,400B01-EE-EXL-5.FL-0024,,,N/A,,Exit Sign Light,,,,,,,,,Exit Sign Light FL5 No.24,,,In Use,,,16-07-24,,0,0,0,0,0,1,0,0,0,,,,,undefine,,1,โรงพยาบาลจุฬาภรณ์400เตียง,400B01-F5,โรงพยาบาล 400B - ชั้น 5,,,,,,,,,,CRA,,,,Nattapon,16-07-24,,0,-
10538,DELIGHT,DLEX-RLG3,400B01-EE-EXL-5.FL-0025,,,N/A,,Exit Sign Light,,,,,,,,,Exit Sign Light FL5 No.25,,,In Use,,,16-07-24,,0,0,0,0,0,1,0,0,0,,,,,undefine,,1,โรงพยาบาลจุฬาภรณ์400เตียง,400B01-F5,โรงพยาบาล 400B - ชั้น 5,,,,,,,,,,CRA,,,,Nattapon,16-07-24,,0,-
10539,DELIGHT,DLEX-RLG3,400B01-EE-EXL-5.FL-0026,,,N/A,,Exit Sign Light,,,,,,,,,Exit Sign Light FL5 No.26,,,In Use,,,16-07-24,,0,0,0,0,0,1,0,0,0,,,,,undefine,,1,โรงพยาบาลจุฬาภรณ์400เตียง,400B01-F5,โรงพยาบาล 400B - ชั้น 5,,,,,,,,,,CRA,,,,Nattapon,16-07-24,,0,-
10540,DELIGHT,DLEX-RLG3,400B01-EE-EXL-5.FL-0027,,,N/A,,Exit Sign Light,,,,,,,,,Exit Sign Light FL5 No.27,,,In Use,,,16-07-24,,0,0,0,0,0,1,0,0,0,,,,,undefine,,1,โรงพยาบาลจุฬาภรณ์400เตียง,400B01-F5,โรงพยาบาล 400B - ชั้น 5,,,,,,,,,,CRA,,,,Nattapon,16-07-24,,0,-
10541,DELIGHT,DLEX-RLG3,400B01-EE-EXL-5.FL-0028,,,N/A,,Exit Sign Light,,,,,,,,,Exit Sign Light FL5 No.28,,,In Use,,,16-07-24,,0,0,0,0,0,1,0,0,0,,,,,undefine,,1,โรงพยาบาลจุฬาภรณ์400เตียง,400B01-F5,โรงพยาบาล 400B - ชั้น 5,,,,,,,,,,CRA,,,,Nattapon,16-07-24,,0,-
10542,DELIGHT,DLEX-RLG3,400B01-EE-EXL-5.FL-0029,,,N/A,,Exit Sign Light,,,,,,,,,Exit Sign Light FL5 No.29,,,In Use,,,16-07-24,,0,0,0,0,0,1,0,0,0,,,,,undefine,,1,โรงพยาบาลจุฬาภรณ์400เตียง,400B01-F5,โรงพยาบาล 400B - ชั้น 5,,,,,,,,,,CRA,,,,Nattapon,16-07-24,,0,-
10543,DELIGHT,DLEX-RLG3,400B01-EE-EXL-5.FL-0030,,,N/A,,Exit Sign Light,,,,,,,,,Exit Sign Light FL5 No.30,,,In Use,,,16-07-24,,0,0,0,0,0,1,0,0,0,,,,,undefine,,1,โรงพยาบาลจุฬาภรณ์400เตียง,400B01-F5,โรงพยาบาล 400B - ชั้น 5,,,,,,,,,,CRA,,,,Nattapon,16-07-24,,0,-
10544,DELIGHT,DLEX-RLG3,400B01-EE-EXL-5.FL-0031,,,N/A,,Exit Sign Light,,,,,,,,,Exit Sign Light FL5 No.31,,,In Use,,,16-07-24,,0,0,0,0,0,1,0,0,0,,,,,undefine,,1,โรงพยาบาลจุฬาภรณ์400เตียง,400B01-F5,โรงพยาบาล 400B - ชั้น 5,,,,,,,,,,CRA,,,,Nattapon,16-07-24,,0,-
10545,DELIGHT,DLEX-RLG3,400B01-EE-EXL-5.FL-0032,,,N/A,,Exit Sign Light,,,,,,,,,Exit Sign Light FL5 No.32,,,In Use,,,16-07-24,,0,0,0,0,0,1,0,0,0,,,,,undefine,,1,โรงพยาบาลจุฬาภรณ์400เตียง,400B01-F5,โรงพยาบาล 400B - ชั้น 5,,,,,,,,,,CRA,,,,Nattapon,16-07-24,,0,-
10546,DELIGHT,DLEX-RLG3,400B01-EE-EXL-5.FL-0033,,,N/A,,Exit Sign Light,,,,,,,,,Exit Sign Light FL5 No.33,,,In Use,,,16-07-24,,0,0,0,0,0,1,0,0,0,,,,,undefine,,1,โรงพยาบาลจุฬาภรณ์400เตียง,400B01-F5,โรงพยาบาล 400B - ชั้น 5,,,,,,,,,,CRA,,,,Nattapon,16-07-24,,0,-
10547,DELIGHT,DLEX-RLG3,400B01-EE-EXL-5.FL-0034,,,N/A,,Exit Sign Light,,,,,,,,,Exit Sign Light FL5 No.34,,,In Use,,,16-07-24,,0,0,0,0,0,1,0,0,0,,,,,undefine,,1,โรงพยาบาลจุฬาภรณ์400เตียง,400B01-F5,โรงพยาบาล 400B - ชั้น 5,,,,,,,,,,CRA,,,,Nattapon,16-07-24,,0,-
10548,DELIGHT,DLEX-RLG3,400B01-EE-EXL-5.FL-0035,,,N/A,,Exit Sign Light,,,,,,,,,Exit Sign Light FL5 No.35,,,In Use,,,16-07-24,,0,0,0,0,0,1,0,0,0,,,,,undefine,,1,โรงพยาบาลจุฬาภรณ์400เตียง,400B01-F5,โรงพยาบาล 400B - ชั้น 5,,,,,,,,,,CRA,,,,Nattapon,16-07-24,,0,-
10549,DELIGHT,DLEX-RLG3,400B01-EE-EXL-5.FL-0036,,,N/A,,Exit Sign Light,,,,,,,,,Exit Sign Light FL5 No.36,,,In Use,,,16-07-24,,0,0,0,0,0,1,0,0,0,,,,,undefine,,1,โรงพยาบาลจุฬาภรณ์400เตียง,400B01-F5,โรงพยาบาล 400B - ชั้น 5,,,,,,,,,,CRA,,,,Nattapon,16-07-24,,0,-
10550,DELIGHT,DLEX-RLG3,400B01-EE-EXL-5.FL-0037,,,N/A,,Exit Sign Light,,,,,,,,,Exit Sign Light FL5 No.37,,,In Use,,,16-07-24,,0,0,0,0,0,1,0,0,0,,,,,undefine,,1,โรงพยาบาลจุฬาภรณ์400เตียง,400B01-F5,โรงพยาบาล 400B - ชั้น 5,,,,,,,,,,CRA,,,,Nattapon,16-07-24,,0,-
10551,DELIGHT,DLEX-RLG3,400B01-EE-EXL-5.FL-0038,,,N/A,,Exit Sign Light,,,,,,,,,Exit Sign Light FL5 No.38,,,In Use,,,16-07-24,,0,0,0,0,0,1,0,0,0,,,,,undefine,,1,โรงพยาบาลจุฬาภรณ์400เตียง,400B01-F5,โรงพยาบาล 400B - ชั้น 5,,,,,,,,,,CRA,,,,Nattapon,16-07-24,,0,-
10552,DELIGHT,DLEX-RLG3,400B01-EE-EXL-5.FL-0039,,,N/A,,Exit Sign Light,,,,,,,,,Exit Sign Light FL5 No.39,,,In Use,,,16-07-24,,0,0,0,0,0,1,0,0,0,,,,,undefine,,1,โรงพยาบาลจุฬาภรณ์400เตียง,400B01-F5,โรงพยาบาล 400B - ชั้น 5,,,,,,,,,,CRA,,,,Nattapon,16-07-24,,0,-
10553,DELIGHT,DLEX-RLG3,400B01-EE-EXL-5.FL-0040,,,N/A,,Exit Sign Light,,,,,,,,,Exit Sign Light FL5 No.40,,,In Use,,,16-07-24,,0,0,0,0,0,1,0,0,0,,,,,undefine,,1,โรงพยาบาลจุฬาภรณ์400เตียง,400B01-F5,โรงพยาบาล 400B - ชั้น 5,,,,,,,,,,CRA,,,,Nattapon,16-07-24,,0,-
10554,DELIGHT,DLEX-RLG3,400B01-EE-EXL-5.FL-0041,,,N/A,,Exit Sign Light,,,,,,,,,Exit Sign Light FL5 No.41,,,In Use,,,16-07-24,,0,0,0,0,0,1,0,0,0,,,,,undefine,,1,โรงพยาบาลจุฬาภรณ์400เตียง,400B01-F5,โรงพยาบาล 400B - ชั้น 5,,,,,,,,,,CRA,,,,Nattapon,16-07-24,,0,-
10555,DELIGHT,DLEX-RLG3,400B01-EE-EXL-5.FL-0042,,,N/A,,Exit Sign Light,,,,,,,,,Exit Sign Light FL5 No.42,,,In Use,,,16-07-24,,0,0,0,0,0,1,0,0,0,,,,,undefine,,1,โรงพยาบาลจุฬาภรณ์400เตียง,400B01-F5,โรงพยาบาล 400B - ชั้น 5,,,,,,,,,,CRA,,,,Nattapon,16-07-24,,0,-
10556,DELIGHT,DLEX-RLG3,400B01-EE-EXL-5.FL-0043,,,N/A,,Exit Sign Light,,,,,,,,,Exit Sign Light FL5 No.43,,,In Use,,,16-07-24,,0,0,0,0,0,1,0,0,0,,,,,undefine,,1,โรงพยาบาลจุฬาภรณ์400เตียง,400B01-F5,โรงพยาบาล 400B - ชั้น 5,,,,,,,,,,CRA,,,,Nattapon,16-07-24,,0,-
10557,DELIGHT,DLEX-RLG3,400B01-EE-EXL-5.FL-0044,,,N/A,,Exit Sign Light,,,,,,,,,Exit Sign Light FL5 No.44,,,In Use,,,16-07-24,,0,0,0,0,0,1,0,0,0,,,,,undefine,,1,โรงพยาบาลจุฬาภรณ์400เตียง,400B01-F5,โรงพยาบาล 400B - ชั้น 5,,,,,,,,,,CRA,,,,Nattapon,16-07-24,,0,-
10558,DELIGHT,DLEX-RLG3,400B01-EE-EXL-5.FL-0045,,,N/A,,Exit Sign Light,,,,,,,,,Exit Sign Light FL5 No.45,,,In Use,,,16-07-24,,0,0,0,0,0,1,0,0,0,,,,,undefine,,1,โรงพยาบาลจุฬาภรณ์400เตียง,400B01-F5,โรงพยาบาล 400B - ชั้น 5,,,,,,,,,,CRA,,,,Nattapon,16-07-24,,0,-
10559,DELIGHT,DLEX-RLG3,400B01-EE-EXL-5.FL-0046,,,N/A,,Exit Sign Light,,,,,,,,,Exit Sign Light FL5 No.46,,,In Use,,,16-07-24,,0,0,0,0,0,1,0,0,0,,,,,undefine,,1,โรงพยาบาลจุฬาภรณ์400เตียง,400B01-F5,โรงพยาบาล 400B - ชั้น 5,,,,,,,,,,CRA,,,,Nattapon,16-07-24,,0,-
10560,DELIGHT,DLEX-RLG3,400B01-EE-EXL-5.FL-0047,,,N/A,,Exit Sign Light,,,,,,,,,Exit Sign Light FL5 No.47,,,In Use,,,16-07-24,,0,0,0,0,0,1,0,0,0,,,,,undefine,,1,โรงพยาบาลจุฬาภรณ์400เตียง,400B01-F5,โรงพยาบาล 400B - ชั้น 5,,,,,,,,,,CRA,,,,Nattapon,16-07-24,,0,-
10561,DELIGHT,DLEX-RLG3,400B01-EE-EXL-5.FL-0048,,,N/A,,Exit Sign Light,,,,,,,,,Exit Sign Light FL5 No.48,,,In Use,,,16-07-24,,0,0,0,0,0,1,0,0,0,,,,,undefine,,1,โรงพยาบาลจุฬาภรณ์400เตียง,400B01-F5,โรงพยาบาล 400B - ชั้น 5,,,,,,,,,,CRA,,,,Nattapon,16-07-24,,0,-
10562,DELIGHT,DLEX-RLG3,400B01-EE-EXL-5.FL-0049,,,N/A,,Exit Sign Light,,,,,,,,,Exit Sign Light FL5 No.49,,,In Use,,,16-07-24,,0,0,0,0,0,1,0,0,0,,,,,undefine,,1,โรงพยาบาลจุฬาภรณ์400เตียง,400B01-F5,โรงพยาบาล 400B - ชั้น 5,,,,,,,,,,CRA,,,,Nattapon,16-07-24,,0,-
10563,DELIGHT,DLEX-RLG3,400B01-EE-EXL-5.FL-0050,,,N/A,,Exit Sign Light,,,,,,,,,Exit Sign Light FL5 No.50,,,In Use,,,16-07-24,,0,0,0,0,0,1,0,0,0,,,,,undefine,,1,โรงพยาบาลจุฬาภรณ์400เตียง,400B01-F5,โรงพยาบาล 400B - ชั้น 5,,,,,,,,,,CRA,,,,Nattapon,16-07-24,,0,-
10564,DELIGHT,DLEX-RLG3,400B01-EE-EXL-5.FL-0051,,,N/A,,Exit Sign Light,,,,,,,,,Exit Sign Light FL5 No.51,,,In Use,,,16-07-24,,0,0,0,0,0,1,0,0,0,,,,,undefine,,1,โรงพยาบาลจุฬาภรณ์400เตียง,400B01-F5,โรงพยาบาล 400B - ชั้น 5,,,,,,,,,,CRA,,,,Nattapon,16-07-24,,0,-
10565,DELIGHT,DLEX-RLG3,400B01-EE-EXL-5.FL-0052,,,N/A,,Exit Sign Light,,,,,,,,,Exit Sign Light FL5 No.52,,,In Use,,,16-07-24,,0,0,0,0,0,1,0,0,0,,,,,undefine,,1,โรงพยาบาลจุฬาภรณ์400เตียง,400B01-F5,โรงพยาบาล 400B - ชั้น 5,,,,,,,,,,CRA,,,,Nattapon,16-07-24,,0,-
10566,DELIGHT,DLEX-RLG3,400B01-EE-EXL-5.FL-0053,,,N/A,,Exit Sign Light,,,,,,,,,Exit Sign Light FL5 No.53,,,In Use,,,16-07-24,,0,0,0,0,0,1,0,0,0,,,,,undefine,,1,โรงพยาบาลจุฬาภรณ์400เตียง,400B01-F5,โรงพยาบาล 400B - ชั้น 5,,,,,,,,,,CRA,,,,Nattapon,16-07-24,,0,-
10567,DELIGHT,DLEX-RLG3,400B01-EE-EXL-5.FL-0054,,,N/A,,Exit Sign Light,,,,,,,,,Exit Sign Light FL5 No.54,,,In Use,,,16-07-24,,0,0,0,0,0,1,0,0,0,,,,,undefine,,1,โรงพยาบาลจุฬาภรณ์400เตียง,400B01-F5,โรงพยาบาล 400B - ชั้น 5,,,,,,,,,,CRA,,,,Nattapon,16-07-24,,0,-
10568,DELIGHT,DLEX-RLG3,400B01-EE-EXL-5.FL-0055,,,N/A,,Exit Sign Light,,,,,,,,,Exit Sign Light FL5 No.55,,,In Use,,,16-07-24,,0,0,0,0,0,1,0,0,0,,,,,undefine,,1,โรงพยาบาลจุฬาภรณ์400เตียง,400B01-F5,โรงพยาบาล 400B - ชั้น 5,,,,,,,,,,CRA,,,,Nattapon,16-07-24,,0,-
10569,DELIGHT,DLEX-RLG3,400B01-EE-EXL-5.FL-0056,,,N/A,,Exit Sign Light,,,,,,,,,Exit Sign Light FL5 No.56,,,In Use,,,16-07-24,,0,0,0,0,0,1,0,0,0,,,,,undefine,,1,โรงพยาบาลจุฬาภรณ์400เตียง,400B01-F5,โรงพยาบาล 400B - ชั้น 5,,,,,,,,,,CRA,,,,Nattapon,16-07-24,,0,-
10570,DELIGHT,DLEX-RLG3,400B01-EE-EXL-5.FL-0057,,,N/A,,Exit Sign Light,,,,,,,,,Exit Sign Light FL5 No.57,,,In Use,,,16-07-24,,0,0,0,0,0,1,0,0,0,,,,,undefine,,1,โรงพยาบาลจุฬาภรณ์400เตียง,400B01-F5,โรงพยาบาล 400B - ชั้น 5,,,,,,,,,,CRA,,,,Nattapon,16-07-24,,0,-
10571,DELIGHT,DLEX-RLG3,400B01-EE-EXL-5.FL-0058,,,N/A,,Exit Sign Light,,,,,,,,,Exit Sign Light FL5 No.58,,,In Use,,,16-07-24,,0,0,0,0,0,1,0,0,0,,,,,undefine,,1,โรงพยาบาลจุฬาภรณ์400เตียง,400B01-F5,โรงพยาบาล 400B - ชั้น 5,,,,,,,,,,CRA,,,,Nattapon,16-07-24,,0,-
10572,DELIGHT,DLEX-RLG3,400B01-EE-EXL-5.FL-0059,,,N/A,,Exit Sign Light,,,,,,,,,Exit Sign Light FL5 No.59,,,In Use,,,16-07-24,,0,0,0,0,0,1,0,0,0,,,,,undefine,,1,โรงพยาบาลจุฬาภรณ์400เตียง,400B01-F5,โรงพยาบาล 400B - ชั้น 5,,,,,,,,,,CRA,,,,Nattapon,16-07-24,,0,-
10573,DELIGHT,DLEX-RLG3,400B01-EE-EXL-5.FL-0060,,,N/A,,Exit Sign Light,,,,,,,,,Exit Sign Light FL5 No.60,,,In Use,,,16-07-24,,0,0,0,0,0,1,0,0,0,,,,,undefine,,1,โรงพยาบาลจุฬาภรณ์400เตียง,400B01-F5,โรงพยาบาล 400B - ชั้น 5,,,,,,,,,,CRA,,,,Nattapon,16-07-24,,0,-
10574,DELIGHT,DLEX-RLG3,400B01-EE-EXL-5.FL-0061,,,N/A,,Exit Sign Light,,,,,,,,,Exit Sign Light FL5 No.61,,,In Use,,,16-07-24,,0,0,0,0,0,1,0,0,0,,,,,undefine,,1,โรงพยาบาลจุฬาภรณ์400เตียง,400B01-F5,โรงพยาบาล 400B - ชั้น 5,,,,,,,,,,CRA,,,,Nattapon,16-07-24,,0,-
10575,DELIGHT,DLEX-RLG3,400B01-EE-EXL-5.FL-0062,,,N/A,,Exit Sign Light,,,,,,,,,Exit Sign Light FL5 No.62,,,In Use,,,16-07-24,,0,0,0,0,0,1,0,0,0,,,,,undefine,,1,โรงพยาบาลจุฬาภรณ์400เตียง,400B01-F5,โรงพยาบาล 400B - ชั้น 5,,,,,,,,,,CRA,,,,Nattapon,16-07-24,,0,-
10576,DELIGHT,DLEX-RLG3,400B01-EE-EXL-5.FL-0063,,,N/A,,Exit Sign Light,,,,,,,,,Exit Sign Light FL5 No.63,,,In Use,,,16-07-24,,0,0,0,0,0,1,0,0,0,,,,,undefine,,1,โรงพยาบาลจุฬาภรณ์400เตียง,400B01-F5,โรงพยาบาล 400B - ชั้น 5,,,,,,,,,,CRA,,,,Nattapon,16-07-24,,0,-
10577,DELIGHT,DLEX-RLG3,400B01-EE-EXL-5.FL-0064,,,N/A,,Exit Sign Light,,,,,,,,,Exit Sign Light FL5 No.64,,,In Use,,,16-07-24,,0,0,0,0,0,1,0,0,0,,,,,undefine,,1,โรงพยาบาลจุฬาภรณ์400เตียง,400B01-F5,โรงพยาบาล 400B - ชั้น 5,,,,,,,,,,CRA,,,,Nattapon,16-07-24,,0,-
10578,DELIGHT,DLEX-RLG3,400B01-EE-EXL-5.FL-0065,,,N/A,,Exit Sign Light,,,,,,,,,Exit Sign Light FL5 No.65,,,In Use,,,16-07-24,,0,0,0,0,0,1,0,0,0,,,,,undefine,,1,โรงพยาบาลจุฬาภรณ์400เตียง,400B01-F5,โรงพยาบาล 400B - ชั้น 5,,,,,,,,,,CRA,,,,Nattapon,16-07-24,,0,-
10579,DELIGHT,DLEX-RLG3,400B01-EE-EXL-5.FL-0066,,,N/A,,Exit Sign Light,,,,,,,,,Exit Sign Light FL5 No.66,,,In Use,,,16-07-24,,0,0,0,0,0,1,0,0,0,,,,,undefine,,1,โรงพยาบาลจุฬาภรณ์400เตียง,400B01-F5,โรงพยาบาล 400B - ชั้น 5,,,,,,,,,,CRA,,,,Nattapon,16-07-24,,0,-
10580,DELIGHT,DLEX-RLG3,400B01-EE-EXL-5.FL-0067,,,N/A,,Exit Sign Light,,,,,,,,,Exit Sign Light FL5 No.67,,,In Use,,,16-07-24,,0,0,0,0,0,1,0,0,0,,,,,undefine,,1,โรงพยาบาลจุฬาภรณ์400เตียง,400B01-F5,โรงพยาบาล 400B - ชั้น 5,,,,,,,,,,CRA,,,,Nattapon,16-07-24,,0,-
10581,DELIGHT,DLEX-RLG3,400B01-EE-EXL-5.FL-0068,,,N/A,,Exit Sign Light,,,,,,,,,Exit Sign Light FL5 No.68,,,In Use,,,16-07-24,,0,0,0,0,0,1,0,0,0,,,,,undefine,,1,โรงพยาบาลจุฬาภรณ์400เตียง,400B01-F5,โรงพยาบาล 400B - ชั้น 5,,,,,,,,,,CRA,,,,Nattapon,16-07-24,,0,-
10582,DELIGHT,DLEX-RLG3,400B01-EE-EXL-5.FL-0069,,,N/A,,Exit Sign Light,,,,,,,,,Exit Sign Light FL5 No.69,,,In Use,,,16-07-24,,0,0,0,0,0,1,0,0,0,,,,,undefine,,1,โรงพยาบาลจุฬาภรณ์400เตียง,400B01-F5,โรงพยาบาล 400B - ชั้น 5,,,,,,,,,,CRA,,,,Nattapon,16-07-24,,0,-
10583,DELIGHT,DLEX-RLG3,400B01-EE-EXL-5.FL-0070,,,N/A,,Exit Sign Light,,,,,,,,,Exit Sign Light FL5 No.70,,,In Use,,,16-07-24,,0,0,0,0,0,1,0,0,0,,,,,undefine,,1,โรงพยาบาลจุฬาภรณ์400เตียง,400B01-F5,โรงพยาบาล 400B - ชั้น 5,,,,,,,,,,CRA,,,,Nattapon,16-07-24,,0,-
10584,DELIGHT,DLEX-RLG3,400B01-EE-EXL-5.FL-0071,,,N/A,,Exit Sign Light,,,,,,,,,Exit Sign Light FL5 No.71,,,In Use,,,16-07-24,,0,0,0,0,0,1,0,0,0,,,,,undefine,,1,โรงพยาบาลจุฬาภรณ์400เตียง,400B01-F5,โรงพยาบาล 400B - ชั้น 5,,,,,,,,,,CRA,,,,Nattapon,16-07-24,,0,-
10585,DELIGHT,DLEX-RLG3,400B01-EE-EXL-6.FL-0001,,,N/A,,Exit Sign Light,,,,,,,,,Exit Sign Light FL6 No.1,,,In Use,,,16-07-24,,0,0,0,0,0,1,0,0,0,,,,,undefine,,1,โรงพยาบาลจุฬาภรณ์400เตียง,400B01-F6,โรงพยาบาล 400B - ชั้น 6,,,,,,,,,,CRA,,,,Nattapon,16-07-24,,0,-
10586,DELIGHT,DLEX-RLG3,400B01-EE-EXL-6.FL-0002,,,N/A,,Exit Sign Light,,,,,,,,,Exit Sign Light FL6 No.2,,,In Use,,,16-07-24,,0,0,0,0,0,1,0,0,0,,,,,undefine,,1,โรงพยาบาลจุฬาภรณ์400เตียง,400B01-F6,โรงพยาบาล 400B - ชั้น 6,,,,,,,,,,CRA,,,,Nattapon,16-07-24,,0,-
10587,DELIGHT,DLEX-RLG3,400B01-EE-EXL-6.FL-0003,,,N/A,,Exit Sign Light,,,,,,,,,Exit Sign Light FL6 No.3,,,In Use,,,16-07-24,,0,0,0,0,0,1,0,0,0,,,,,undefine,,1,โรงพยาบาลจุฬาภรณ์400เตียง,400B01-F6,โรงพยาบาล 400B - ชั้น 6,,,,,,,,,,CRA,,,,Nattapon,16-07-24,,0,-
10588,DELIGHT,DLEX-RLG3,400B01-EE-EXL-6.FL-0004,,,N/A,,Exit Sign Light,,,,,,,,,Exit Sign Light FL6 No.4,,,In Use,,,16-07-24,,0,0,0,0,0,1,0,0,0,,,,,undefine,,1,โรงพยาบาลจุฬาภรณ์400เตียง,400B01-F6,โรงพยาบาล 400B - ชั้น 6,,,,,,,,,,CRA,,,,Nattapon,16-07-24,,0,-
10589,DELIGHT,DLEX-RLG3,400B01-EE-EXL-6.FL-0005,,,N/A,,Exit Sign Light,,,,,,,,,Exit Sign Light FL6 No.5,,,In Use,,,16-07-24,,0,0,0,0,0,1,0,0,0,,,,,undefine,,1,โรงพยาบาลจุฬาภรณ์400เตียง,400B01-F6,โรงพยาบาล 400B - ชั้น 6,,,,,,,,,,CRA,,,,Nattapon,16-07-24,,0,-
10590,DELIGHT,DLEX-RLG3,400B01-EE-EXL-6.FL-0006,,,N/A,,Exit Sign Light,,,,,,,,,Exit Sign Light FL6 No.6,,,In Use,,,16-07-24,,0,0,0,0,0,1,0,0,0,,,,,undefine,,1,โรงพยาบาลจุฬาภรณ์400เตียง,400B01-F6,โรงพยาบาล 400B - ชั้น 6,,,,,,,,,,CRA,,,,Nattapon,16-07-24,,0,-
10591,DELIGHT,DLEX-RLG3,400B01-EE-EXL-6.FL-0007,,,N/A,,Exit Sign Light,,,,,,,,,Exit Sign Light FL6 No.7,,,In Use,,,16-07-24,,0,0,0,0,0,1,0,0,0,,,,,undefine,,1,โรงพยาบาลจุฬาภรณ์400เตียง,400B01-F6,โรงพยาบาล 400B - ชั้น 6,,,,,,,,,,CRA,,,,Nattapon,16-07-24,,0,-
10592,DELIGHT,DLEX-RLG3,400B01-EE-EXL-6.FL-0008,,,N/A,,Exit Sign Light,,,,,,,,,Exit Sign Light FL6 No.8,,,In Use,,,16-07-24,,0,0,0,0,0,1,0,0,0,,,,,undefine,,1,โรงพยาบาลจุฬาภรณ์400เตียง,400B01-F6,โรงพยาบาล 400B - ชั้น 6,,,,,,,,,,CRA,,,,Nattapon,16-07-24,,0,-
10593,DELIGHT,DLEX-RLG3,400B01-EE-EXL-6.FL-0009,,,N/A,,Exit Sign Light,,,,,,,,,Exit Sign Light FL6 No.9,,,In Use,,,16-07-24,,0,0,0,0,0,1,0,0,0,,,,,undefine,,1,โรงพยาบาลจุฬาภรณ์400เตียง,400B01-F6,โรงพยาบาล 400B - ชั้น 6,,,,,,,,,,CRA,,,,Nattapon,16-07-24,,0,-
10594,DELIGHT,DLEX-RLG3,400B01-EE-EXL-6.FL-0010,,,N/A,,Exit Sign Light,,,,,,,,,Exit Sign Light FL6 No.10,,,In Use,,,16-07-24,,0,0,0,0,0,1,0,0,0,,,,,undefine,,1,โรงพยาบาลจุฬาภรณ์400เตียง,400B01-F6,โรงพยาบาล 400B - ชั้น 6,,,,,,,,,,CRA,,,,Nattapon,16-07-24,,0,-
10595,DELIGHT,DLEX-RLG3,400B01-EE-EXL-6.FL-0011,,,N/A,,Exit Sign Light,,,,,,,,,Exit Sign Light FL6 No.11,,,In Use,,,16-07-24,,0,0,0,0,0,1,0,0,0,,,,,undefine,,1,โรงพยาบาลจุฬาภรณ์400เตียง,400B01-F6,โรงพยาบาล 400B - ชั้น 6,,,,,,,,,,CRA,,,,Nattapon,16-07-24,,0,-
10596,DELIGHT,DLEX-RLG3,400B01-EE-EXL-6.FL-0012,,,N/A,,Exit Sign Light,,,,,,,,,Exit Sign Light FL6 No.12,,,In Use,,,16-07-24,,0,0,0,0,0,1,0,0,0,,,,,undefine,,1,โรงพยาบาลจุฬาภรณ์400เตียง,400B01-F6,โรงพยาบาล 400B - ชั้น 6,,,,,,,,,,CRA,,,,Nattapon,16-07-24,,0,-
10597,DELIGHT,DLEX-RLG3,400B01-EE-EXL-6.FL-0013,,,N/A,,Exit Sign Light,,,,,,,,,Exit Sign Light FL6 No.13,,,In Use,,,16-07-24,,0,0,0,0,0,1,0,0,0,,,,,undefine,,1,โรงพยาบาลจุฬาภรณ์400เตียง,400B01-F6,โรงพยาบาล 400B - ชั้น 6,,,,,,,,,,CRA,,,,Nattapon,16-07-24,,0,-
10598,DELIGHT,DLEX-RLG3,400B01-EE-EXL-6.FL-0014,,,N/A,,Exit Sign Light,,,,,,,,,Exit Sign Light FL6 No.14,,,In Use,,,16-07-24,,0,0,0,0,0,1,0,0,0,,,,,undefine,,1,โรงพยาบาลจุฬาภรณ์400เตียง,400B01-F6,โรงพยาบาล 400B - ชั้น 6,,,,,,,,,,CRA,,,,Nattapon,16-07-24,,0,-
10599,DELIGHT,DLEX-RLG3,400B01-EE-EXL-6.FL-0015,,,N/A,,Exit Sign Light,,,,,,,,,Exit Sign Light FL6 No.15,,,In Use,,,16-07-24,,0,0,0,0,0,1,0,0,0,,,,,undefine,,1,โรงพยาบาลจุฬาภรณ์400เตียง,400B01-F6,โรงพยาบาล 400B - ชั้น 6,,,,,,,,,,CRA,,,,Nattapon,16-07-24,,0,-
10600,DELIGHT,DLEX-RLG3,400B01-EE-EXL-6.FL-0016,,,N/A,,Exit Sign Light,,,,,,,,,Exit Sign Light FL6 No.16,,,In Use,,,16-07-24,,0,0,0,0,0,1,0,0,0,,,,,undefine,,1,โรงพยาบาลจุฬาภรณ์400เตียง,400B01-F6,โรงพยาบาล 400B - ชั้น 6,,,,,,,,,,CRA,,,,Nattapon,16-07-24,,0,-
10601,DELIGHT,DLEX-RLG3,400B01-EE-EXL-6.FL-0017,,,N/A,,Exit Sign Light,,,,,,,,,Exit Sign Light FL6 No.17,,,In Use,,,16-07-24,,0,0,0,0,0,1,0,0,0,,,,,undefine,,1,โรงพยาบาลจุฬาภรณ์400เตียง,400B01-F6,โรงพยาบาล 400B - ชั้น 6,,,,,,,,,,CRA,,,,Nattapon,16-07-24,,0,-
10602,DELIGHT,DLEX-RLG3,400B01-EE-EXL-6.FL-0018,,,N/A,,Exit Sign Light,,,,,,,,,Exit Sign Light FL6 No.18,,,In Use,,,16-07-24,,0,0,0,0,0,1,0,0,0,,,,,undefine,,1,โรงพยาบาลจุฬาภรณ์400เตียง,400B01-F6,โรงพยาบาล 400B - ชั้น 6,,,,,,,,,,CRA,,,,Nattapon,16-07-24,,0,-
10603,DELIGHT,DLEX-RLG3,400B01-EE-EXL-6.FL-0019,,,N/A,,Exit Sign Light,,,,,,,,,Exit Sign Light FL6 No.19,,,In Use,,,16-07-24,,0,0,0,0,0,1,0,0,0,,,,,undefine,,1,โรงพยาบาลจุฬาภรณ์400เตียง,400B01-F6,โรงพยาบาล 400B - ชั้น 6,,,,,,,,,,CRA,,,,Nattapon,16-07-24,,0,-
10604,DELIGHT,DLEX-RLG3,400B01-EE-EXL-6.FL-0020,,,N/A,,Exit Sign Light,,,,,,,,,Exit Sign Light FL6 No.20,,,In Use,,,16-07-24,,0,0,0,0,0,1,0,0,0,,,,,undefine,,1,โรงพยาบาลจุฬาภรณ์400เตียง,400B01-F6,โรงพยาบาล 400B - ชั้น 6,,,,,,,,,,CRA,,,,Nattapon,16-07-24,,0,-
10605,DELIGHT,DLEX-RLG3,400B01-EE-EXL-6.FL-0021,,,N/A,,Exit Sign Light,,,,,,,,,Exit Sign Light FL6 No.21,,,In Use,,,16-07-24,,0,0,0,0,0,1,0,0,0,,,,,undefine,,1,โรงพยาบาลจุฬาภรณ์400เตียง,400B01-F6,โรงพยาบาล 400B - ชั้น 6,,,,,,,,,,CRA,,,,Nattapon,16-07-24,,0,-
10606,DELIGHT,DLEX-RLG3,400B01-EE-EXL-6.FL-0022,,,N/A,,Exit Sign Light,,,,,,,,,Exit Sign Light FL6 No.22,,,In Use,,,16-07-24,,0,0,0,0,0,1,0,0,0,,,,,undefine,,1,โรงพยาบาลจุฬาภรณ์400เตียง,400B01-F6,โรงพยาบาล 400B - ชั้น 6,,,,,,,,,,CRA,,,,Nattapon,16-07-24,,0,-
10607,DELIGHT,DLEX-RLG3,400B01-EE-EXL-6.FL-0023,,,N/A,,Exit Sign Light,,,,,,,,,Exit Sign Light FL6 No.23,,,In Use,,,16-07-24,,0,0,0,0,0,1,0,0,0,,,,,undefine,,1,โรงพยาบาลจุฬาภรณ์400เตียง,400B01-F6,โรงพยาบาล 400B - ชั้น 6,,,,,,,,,,CRA,,,,Nattapon,16-07-24,,0,-
10608,DELIGHT,DLEX-RLG3,400B01-EE-EXL-6.FL-0024,,,N/A,,Exit Sign Light,,,,,,,,,Exit Sign Light FL6 No.24,,,In Use,,,16-07-24,,0,0,0,0,0,1,0,0,0,,,,,undefine,,1,โรงพยาบาลจุฬาภรณ์400เตียง,400B01-F6,โรงพยาบาล 400B - ชั้น 6,,,,,,,,,,CRA,,,,Nattapon,16-07-24,,0,-
10609,DELIGHT,DLEX-RLG3,400B01-EE-EXL-6.FL-0025,,,N/A,,Exit Sign Light,,,,,,,,,Exit Sign Light FL6 No.25,,,In Use,,,16-07-24,,0,0,0,0,0,1,0,0,0,,,,,undefine,,1,โรงพยาบาลจุฬาภรณ์400เตียง,400B01-F6,โรงพยาบาล 400B - ชั้น 6,,,,,,,,,,CRA,,,,Nattapon,16-07-24,,0,-
10610,DELIGHT,DLEX-RLG3,400B01-EE-EXL-6.FL-0026,,,N/A,,Exit Sign Light,,,,,,,,,Exit Sign Light FL6 No.26,,,In Use,,,16-07-24,,0,0,0,0,0,1,0,0,0,,,,,undefine,,1,โรงพยาบาลจุฬาภรณ์400เตียง,400B01-F6,โรงพยาบาล 400B - ชั้น 6,,,,,,,,,,CRA,,,,Nattapon,16-07-24,,0,-
10611,DELIGHT,DLEX-RLG3,400B01-EE-EXL-6.FL-0027,,,N/A,,Exit Sign Light,,,,,,,,,Exit Sign Light FL6 No.27,,,In Use,,,16-07-24,,0,0,0,0,0,1,0,0,0,,,,,undefine,,1,โรงพยาบาลจุฬาภรณ์400เตียง,400B01-F6,โรงพยาบาล 400B - ชั้น 6,,,,,,,,,,CRA,,,,Nattapon,16-07-24,,0,-
10612,DELIGHT,DLEX-RLG3,400B01-EE-EXL-6.FL-0028,,,N/A,,Exit Sign Light,,,,,,,,,Exit Sign Light FL6 No.28,,,In Use,,,16-07-24,,0,0,0,0,0,1,0,0,0,,,,,undefine,,1,โรงพยาบาลจุฬาภรณ์400เตียง,400B01-F6,โรงพยาบาล 400B - ชั้น 6,,,,,,,,,,CRA,,,,Nattapon,16-07-24,,0,-
10613,DELIGHT,DLEX-RLG3,400B01-EE-EXL-6.FL-0029,,,N/A,,Exit Sign Light,,,,,,,,,Exit Sign Light FL6 No.29,,,In Use,,,16-07-24,,0,0,0,0,0,1,0,0,0,,,,,undefine,,1,โรงพยาบาลจุฬาภรณ์400เตียง,400B01-F6,โรงพยาบาล 400B - ชั้น 6,,,,,,,,,,CRA,,,,Nattapon,16-07-24,,0,-
10614,DELIGHT,DLEX-RLG3,400B01-EE-EXL-6.FL-0030,,,N/A,,Exit Sign Light,,,,,,,,,Exit Sign Light FL6 No.30,,,In Use,,,16-07-24,,0,0,0,0,0,1,0,0,0,,,,,undefine,,1,โรงพยาบาลจุฬาภรณ์400เตียง,400B01-F6,โรงพยาบาล 400B - ชั้น 6,,,,,,,,,,CRA,,,,Nattapon,16-07-24,,0,-
10615,DELIGHT,DLEX-RLG3,400B01-EE-EXL-6.FL-0031,,,N/A,,Exit Sign Light,,,,,,,,,Exit Sign Light FL6 No.31,,,In Use,,,16-07-24,,0,0,0,0,0,1,0,0,0,,,,,undefine,,1,โรงพยาบาลจุฬาภรณ์400เตียง,400B01-F6,โรงพยาบาล 400B - ชั้น 6,,,,,,,,,,CRA,,,,Nattapon,16-07-24,,0,-
10616,DELIGHT,DLEX-RLG3,400B01-EE-EXL-6.FL-0032,,,N/A,,Exit Sign Light,,,,,,,,,Exit Sign Light FL6 No.32,,,In Use,,,16-07-24,,0,0,0,0,0,1,0,0,0,,,,,undefine,,1,โรงพยาบาลจุฬาภรณ์400เตียง,400B01-F6,โรงพยาบาล 400B - ชั้น 6,,,,,,,,,,CRA,,,,Nattapon,16-07-24,,0,-
10617,DELIGHT,DLEX-RLG3,400B01-EE-EXL-6.FL-0033,,,N/A,,Exit Sign Light,,,,,,,,,Exit Sign Light FL6 No.33,,,In Use,,,16-07-24,,0,0,0,0,0,1,0,0,0,,,,,undefine,,1,โรงพยาบาลจุฬาภรณ์400เตียง,400B01-F6,โรงพยาบาล 400B - ชั้น 6,,,,,,,,,,CRA,,,,Nattapon,16-07-24,,0,-
10618,DELIGHT,DLEX-RLG3,400B01-EE-EXL-6.FL-0034,,,N/A,,Exit Sign Light,,,,,,,,,Exit Sign Light FL6 No.34,,,In Use,,,16-07-24,,0,0,0,0,0,1,0,0,0,,,,,undefine,,1,โรงพยาบาลจุฬาภรณ์400เตียง,400B01-F6,โรงพยาบาล 400B - ชั้น 6,,,,,,,,,,CRA,,,,Nattapon,16-07-24,,0,-
10619,DELIGHT,DLEX-RLG3,400B01-EE-EXL-6.FL-0035,,,N/A,,Exit Sign Light,,,,,,,,,Exit Sign Light FL6 No.35,,,In Use,,,16-07-24,,0,0,0,0,0,1,0,0,0,,,,,undefine,,1,โรงพยาบาลจุฬาภรณ์400เตียง,400B01-F6,โรงพยาบาล 400B - ชั้น 6,,,,,,,,,,CRA,,,,Nattapon,16-07-24,,0,-
10620,DELIGHT,DLEX-RLG3,400B01-EE-EXL-6.FL-0036,,,N/A,,Exit Sign Light,,,,,,,,,Exit Sign Light FL6 No.36,,,In Use,,,16-07-24,,0,0,0,0,0,1,0,0,0,,,,,undefine,,1,โรงพยาบาลจุฬาภรณ์400เตียง,400B01-F6,โรงพยาบาล 400B - ชั้น 6,,,,,,,,,,CRA,,,,Nattapon,16-07-24,,0,-
10621,DELIGHT,DLEX-RLG3,400B01-EE-EXL-6.FL-0037,,,N/A,,Exit Sign Light,,,,,,,,,Exit Sign Light FL6 No.37,,,In Use,,,16-07-24,,0,0,0,0,0,1,0,0,0,,,,,undefine,,1,โรงพยาบาลจุฬาภรณ์400เตียง,400B01-F6,โรงพยาบาล 400B - ชั้น 6,,,,,,,,,,CRA,,,,Nattapon,16-07-24,,0,-
10622,DELIGHT,DLEX-RLG3,400B01-EE-EXL-6.FL-0038,,,N/A,,Exit Sign Light,,,,,,,,,Exit Sign Light FL6 No.38,,,In Use,,,16-07-24,,0,0,0,0,0,1,0,0,0,,,,,undefine,,1,โรงพยาบาลจุฬาภรณ์400เตียง,400B01-F6,โรงพยาบาล 400B - ชั้น 6,,,,,,,,,,CRA,,,,Nattapon,16-07-24,,0,-
10623,DELIGHT,DLEX-RLG3,400B01-EE-EXL-6.FL-0039,,,N/A,,Exit Sign Light,,,,,,,,,Exit Sign Light FL6 No.39,,,In Use,,,16-07-24,,0,0,0,0,0,1,0,0,0,,,,,undefine,,1,โรงพยาบาลจุฬาภรณ์400เตียง,400B01-F6,โรงพยาบาล 400B - ชั้น 6,,,,,,,,,,CRA,,,,Nattapon,16-07-24,,0,-
10624,DELIGHT,DLEX-RLG3,400B01-EE-EXL-6.FL-0040,,,N/A,,Exit Sign Light,,,,,,,,,Exit Sign Light FL6 No.40,,,In Use,,,16-07-24,,0,0,0,0,0,1,0,0,0,,,,,undefine,,1,โรงพยาบาลจุฬาภรณ์400เตียง,400B01-F6,โรงพยาบาล 400B - ชั้น 6,,,,,,,,,,CRA,,,,Nattapon,16-07-24,,0,-
10625,DELIGHT,DLEX-RLG3,400B01-EE-EXL-6.FL-0041,,,N/A,,Exit Sign Light,,,,,,,,,Exit Sign Light FL6 No.41,,,In Use,,,16-07-24,,0,0,0,0,0,1,0,0,0,,,,,undefine,,1,โรงพยาบาลจุฬาภรณ์400เตียง,400B01-F6,โรงพยาบาล 400B - ชั้น 6,,,,,,,,,,CRA,,,,Nattapon,16-07-24,,0,-
10626,DELIGHT,DLEX-RLG3,400B01-EE-EXL-6.FL-0042,,,N/A,,Exit Sign Light,,,,,,,,,Exit Sign Light FL6 No.42,,,In Use,,,16-07-24,,0,0,0,0,0,1,0,0,0,,,,,undefine,,1,โรงพยาบาลจุฬาภรณ์400เตียง,400B01-F6,โรงพยาบาล 400B - ชั้น 6,,,,,,,,,,CRA,,,,Nattapon,16-07-24,,0,-
10627,DELIGHT,DLEX-RLG3,400B01-EE-EXL-6.FL-0043,,,N/A,,Exit Sign Light,,,,,,,,,Exit Sign Light FL6 No.43,,,In Use,,,16-07-24,,0,0,0,0,0,1,0,0,0,,,,,undefine,,1,โรงพยาบาลจุฬาภรณ์400เตียง,400B01-F6,โรงพยาบาล 400B - ชั้น 6,,,,,,,,,,CRA,,,,Nattapon,16-07-24,,0,-
10628,DELIGHT,DLEX-RLG3,400B01-EE-EXL-6.FL-0044,,,N/A,,Exit Sign Light,,,,,,,,,Exit Sign Light FL6 No.44,,,In Use,,,16-07-24,,0,0,0,0,0,1,0,0,0,,,,,undefine,,1,โรงพยาบาลจุฬาภรณ์400เตียง,400B01-F6,โรงพยาบาล 400B - ชั้น 6,,,,,,,,,,CRA,,,,Nattapon,16-07-24,,0,-
10629,DELIGHT,DLEX-RLG3,400B01-EE-EXL-6.FL-0045,,,N/A,,Exit Sign Light,,,,,,,,,Exit Sign Light FL6 No.45,,,In Use,,,16-07-24,,0,0,0,0,0,1,0,0,0,,,,,undefine,,1,โรงพยาบาลจุฬาภรณ์400เตียง,400B01-F6,โรงพยาบาล 400B - ชั้น 6,,,,,,,,,,CRA,,,,Nattapon,16-07-24,,0,-
10630,DELIGHT,DLEX-RLG3,400B01-EE-EXL-7.FL-0001,,,N/A,,Exit Sign Light,,,,,,,,,Exit Sign Light FL7 No.1,,,In Use,,,16-07-24,,0,0,0,0,0,1,0,0,0,,,,,undefine,,1,โรงพยาบาลจุฬาภรณ์400เตียง,400B01-F7,โรงพยาบาล 400B - ชั้น 7,,,,,,,,,,CRA,,,,Nattapon,16-07-24,,0,-
10631,DELIGHT,DLEX-RLG3,400B01-EE-EXL-7.FL-0002,,,N/A,,Exit Sign Light,,,,,,,,,Exit Sign Light FL7 No.2,,,In Use,,,16-07-24,,0,0,0,0,0,1,0,0,0,,,,,undefine,,1,โรงพยาบาลจุฬาภรณ์400เตียง,400B01-F7,โรงพยาบาล 400B - ชั้น 7,,,,,,,,,,CRA,,,,Nattapon,16-07-24,,0,-
10632,DELIGHT,DLEX-RLG3,400B01-EE-EXL-7.FL-0003,,,N/A,,Exit Sign Light,,,,,,,,,Exit Sign Light FL7 No.3,,,In Use,,,16-07-24,,0,0,0,0,0,1,0,0,0,,,,,undefine,,1,โรงพยาบาลจุฬาภรณ์400เตียง,400B01-F7,โรงพยาบาล 400B - ชั้น 7,,,,,,,,,,CRA,,,,Nattapon,16-07-24,,0,-
10633,DELIGHT,DLEX-RLG3,400B01-EE-EXL-7.FL-0004,,,N/A,,Exit Sign Light,,,,,,,,,Exit Sign Light FL7 No.4,,,In Use,,,16-07-24,,0,0,0,0,0,1,0,0,0,,,,,undefine,,1,โรงพยาบาลจุฬาภรณ์400เตียง,400B01-F7,โรงพยาบาล 400B - ชั้น 7,,,,,,,,,,CRA,,,,Nattapon,16-07-24,,0,-
10634,DELIGHT,DLEX-RLG3,400B01-EE-EXL-7.FL-0005,,,N/A,,Exit Sign Light,,,,,,,,,Exit Sign Light FL7 No.5,,,In Use,,,16-07-24,,0,0,0,0,0,1,0,0,0,,,,,undefine,,1,โรงพยาบาลจุฬาภรณ์400เตียง,400B01-F7,โรงพยาบาล 400B - ชั้น 7,,,,,,,,,,CRA,,,,Nattapon,16-07-24,,0,-
10635,DELIGHT,DLEX-RLG3,400B01-EE-EXL-7.FL-0006,,,N/A,,Exit Sign Light,,,,,,,,,Exit Sign Light FL7 No.6,,,In Use,,,16-07-24,,0,0,0,0,0,1,0,0,0,,,,,undefine,,1,โรงพยาบาลจุฬาภรณ์400เตียง,400B01-F7,โรงพยาบาล 400B - ชั้น 7,,,,,,,,,,CRA,,,,Nattapon,16-07-24,,0,-
10636,DELIGHT,DLEX-RLG3,400B01-EE-EXL-7.FL-0007,,,N/A,,Exit Sign Light,,,,,,,,,Exit Sign Light FL7 No.7,,,In Use,,,16-07-24,,0,0,0,0,0,1,0,0,0,,,,,undefine,,1,โรงพยาบาลจุฬาภรณ์400เตียง,400B01-F7,โรงพยาบาล 400B - ชั้น 7,,,,,,,,,,CRA,,,,Nattapon,16-07-24,,0,-
10637,DELIGHT,DLEX-RLG3,400B01-EE-EXL-7.FL-0008,,,N/A,,Exit Sign Light,,,,,,,,,Exit Sign Light FL7 No.8,,,In Use,,,16-07-24,,0,0,0,0,0,1,0,0,0,,,,,undefine,,1,โรงพยาบาลจุฬาภรณ์400เตียง,400B01-F7,โรงพยาบาล 400B - ชั้น 7,,,,,,,,,,CRA,,,,Nattapon,16-07-24,,0,-
10638,DELIGHT,DLEX-RLG3,400B01-EE-EXL-7.FL-0009,,,N/A,,Exit Sign Light,,,,,,,,,Exit Sign Light FL7 No.9,,,In Use,,,16-07-24,,0,0,0,0,0,1,0,0,0,,,,,undefine,,1,โรงพยาบาลจุฬาภรณ์400เตียง,400B01-F7,โรงพยาบาล 400B - ชั้น 7,,,,,,,,,,CRA,,,,Nattapon,16-07-24,,0,-
10639,DELIGHT,DLEX-RLG3,400B01-EE-EXL-7.FL-0010,,,N/A,,Exit Sign Light,,,,,,,,,Exit Sign Light FL7 No.10,,,In Use,,,16-07-24,,0,0,0,0,0,1,0,0,0,,,,,undefine,,1,โรงพยาบาลจุฬาภรณ์400เตียง,400B01-F7,โรงพยาบาล 400B - ชั้น 7,,,,,,,,,,CRA,,,,Nattapon,16-07-24,,0,-
10640,DELIGHT,DLEX-RLG3,400B01-EE-EXL-7.FL-0011,,,N/A,,Exit Sign Light,,,,,,,,,Exit Sign Light FL7 No.11,,,In Use,,,16-07-24,,0,0,0,0,0,1,0,0,0,,,,,undefine,,1,โรงพยาบาลจุฬาภรณ์400เตียง,400B01-F7,โรงพยาบาล 400B - ชั้น 7,,,,,,,,,,CRA,,,,Nattapon,16-07-24,,0,-
10641,DELIGHT,DLEX-RLG3,400B01-EE-EXL-7.FL-0012,,,N/A,,Exit Sign Light,,,,,,,,,Exit Sign Light FL7 No.12,,,In Use,,,16-07-24,,0,0,0,0,0,1,0,0,0,,,,,undefine,,1,โรงพยาบาลจุฬาภรณ์400เตียง,400B01-F7,โรงพยาบาล 400B - ชั้น 7,,,,,,,,,,CRA,,,,Nattapon,16-07-24,,0,-
10642,DELIGHT,DLEX-RLG3,400B01-EE-EXL-7.FL-0013,,,N/A,,Exit Sign Light,,,,,,,,,Exit Sign Light FL7 No.13,,,In Use,,,16-07-24,,0,0,0,0,0,1,0,0,0,,,,,undefine,,1,โรงพยาบาลจุฬาภรณ์400เตียง,400B01-F7,โรงพยาบาล 400B - ชั้น 7,,,,,,,,,,CRA,,,,Nattapon,16-07-24,,0,-
10643,DELIGHT,DLEX-RLG3,400B01-EE-EXL-7.FL-0014,,,N/A,,Exit Sign Light,,,,,,,,,Exit Sign Light FL7 No.14,,,In Use,,,16-07-24,,0,0,0,0,0,1,0,0,0,,,,,undefine,,1,โรงพยาบาลจุฬาภรณ์400เตียง,400B01-F7,โรงพยาบาล 400B - ชั้น 7,,,,,,,,,,CRA,,,,Nattapon,16-07-24,,0,-
10644,DELIGHT,DLEX-RLG3,400B01-EE-EXL-7.FL-0015,,,N/A,,Exit Sign Light,,,,,,,,,Exit Sign Light FL7 No.15,,,In Use,,,16-07-24,,0,0,0,0,0,1,0,0,0,,,,,undefine,,1,โรงพยาบาลจุฬาภรณ์400เตียง,400B01-F7,โรงพยาบาล 400B - ชั้น 7,,,,,,,,,,CRA,,,,Nattapon,16-07-24,,0,-
10645,DELIGHT,DLEX-RLG3,400B01-EE-EXL-7.FL-0016,,,N/A,,Exit Sign Light,,,,,,,,,Exit Sign Light FL7 No.16,,,In Use,,,16-07-24,,0,0,0,0,0,1,0,0,0,,,,,undefine,,1,โรงพยาบาลจุฬาภรณ์400เตียง,400B01-F7,โรงพยาบาล 400B - ชั้น 7,,,,,,,,,,CRA,,,,Nattapon,16-07-24,,0,-
10646,DELIGHT,DLEX-RLG3,400B01-EE-EXL-7.FL-0017,,,N/A,,Exit Sign Light,,,,,,,,,Exit Sign Light FL7 No.17,,,In Use,,,16-07-24,,0,0,0,0,0,1,0,0,0,,,,,undefine,,1,โรงพยาบาลจุฬาภรณ์400เตียง,400B01-F7,โรงพยาบาล 400B - ชั้น 7,,,,,,,,,,CRA,,,,Nattapon,16-07-24,,0,-
10647,DELIGHT,DLEX-RLG3,400B01-EE-EXL-7.FL-0018,,,N/A,,Exit Sign Light,,,,,,,,,Exit Sign Light FL7 No.18,,,In Use,,,16-07-24,,0,0,0,0,0,1,0,0,0,,,,,undefine,,1,โรงพยาบาลจุฬาภรณ์400เตียง,400B01-F7,โรงพยาบาล 400B - ชั้น 7,,,,,,,,,,CRA,,,,Nattapon,16-07-24,,0,-
10648,DELIGHT,DLEX-RLG3,400B01-EE-EXL-7.FL-0019,,,N/A,,Exit Sign Light,,,,,,,,,Exit Sign Light FL7 No.19,,,In Use,,,16-07-24,,0,0,0,0,0,1,0,0,0,,,,,undefine,,1,โรงพยาบาลจุฬาภรณ์400เตียง,400B01-F7,โรงพยาบาล 400B - ชั้น 7,,,,,,,,,,CRA,,,,Nattapon,16-07-24,,0,-
10649,DELIGHT,DLEX-RLG3,400B01-EE-EXL-7.FL-0020,,,N/A,,Exit Sign Light,,,,,,,,,Exit Sign Light FL7 No.20,,,In Use,,,16-07-24,,0,0,0,0,0,1,0,0,0,,,,,undefine,,1,โรงพยาบาลจุฬาภรณ์400เตียง,400B01-F7,โรงพยาบาล 400B - ชั้น 7,,,,,,,,,,CRA,,,,Nattapon,16-07-24,,0,-
10650,DELIGHT,DLEX-RLG3,400B01-EE-EXL-7.FL-0021,,,N/A,,Exit Sign Light,,,,,,,,,Exit Sign Light FL7 No.21,,,In Use,,,16-07-24,,0,0,0,0,0,1,0,0,0,,,,,undefine,,1,โรงพยาบาลจุฬาภรณ์400เตียง,400B01-F7,โรงพยาบาล 400B - ชั้น 7,,,,,,,,,,CRA,,,,Nattapon,16-07-24,,0,-
10651,DELIGHT,DLEX-RLG3,400B01-EE-EXL-7.FL-0022,,,N/A,,Exit Sign Light,,,,,,,,,Exit Sign Light FL7 No.22,,,In Use,,,16-07-24,,0,0,0,0,0,1,0,0,0,,,,,undefine,,1,โรงพยาบาลจุฬาภรณ์400เตียง,400B01-F7,โรงพยาบาล 400B - ชั้น 7,,,,,,,,,,CRA,,,,Nattapon,16-07-24,,0,-
10652,DELIGHT,DLEX-RLG3,400B01-EE-EXL-7.FL-0023,,,N/A,,Exit Sign Light,,,,,,,,,Exit Sign Light FL7 No.23,,,In Use,,,16-07-24,,0,0,0,0,0,1,0,0,0,,,,,undefine,,1,โรงพยาบาลจุฬาภรณ์400เตียง,400B01-F7,โรงพยาบาล 400B - ชั้น 7,,,,,,,,,,CRA,,,,Nattapon,16-07-24,,0,-
10653,DELIGHT,DLEX-RLG3,400B01-EE-EXL-7.FL-0024,,,N/A,,Exit Sign Light,,,,,,,,,Exit Sign Light FL7 No.24,,,In Use,,,16-07-24,,0,0,0,0,0,1,0,0,0,,,,,undefine,,1,โรงพยาบาลจุฬาภรณ์400เตียง,400B01-F7,โรงพยาบาล 400B - ชั้น 7,,,,,,,,,,CRA,,,,Nattapon,16-07-24,,0,-
10654,DELIGHT,DLEX-RLG3,400B01-EE-EXL-7.FL-0025,,,N/A,,Exit Sign Light,,,,,,,,,Exit Sign Light FL7 No.25,,,In Use,,,16-07-24,,0,0,0,0,0,1,0,0,0,,,,,undefine,,1,โรงพยาบาลจุฬาภรณ์400เตียง,400B01-F7,โรงพยาบาล 400B - ชั้น 7,,,,,,,,,,CRA,,,,Nattapon,16-07-24,,0,-
10655,DELIGHT,DLEX-RLG3,400B01-EE-EXL-7.FL-0026,,,N/A,,Exit Sign Light,,,,,,,,,Exit Sign Light FL7 No.26,,,In Use,,,16-07-24,,0,0,0,0,0,1,0,0,0,,,,,undefine,,1,โรงพยาบาลจุฬาภรณ์400เตียง,400B01-F7,โรงพยาบาล 400B - ชั้น 7,,,,,,,,,,CRA,,,,Nattapon,16-07-24,,0,-
10656,DELIGHT,DLEX-RLG3,400B01-EE-EXL-7.FL-0027,,,N/A,,Exit Sign Light,,,,,,,,,Exit Sign Light FL7 No.27,,,In Use,,,16-07-24,,0,0,0,0,0,1,0,0,0,,,,,undefine,,1,โรงพยาบาลจุฬาภรณ์400เตียง,400B01-F7,โรงพยาบาล 400B - ชั้น 7,,,,,,,,,,CRA,,,,Nattapon,16-07-24,,0,-
10657,DELIGHT,DLEX-RLG3,400B01-EE-EXL-7.FL-0028,,,N/A,,Exit Sign Light,,,,,,,,,Exit Sign Light FL7 No.28,,,In Use,,,16-07-24,,0,0,0,0,0,1,0,0,0,,,,,undefine,,1,โรงพยาบาลจุฬาภรณ์400เตียง,400B01-F7,โรงพยาบาล 400B - ชั้น 7,,,,,,,,,,CRA,,,,Nattapon,16-07-24,,0,-
10658,DELIGHT,DLEX-RLG3,400B01-EE-EXL-7.FL-0029,,,N/A,,Exit Sign Light,,,,,,,,,Exit Sign Light FL7 No.29,,,In Use,,,16-07-24,,0,0,0,0,0,1,0,0,0,,,,,undefine,,1,โรงพยาบาลจุฬาภรณ์400เตียง,400B01-F7,โรงพยาบาล 400B - ชั้น 7,,,,,,,,,,CRA,,,,Nattapon,16-07-24,,0,-
10659,DELIGHT,DLEX-RLG3,400B01-EE-EXL-7.FL-0030,,,N/A,,Exit Sign Light,,,,,,,,,Exit Sign Light FL7 No.30,,,In Use,,,16-07-24,,0,0,0,0,0,1,0,0,0,,,,,undefine,,1,โรงพยาบาลจุฬาภรณ์400เตียง,400B01-F7,โรงพยาบาล 400B - ชั้น 7,,,,,,,,,,CRA,,,,Nattapon,16-07-24,,0,-
10660,DELIGHT,DLEX-RLG3,400B01-EE-EXL-7.FL-0031,,,N/A,,Exit Sign Light,,,,,,,,,Exit Sign Light FL7 No.31,,,In Use,,,16-07-24,,0,0,0,0,0,1,0,0,0,,,,,undefine,,1,โรงพยาบาลจุฬาภรณ์400เตียง,400B01-F7,โรงพยาบาล 400B - ชั้น 7,,,,,,,,,,CRA,,,,Nattapon,16-07-24,,0,-
10661,DELIGHT,DLEX-RLG3,400B01-EE-EXL-7.FL-0032,,,N/A,,Exit Sign Light,,,,,,,,,Exit Sign Light FL7 No.32,,,In Use,,,16-07-24,,0,0,0,0,0,1,0,0,0,,,,,undefine,,1,โรงพยาบาลจุฬาภรณ์400เตียง,400B01-F7,โรงพยาบาล 400B - ชั้น 7,,,,,,,,,,CRA,,,,Nattapon,16-07-24,,0,-
10662,DELIGHT,DLEX-RLG3,400B01-EE-EXL-7.FL-0033,,,N/A,,Exit Sign Light,,,,,,,,,Exit Sign Light FL7 No.33,,,In Use,,,16-07-24,,0,0,0,0,0,1,0,0,0,,,,,undefine,,1,โรงพยาบาลจุฬาภรณ์400เตียง,400B01-F7,โรงพยาบาล 400B - ชั้น 7,,,,,,,,,,CRA,,,,Nattapon,16-07-24,,0,-
10663,DELIGHT,DLEX-RLG3,400B01-EE-EXL-7.FL-0034,,,N/A,,Exit Sign Light,,,,,,,,,Exit Sign Light FL7 No.34,,,In Use,,,16-07-24,,0,0,0,0,0,1,0,0,0,,,,,undefine,,1,โรงพยาบาลจุฬาภรณ์400เตียง,400B01-F7,โรงพยาบาล 400B - ชั้น 7,,,,,,,,,,CRA,,,,Nattapon,16-07-24,,0,-
10664,DELIGHT,DLEX-RLG3,400B01-EE-EXL-7.FL-0035,,,N/A,,Exit Sign Light,,,,,,,,,Exit Sign Light FL7 No.35,,,In Use,,,16-07-24,,0,0,0,0,0,1,0,0,0,,,,,undefine,,1,โรงพยาบาลจุฬาภรณ์400เตียง,400B01-F7,โรงพยาบาล 400B - ชั้น 7,,,,,,,,,,CRA,,,,Nattapon,16-07-24,,0,-
10665,DELIGHT,DLEX-RLG3,400B01-EE-EXL-7.FL-0036,,,N/A,,Exit Sign Light,,,,,,,,,Exit Sign Light FL7 No.36,,,In Use,,,16-07-24,,0,0,0,0,0,1,0,0,0,,,,,undefine,,1,โรงพยาบาลจุฬาภรณ์400เตียง,400B01-F7,โรงพยาบาล 400B - ชั้น 7,,,,,,,,,,CRA,,,,Nattapon,16-07-24,,0,-
10666,DELIGHT,DLEX-RLG3,400B01-EE-EXL-7.FL-0037,,,N/A,,Exit Sign Light,,,,,,,,,Exit Sign Light FL7 No.37,,,In Use,,,16-07-24,,0,0,0,0,0,1,0,0,0,,,,,undefine,,1,โรงพยาบาลจุฬาภรณ์400เตียง,400B01-F7,โรงพยาบาล 400B - ชั้น 7,,,,,,,,,,CRA,,,,Nattapon,16-07-24,,0,-
10667,DELIGHT,DLEX-RLG3,400B01-EE-EXL-7.FL-0038,,,N/A,,Exit Sign Light,,,,,,,,,Exit Sign Light FL7 No.38,,,In Use,,,16-07-24,,0,0,0,0,0,1,0,0,0,,,,,undefine,,1,โรงพยาบาลจุฬาภรณ์400เตียง,400B01-F7,โรงพยาบาล 400B - ชั้น 7,,,,,,,,,,CRA,,,,Nattapon,16-07-24,,0,-
10668,DELIGHT,DLEX-RLG3,400B01-EE-EXL-7.FL-0039,,,N/A,,Exit Sign Light,,,,,,,,,Exit Sign Light FL7 No.39,,,In Use,,,16-07-24,,0,0,0,0,0,1,0,0,0,,,,,undefine,,1,โรงพยาบาลจุฬาภรณ์400เตียง,400B01-F7,โรงพยาบาล 400B - ชั้น 7,,,,,,,,,,CRA,,,,Nattapon,16-07-24,,0,-
10669,DELIGHT,DLEX-RLG3,400B01-EE-EXL-7.FL-0040,,,N/A,,Exit Sign Light,,,,,,,,,Exit Sign Light FL7 No.40,,,In Use,,,16-07-24,,0,0,0,0,0,1,0,0,0,,,,,undefine,,1,โรงพยาบาลจุฬาภรณ์400เตียง,400B01-F7,โรงพยาบาล 400B - ชั้น 7,,,,,,,,,,CRA,,,,Nattapon,16-07-24,,0,-
10670,DELIGHT,DLEX-RLG3,400B01-EE-EXL-7.FL-0041,,,N/A,,Exit Sign Light,,,,,,,,,Exit Sign Light FL7 No.41,,,In Use,,,16-07-24,,0,0,0,0,0,1,0,0,0,,,,,undefine,,1,โรงพยาบาลจุฬาภรณ์400เตียง,400B01-F7,โรงพยาบาล 400B - ชั้น 7,,,,,,,,,,CRA,,,,Nattapon,16-07-24,,0,-
10671,DELIGHT,DLEX-RLG3,400B01-EE-EXL-7.FL-0042,,,N/A,,Exit Sign Light,,,,,,,,,Exit Sign Light FL7 No.42,,,In Use,,,16-07-24,,0,0,0,0,0,1,0,0,0,,,,,undefine,,1,โรงพยาบาลจุฬาภรณ์400เตียง,400B01-F7,โรงพยาบาล 400B - ชั้น 7,,,,,,,,,,CRA,,,,Nattapon,16-07-24,,0,-
10672,DELIGHT,DLEX-RLG3,400B01-EE-EXL-7.FL-0043,,,N/A,,Exit Sign Light,,,,,,,,,Exit Sign Light FL7 No.43,,,In Use,,,16-07-24,,0,0,0,0,0,1,0,0,0,,,,,undefine,,1,โรงพยาบาลจุฬาภรณ์400เตียง,400B01-F7,โรงพยาบาล 400B - ชั้น 7,,,,,,,,,,CRA,,,,Nattapon,16-07-24,,0,-
10673,DELIGHT,DLEX-RLG3,400B01-EE-EXL-7.FL-0044,,,N/A,,Exit Sign Light,,,,,,,,,Exit Sign Light FL7 No.44,,,In Use,,,16-07-24,,0,0,0,0,0,1,0,0,0,,,,,undefine,,1,โรงพยาบาลจุฬาภรณ์400เตียง,400B01-F7,โรงพยาบาล 400B - ชั้น 7,,,,,,,,,,CRA,,,,Nattapon,16-07-24,,0,-
10674,DELIGHT,DLEX-RLG3,400B01-EE-EXL-7.FL-0045,,,N/A,,Exit Sign Light,,,,,,,,,Exit Sign Light FL7 No.45,,,In Use,,,16-07-24,,0,0,0,0,0,1,0,0,0,,,,,undefine,,1,โรงพยาบาลจุฬาภรณ์400เตียง,400B01-F7,โรงพยาบาล 400B - ชั้น 7,,,,,,,,,,CRA,,,,Nattapon,16-07-24,,0,-
10725,DELIGHT,DLEX-RLG3,400B01-EE-EXL-8.FL-0017,,,N/A,,Exit Sign Light,,,,,,,,,Exit Sign Light FL8 No.17,,,In Use,,,16-07-24,,0,0,0,0,0,1,0,0,0,,,,,undefine,,1,โรงพยาบาลจุฬาภรณ์400เตียง,400B01-F8,โรงพยาบาล 400B - ชั้น 8,,,,,,,,,,CRA,,,,Nattapon,16-07-24,,0,-
10726,DELIGHT,DLEX-RLG3,400B01-EE-EXL-8.FL-0018,,,N/A,,Exit Sign Light,,,,,,,,,Exit Sign Light FL8 No.18,,,In Use,,,16-07-24,,0,0,0,0,0,1,0,0,0,,,,,undefine,,1,โรงพยาบาลจุฬาภรณ์400เตียง,400B01-F8,โรงพยาบาล 400B - ชั้น 8,,,,,,,,,,CRA,,,,Nattapon,16-07-24,,0,-
10727,DELIGHT,DLEX-RLG3,400B01-EE-EXL-8.FL-0019,,,N/A,,Exit Sign Light,,,,,,,,,Exit Sign Light FL8 No.19,,,In Use,,,16-07-24,,0,0,0,0,0,1,0,0,0,,,,,undefine,,1,โรงพยาบาลจุฬาภรณ์400เตียง,400B01-F8,โรงพยาบาล 400B - ชั้น 8,,,,,,,,,,CRA,,,,Nattapon,16-07-24,,0,-
10728,DELIGHT,DLEX-RLG3,400B01-EE-EXL-8.FL-0020,,,N/A,,Exit Sign Light,,,,,,,,,Exit Sign Light FL8 No.20,,,In Use,,,16-07-24,,0,0,0,0,0,1,0,0,0,,,,,undefine,,1,โรงพยาบาลจุฬาภรณ์400เตียง,400B01-F8,โรงพยาบาล 400B - ชั้น 8,,,,,,,,,,CRA,,,,Nattapon,16-07-24,,0,-
10729,DELIGHT,DLEX-RLG3,400B01-EE-EXL-8.FL-0021,,,N/A,,Exit Sign Light,,,,,,,,,Exit Sign Light FL8 No.21,,,In Use,,,16-07-24,,0,0,0,0,0,1,0,0,0,,,,,undefine,,1,โรงพยาบาลจุฬาภรณ์400เตียง,400B01-F8,โรงพยาบาล 400B - ชั้น 8,,,,,,,,,,CRA,,,,Nattapon,16-07-24,,0,-
10730,DELIGHT,DLEX-RLG3,400B01-EE-EXL-8.FL-0022,,,N/A,,Exit Sign Light,,,,,,,,,Exit Sign Light FL8 No.22,,,In Use,,,16-07-24,,0,0,0,0,0,1,0,0,0,,,,,undefine,,1,โรงพยาบาลจุฬาภรณ์400เตียง,400B01-F8,โรงพยาบาล 400B - ชั้น 8,,,,,,,,,,CRA,,,,Nattapon,16-07-24,,0,-
10731,DELIGHT,DLEX-RLG3,400B01-EE-EXL-8.FL-0023,,,N/A,,Exit Sign Light,,,,,,,,,Exit Sign Light FL8 No.23,,,In Use,,,16-07-24,,0,0,0,0,0,1,0,0,0,,,,,undefine,,1,โรงพยาบาลจุฬาภรณ์400เตียง,400B01-F8,โรงพยาบาล 400B - ชั้น 8,,,,,,,,,,CRA,,,,Nattapon,16-07-24,,0,-
10732,DELIGHT,DLEX-RLG3,400B01-EE-EXL-8.FL-0024,,,N/A,,Exit Sign Light,,,,,,,,,Exit Sign Light FL8 No.24,,,In Use,,,16-07-24,,0,0,0,0,0,1,0,0,0,,,,,undefine,,1,โรงพยาบาลจุฬาภรณ์400เตียง,400B01-F8,โรงพยาบาล 400B - ชั้น 8,,,,,,,,,,CRA,,,,Nattapon,16-07-24,,0,-
10733,DELIGHT,DLEX-RLG3,400B01-EE-EXL-8.FL-0025,,,N/A,,Exit Sign Light,,,,,,,,,Exit Sign Light FL8 No.25,,,In Use,,,16-07-24,,0,0,0,0,0,1,0,0,0,,,,,undefine,,1,โรงพยาบาลจุฬาภรณ์400เตียง,400B01-F8,โรงพยาบาล 400B - ชั้น 8,,,,,,,,,,CRA,,,,Nattapon,16-07-24,,0,-
10734,DELIGHT,DLEX-RLG3,400B01-EE-EXL-8.FL-0026,,,N/A,,Exit Sign Light,,,,,,,,,Exit Sign Light FL8 No.26,,,In Use,,,16-07-24,,0,0,0,0,0,1,0,0,0,,,,,undefine,,1,โรงพยาบาลจุฬาภรณ์400เตียง,400B01-F8,โรงพยาบาล 400B - ชั้น 8,,,,,,,,,,CRA,,,,Nattapon,16-07-24,,0,-
10735,DELIGHT,DLEX-RLG3,400B01-EE-EXL-8.FL-0027,,,N/A,,Exit Sign Light,,,,,,,,,Exit Sign Light FL8 No.27,,,In Use,,,16-07-24,,0,0,0,0,0,1,0,0,0,,,,,undefine,,1,โรงพยาบาลจุฬาภรณ์400เตียง,400B01-F8,โรงพยาบาล 400B - ชั้น 8,,,,,,,,,,CRA,,,,Nattapon,16-07-24,,0,-
10736,DELIGHT,DLEX-RLG3,400B01-EE-EXL-8.FL-0028,,,N/A,,Exit Sign Light,,,,,,,,,Exit Sign Light FL8 No.28,,,In Use,,,16-07-24,,0,0,0,0,0,1,0,0,0,,,,,undefine,,1,โรงพยาบาลจุฬาภรณ์400เตียง,400B01-F8,โรงพยาบาล 400B - ชั้น 8,,,,,,,,,,CRA,,,,Nattapon,16-07-24,,0,-
10737,DELIGHT,DLEX-RLG3,400B01-EE-EXL-8.FL-0029,,,N/A,,Exit Sign Light,,,,,,,,,Exit Sign Light FL8 No.29,,,In Use,,,16-07-24,,0,0,0,0,0,1,0,0,0,,,,,undefine,,1,โรงพยาบาลจุฬาภรณ์400เตียง,400B01-F8,โรงพยาบาล 400B - ชั้น 8,,,,,,,,,,CRA,,,,Nattapon,16-07-24,,0,-
10738,DELIGHT,DLEX-RLG3,400B01-EE-EXL-8.FL-0030,,,N/A,,Exit Sign Light,,,,,,,,,Exit Sign Light FL8 No.30,,,In Use,,,16-07-24,,0,0,0,0,0,1,0,0,0,,,,,undefine,,1,โรงพยาบาลจุฬาภรณ์400เตียง,400B01-F8,โรงพยาบาล 400B - ชั้น 8,,,,,,,,,,CRA,,,,Nattapon,16-07-24,,0,-
10739,DELIGHT,DLEX-RLG3,400B01-EE-EXL-8.FL-0031,,,N/A,,Exit Sign Light,,,,,,,,,Exit Sign Light FL8 No.31,,,In Use,,,16-07-24,,0,0,0,0,0,1,0,0,0,,,,,undefine,,1,โรงพยาบาลจุฬาภรณ์400เตียง,400B01-F8,โรงพยาบาล 400B - ชั้น 8,,,,,,,,,,CRA,,,,Nattapon,16-07-24,,0,-
10755,DELIGHT,DLEX-RLG3,400B01-EE-EXL-9.FL-0001,,,N/A,,Exit Sign Light,,,,,,,,,Exit Sign Light FL9 No.1,,,In Use,,,16-07-24,,0,0,0,0,0,1,0,0,0,,,,,undefine,,1,โรงพยาบาลจุฬาภรณ์400เตียง,400B01-F9,โรงพยาบาล 400B - ชั้น 9,,,,,,,,,,CRA,,,,Nattapon,16-07-24,,0,-
10756,DELIGHT,DLEX-RLG3,400B01-EE-EXL-9.FL-0002,,,N/A,,Exit Sign Light,,,,,,,,,Exit Sign Light FL9 No.2,,,In Use,,,16-07-24,,0,0,0,0,0,1,0,0,0,,,,,undefine,,1,โรงพยาบาลจุฬาภรณ์400เตียง,400B01-F9,โรงพยาบาล 400B - ชั้น 9,,,,,,,,,,CRA,,,,Nattapon,16-07-24,,0,-
10757,DELIGHT,DLEX-RLG3,400B01-EE-EXL-9.FL-0003,,,N/A,,Exit Sign Light,,,,,,,,,Exit Sign Light FL9 No.3,,,In Use,,,16-07-24,,0,0,0,0,0,1,0,0,0,,,,,undefine,,1,โรงพยาบาลจุฬาภรณ์400เตียง,400B01-F9,โรงพยาบาล 400B - ชั้น 9,,,,,,,,,,CRA,,,,Nattapon,16-07-24,,0,-
10758,DELIGHT,DLEX-RLG3,400B01-EE-EXL-9.FL-0004,,,N/A,,Exit Sign Light,,,,,,,,,Exit Sign Light FL9 No.4,,,In Use,,,16-07-24,,0,0,0,0,0,1,0,0,0,,,,,undefine,,1,โรงพยาบาลจุฬาภรณ์400เตียง,400B01-F9,โรงพยาบาล 400B - ชั้น 9,,,,,,,,,,CRA,,,,Nattapon,16-07-24,,0,-
10759,DELIGHT,DLEX-RLG3,400B01-EE-EXL-9.FL-0005,,,N/A,,Exit Sign Light,,,,,,,,,Exit Sign Light FL9 No.5,,,In Use,,,16-07-24,,0,0,0,0,0,1,0,0,0,,,,,undefine,,1,โรงพยาบาลจุฬาภรณ์400เตียง,400B01-F9,โรงพยาบาล 400B - ชั้น 9,,,,,,,,,,CRA,,,,Nattapon,16-07-24,,0,-
10760,DELIGHT,DLEX-RLG3,400B01-EE-EXL-9.FL-0006,,,N/A,,Exit Sign Light,,,,,,,,,Exit Sign Light FL9 No.6,,,In Use,,,16-07-24,,0,0,0,0,0,1,0,0,0,,,,,undefine,,1,โรงพยาบาลจุฬาภรณ์400เตียง,400B01-F9,โรงพยาบาล 400B - ชั้น 9,,,,,,,,,,CRA,,,,Nattapon,16-07-24,,0,-
10761,DELIGHT,DLEX-RLG3,400B01-EE-EXL-9.FL-0007,,,N/A,,Exit Sign Light,,,,,,,,,Exit Sign Light FL9 No.7,,,In Use,,,16-07-24,,0,0,0,0,0,1,0,0,0,,,,,undefine,,1,โรงพยาบาลจุฬาภรณ์400เตียง,400B01-F9,โรงพยาบาล 400B - ชั้น 9,,,,,,,,,,CRA,,,,Nattapon,16-07-24,,0,-
10762,DELIGHT,DLEX-RLG3,400B01-EE-EXL-9.FL-0008,,,N/A,,Exit Sign Light,,,,,,,,,Exit Sign Light FL9 No.8,,,In Use,,,16-07-24,,0,0,0,0,0,1,0,0,0,,,,,undefine,,1,โรงพยาบาลจุฬาภรณ์400เตียง,400B01-F9,โรงพยาบาล 400B - ชั้น 9,,,,,,,,,,CRA,,,,Nattapon,16-07-24,,0,-
10763,DELIGHT,DLEX-RLG3,400B01-EE-EXL-9.FL-0009,,,N/A,,Exit Sign Light,,,,,,,,,Exit Sign Light FL9 No.9,,,In Use,,,16-07-24,,0,0,0,0,0,1,0,0,0,,,,,undefine,,1,โรงพยาบาลจุฬาภรณ์400เตียง,400B01-F9,โรงพยาบาล 400B - ชั้น 9,,,,,,,,,,CRA,,,,Nattapon,16-07-24,,0,-
10764,DELIGHT,DLEX-RLG3,400B01-EE-EXL-9.FL-0010,,,N/A,,Exit Sign Light,,,,,,,,,Exit Sign Light FL9 No.10,,,In Use,,,16-07-24,,0,0,0,0,0,1,0,0,0,,,,,undefine,,1,โรงพยาบาลจุฬาภรณ์400เตียง,400B01-F9,โรงพยาบาล 400B - ชั้น 9,,,,,,,,,,CRA,,,,Nattapon,16-07-24,,0,-
10765,DELIGHT,DLEX-RLG3,400B01-EE-EXL-9.FL-0011,,,N/A,,Exit Sign Light,,,,,,,,,Exit Sign Light FL9 No.11,,,In Use,,,16-07-24,,0,0,0,0,0,1,0,0,0,,,,,undefine,,1,โรงพยาบาลจุฬาภรณ์400เตียง,400B01-F9,โรงพยาบาล 400B - ชั้น 9,,,,,,,,,,CRA,,,,Nattapon,16-07-24,,0,-
10766,DELIGHT,DLEX-RLG3,400B01-EE-EXL-9.FL-0012,,,N/A,,Exit Sign Light,,,,,,,,,Exit Sign Light FL9 No.12,,,In Use,,,16-07-24,,0,0,0,0,0,1,0,0,0,,,,,undefine,,1,โรงพยาบาลจุฬาภรณ์400เตียง,400B01-F9,โรงพยาบาล 400B - ชั้น 9,,,,,,,,,,CRA,,,,Nattapon,16-07-24,,0,-
10767,DELIGHT,DLEX-RLG3,400B01-EE-EXL-9.FL-0013,,,N/A,,Exit Sign Light,,,,,,,,,Exit Sign Light FL9 No.13,,,In Use,,,16-07-24,,0,0,0,0,0,1,0,0,0,,,,,undefine,,1,โรงพยาบาลจุฬาภรณ์400เตียง,400B01-F9,โรงพยาบาล 400B - ชั้น 9,,,,,,,,,,CRA,,,,Nattapon,16-07-24,,0,-
10768,DELIGHT,DLEX-RLG3,400B01-EE-EXL-9.FL-0014,,,N/A,,Exit Sign Light,,,,,,,,,Exit Sign Light FL9 No.14,,,In Use,,,16-07-24,,0,0,0,0,0,1,0,0,0,,,,,undefine,,1,โรงพยาบาลจุฬาภรณ์400เตียง,400B01-F9,โรงพยาบาล 400B - ชั้น 9,,,,,,,,,,CRA,,,,Nattapon,16-07-24,,0,-
10769,DELIGHT,DLEX-RLG3,400B01-EE-EXL-9.FL-0015,,,N/A,,Exit Sign Light,,,,,,,,,Exit Sign Light FL9 No.15,,,In Use,,,16-07-24,,0,0,0,0,0,1,0,0,0,,,,,undefine,,1,โรงพยาบาลจุฬาภรณ์400เตียง,400B01-F9,โรงพยาบาล 400B - ชั้น 9,,,,,,,,,,CRA,,,,Nattapon,16-07-24,,0,-
10770,DELIGHT,DLEX-RLG3,400B01-EE-EXL-9.FL-0016,,,N/A,,Exit Sign Light,,,,,,,,,Exit Sign Light FL9 No.16,,,In Use,,,16-07-24,,0,0,0,0,0,1,0,0,0,,,,,undefine,,1,โรงพยาบาลจุฬาภรณ์400เตียง,400B01-F9,โรงพยาบาล 400B - ชั้น 9,,,,,,,,,,CRA,,,,Nattapon,16-07-24,,0,-
10771,DELIGHT,DLEX-RLG3,400B01-EE-EXL-9.FL-0017,,,N/A,,Exit Sign Light,,,,,,,,,Exit Sign Light FL9 No.17,,,In Use,,,16-07-24,,0,0,0,0,0,1,0,0,0,,,,,undefine,,1,โรงพยาบาลจุฬาภรณ์400เตียง,400B01-F9,โรงพยาบาล 400B - ชั้น 9,,,,,,,,,,CRA,,,,Nattapon,16-07-24,,0,-
10772,DELIGHT,DLEX-RLG3,400B01-EE-EXL-9.FL-0018,,,N/A,,Exit Sign Light,,,,,,,,,Exit Sign Light FL9 No.18,,,In Use,,,16-07-24,,0,0,0,0,0,1,0,0,0,,,,,undefine,,1,โรงพยาบาลจุฬาภรณ์400เตียง,400B01-F9,โรงพยาบาล 400B - ชั้น 9,,,,,,,,,,CRA,,,,Nattapon,16-07-24,,0,-
10773,DELIGHT,DLEX-RLG3,400B01-EE-EXL-9.FL-0019,,,N/A,,Exit Sign Light,,,,,,,,,Exit Sign Light FL9 No.19,,,In Use,,,16-07-24,,0,0,0,0,0,1,0,0,0,,,,,undefine,,1,โรงพยาบาลจุฬาภรณ์400เตียง,400B01-F9,โรงพยาบาล 400B - ชั้น 9,,,,,,,,,,CRA,,,,Nattapon,16-07-24,,0,-
10774,DELIGHT,DLEX-RLG3,400B01-EE-EXL-9.FL-0020,,,N/A,,Exit Sign Light,,,,,,,,,Exit Sign Light FL9 No.20,,,In Use,,,16-07-24,,0,0,0,0,0,1,0,0,0,,,,,undefine,,1,โรงพยาบาลจุฬาภรณ์400เตียง,400B01-F9,โรงพยาบาล 400B - ชั้น 9,,,,,,,,,,CRA,,,,Nattapon,16-07-24,,0,-
10775,DELIGHT,DLEX-RLG3,400B01-EE-EXL-9.FL-0021,,,N/A,,Exit Sign Light,,,,,,,,,Exit Sign Light FL9 No.21,,,In Use,,,16-07-24,,0,0,0,0,0,1,0,0,0,,,,,undefine,,1,โรงพยาบาลจุฬาภรณ์400เตียง,400B01-F9,โรงพยาบาล 400B - ชั้น 9,,,,,,,,,,CRA,,,,Nattapon,16-07-24,,0,-
10776,DELIGHT,DLEX-RLG3,400B01-EE-EXL-9.FL-0022,,,N/A,,Exit Sign Light,,,,,,,,,Exit Sign Light FL9 No.22,,,In Use,,,16-07-24,,0,0,0,0,0,1,0,0,0,,,,,undefine,,1,โรงพยาบาลจุฬาภรณ์400เตียง,400B01-F9,โรงพยาบาล 400B - ชั้น 9,,,,,,,,,,CRA,,,,Nattapon,16-07-24,,0,-
10777,DELIGHT,DLEX-RLG3,400B01-EE-EXL-9.FL-0023,,,N/A,,Exit Sign Light,,,,,,,,,Exit Sign Light FL9 No.23,,,In Use,,,16-07-24,,0,0,0,0,0,1,0,0,0,,,,,undefine,,1,โรงพยาบาลจุฬาภรณ์400เตียง,400B01-F9,โรงพยาบาล 400B - ชั้น 9,,,,,,,,,,CRA,,,,Nattapon,16-07-24,,0,-
10778,DELIGHT,DLEX-RLG3,400B01-EE-EXL-9.FL-0024,,,N/A,,Exit Sign Light,,,,,,,,,Exit Sign Light FL9 No.24,,,In Use,,,16-07-24,,0,0,0,0,0,1,0,0,0,,,,,undefine,,1,โรงพยาบาลจุฬาภรณ์400เตียง,400B01-F9,โรงพยาบาล 400B - ชั้น 9,,,,,,,,,,CRA,,,,Nattapon,16-07-24,,0,-
10779,DELIGHT,DLEX-RLG3,400B01-EE-EXL-9.FL-0025,,,N/A,,Exit Sign Light,,,,,,,,,Exit Sign Light FL9 No.25,,,In Use,,,16-07-24,,0,0,0,0,0,1,0,0,0,,,,,undefine,,1,โรงพยาบาลจุฬาภรณ์400เตียง,400B01-F9,โรงพยาบาล 400B - ชั้น 9,,,,,,,,,,CRA,,,,Nattapon,16-07-24,,0,-
10780,DELIGHT,DLEX-RLG3,400B01-EE-EXL-9.FL-0026,,,N/A,,Exit Sign Light,,,,,,,,,Exit Sign Light FL9 No.26,,,In Use,,,16-07-24,,0,0,0,0,0,1,0,0,0,,,,,undefine,,1,โรงพยาบาลจุฬาภรณ์400เตียง,400B01-F9,โรงพยาบาล 400B - ชั้น 9,,,,,,,,,,CRA,,,,Nattapon,16-07-24,,0,-
10781,DELIGHT,DLEX-RLG3,400B01-EE-EXL-9.FL-0027,,,N/A,,Exit Sign Light,,,,,,,,,Exit Sign Light FL9 No.27,,,In Use,,,16-07-24,,0,0,0,0,0,1,0,0,0,,,,,undefine,,1,โรงพยาบาลจุฬาภรณ์400เตียง,400B01-F9,โรงพยาบาล 400B - ชั้น 9,,,,,,,,,,CRA,,,,Nattapon,16-07-24,,0,-
10782,DELIGHT,DLEX-RLG3,400B01-EE-EXL-9.FL-0028,,,N/A,,Exit Sign Light,,,,,,,,,Exit Sign Light FL9 No.28,,,In Use,,,16-07-24,,0,0,0,0,0,1,0,0,0,,,,,undefine,,1,โรงพยาบาลจุฬาภรณ์400เตียง,400B01-F9,โรงพยาบาล 400B - ชั้น 9,,,,,,,,,,CRA,,,,Nattapon,16-07-24,,0,-
10783,DELIGHT,DLEX-RLG3,400B01-EE-EXL-9.FL-0029,,,N/A,,Exit Sign Light,,,,,,,,,Exit Sign Light FL9 No.29,,,In Use,,,16-07-24,,0,0,0,0,0,1,0,0,0,,,,,undefine,,1,โรงพยาบาลจุฬาภรณ์400เตียง,400B01-F9,โรงพยาบาล 400B - ชั้น 9,,,,,,,,,,CRA,,,,Nattapon,16-07-24,,0,-
10784,DELIGHT,DLEX-RLG3,400B01-EE-EXL-9.FL-0030,,,N/A,,Exit Sign Light,,,,,,,,,Exit Sign Light FL9 No.30,,,In Use,,,16-07-24,,0,0,0,0,0,1,0,0,0,,,,,undefine,,1,โรงพยาบาลจุฬาภรณ์400เตียง,400B01-F9,โรงพยาบาล 400B - ชั้น 9,,,,,,,,,,CRA,,,,Nattapon,16-07-24,,0,-
10785,DELIGHT,DLEX-RLG3,400B01-EE-EXL-10.FL-0001,,,N/A,,Exit Sign Light,,,,,,,,,Exit Sign Light FL10 No.1,,,In Use,,,16-07-24,,0,0,0,0,0,1,0,0,0,,,,,undefine,,1,โรงพยาบาลจุฬาภรณ์400เตียง,400B01-F10,โรงพยาบาล 400B - ชั้น 10,,,,,,,,,,CRA,,,,Nattapon,16-07-24,,0,-
10786,DELIGHT,DLEX-RLG3,400B01-EE-EXL-10.FL-0002,,,N/A,,Exit Sign Light,,,,,,,,,Exit Sign Light FL10 No.2,,,In Use,,,16-07-24,,0,0,0,0,0,1,0,0,0,,,,,undefine,,1,โรงพยาบาลจุฬาภรณ์400เตียง,400B01-F10,โรงพยาบาล 400B - ชั้น 10,,,,,,,,,,CRA,,,,Nattapon,16-07-24,,0,-
10787,DELIGHT,DLEX-RLG3,400B01-EE-EXL-10.FL-0003,,,N/A,,Exit Sign Light,,,,,,,,,Exit Sign Light FL10 No.3,,,In Use,,,16-07-24,,0,0,0,0,0,1,0,0,0,,,,,undefine,,1,โรงพยาบาลจุฬาภรณ์400เตียง,400B01-F10,โรงพยาบาล 400B - ชั้น 10,,,,,,,,,,CRA,,,,Nattapon,16-07-24,,0,-
10788,DELIGHT,DLEX-RLG3,400B01-EE-EXL-10.FL-0004,,,N/A,,Exit Sign Light,,,,,,,,,Exit Sign Light FL10 No.4,,,In Use,,,16-07-24,,0,0,0,0,0,1,0,0,0,,,,,undefine,,1,โรงพยาบาลจุฬาภรณ์400เตียง,400B01-F10,โรงพยาบาล 400B - ชั้น 10,,,,,,,,,,CRA,,,,Nattapon,16-07-24,,0,-
10789,DELIGHT,DLEX-RLG3,400B01-EE-EXL-10.FL-0005,,,N/A,,Exit Sign Light,,,,,,,,,Exit Sign Light FL10 No.5,,,In Use,,,16-07-24,,0,0,0,0,0,1,0,0,0,,,,,undefine,,1,โรงพยาบาลจุฬาภรณ์400เตียง,400B01-F10,โรงพยาบาล 400B - ชั้น 10,,,,,,,,,,CRA,,,,Nattapon,16-07-24,,0,-
10790,DELIGHT,DLEX-RLG3,400B01-EE-EXL-10.FL-0006,,,N/A,,Exit Sign Light,,,,,,,,,Exit Sign Light FL10 No.6,,,In Use,,,16-07-24,,0,0,0,0,0,1,0,0,0,,,,,undefine,,1,โรงพยาบาลจุฬาภรณ์400เตียง,400B01-F10,โรงพยาบาล 400B - ชั้น 10,,,,,,,,,,CRA,,,,Nattapon,16-07-24,,0,-
10791,DELIGHT,DLEX-RLG3,400B01-EE-EXL-10.FL-0007,,,N/A,,Exit Sign Light,,,,,,,,,Exit Sign Light FL10 No.7,,,In Use,,,16-07-24,,0,0,0,0,0,1,0,0,0,,,,,undefine,,1,โรงพยาบาลจุฬาภรณ์400เตียง,400B01-F10,โรงพยาบาล 400B - ชั้น 10,,,,,,,,,,CRA,,,,Nattapon,16-07-24,,0,-
10792,DELIGHT,DLEX-RLG3,400B01-EE-EXL-10.FL-0008,,,N/A,,Exit Sign Light,,,,,,,,,Exit Sign Light FL10 No.8,,,In Use,,,16-07-24,,0,0,0,0,0,1,0,0,0,,,,,undefine,,1,โรงพยาบาลจุฬาภรณ์400เตียง,400B01-F10,โรงพยาบาล 400B - ชั้น 10,,,,,,,,,,CRA,,,,Nattapon,16-07-24,,0,-
10793,DELIGHT,DLEX-RLG3,400B01-EE-EXL-10.FL-0009,,,N/A,,Exit Sign Light,,,,,,,,,Exit Sign Light FL10 No.9,,,In Use,,,16-07-24,,0,0,0,0,0,1,0,0,0,,,,,undefine,,1,โรงพยาบาลจุฬาภรณ์400เตียง,400B01-F10,โรงพยาบาล 400B - ชั้น 10,,,,,,,,,,CRA,,,,Nattapon,16-07-24,,0,-
10794,DELIGHT,DLEX-RLG3,400B01-EE-EXL-10.FL-0010,,,N/A,,Exit Sign Light,,,,,,,,,Exit Sign Light FL10 No.10,,,In Use,,,16-07-24,,0,0,0,0,0,1,0,0,0,,,,,undefine,,1,โรงพยาบาลจุฬาภรณ์400เตียง,400B01-F10,โรงพยาบาล 400B - ชั้น 10,,,,,,,,,,CRA,,,,Nattapon,16-07-24,,0,-
10795,DELIGHT,DLEX-RLG3,400B01-EE-EXL-10.FL-0011,,,N/A,,Exit Sign Light,,,,,,,,,Exit Sign Light FL10 No.11,,,In Use,,,16-07-24,,0,0,0,0,0,1,0,0,0,,,,,undefine,,1,โรงพยาบาลจุฬาภรณ์400เตียง,400B01-F10,โรงพยาบาล 400B - ชั้น 10,,,,,,,,,,CRA,,,,Nattapon,16-07-24,,0,-
10796,DELIGHT,DLEX-RLG3,400B01-EE-EXL-10.FL-0012,,,N/A,,Exit Sign Light,,,,,,,,,Exit Sign Light FL10 No.12,,,In Use,,,16-07-24,,0,0,0,0,0,1,0,0,0,,,,,undefine,,1,โรงพยาบาลจุฬาภรณ์400เตียง,400B01-F10,โรงพยาบาล 400B - ชั้น 10,,,,,,,,,,CRA,,,,Nattapon,16-07-24,,0,-
10797,DELIGHT,DLEX-RLG3,400B01-EE-EXL-10.FL-0013,,,N/A,,Exit Sign Light,,,,,,,,,Exit Sign Light FL10 No.13,,,In Use,,,16-07-24,,0,0,0,0,0,1,0,0,0,,,,,undefine,,1,โรงพยาบาลจุฬาภรณ์400เตียง,400B01-F10,โรงพยาบาล 400B - ชั้น 10,,,,,,,,,,CRA,,,,Nattapon,16-07-24,,0,-
10798,DELIGHT,DLEX-RLG3,400B01-EE-EXL-10.FL-0014,,,N/A,,Exit Sign Light,,,,,,,,,Exit Sign Light FL10 No.14,,,In Use,,,16-07-24,,0,0,0,0,0,1,0,0,0,,,,,undefine,,1,โรงพยาบาลจุฬาภรณ์400เตียง,400B01-F10,โรงพยาบาล 400B - ชั้น 10,,,,,,,,,,CRA,,,,Nattapon,16-07-24,,0,-
10799,DELIGHT,DLEX-RLG3,400B01-EE-EXL-10.FL-0015,,,N/A,,Exit Sign Light,,,,,,,,,Exit Sign Light FL10 No.15,,,In Use,,,16-07-24,,0,0,0,0,0,1,0,0,0,,,,,undefine,,1,โรงพยาบาลจุฬาภรณ์400เตียง,400B01-F10,โรงพยาบาล 400B - ชั้น 10,,,,,,,,,,CRA,,,,Nattapon,16-07-24,,0,-
10800,DELIGHT,DLEX-RLG3,400B01-EE-EXL-10.FL-0016,,,N/A,,Exit Sign Light,,,,,,,,,Exit Sign Light FL10 No.16,,,In Use,,,16-07-24,,0,0,0,0,0,1,0,0,0,,,,,undefine,,1,โรงพยาบาลจุฬาภรณ์400เตียง,400B01-F10,โรงพยาบาล 400B - ชั้น 10,,,,,,,,,,CRA,,,,Nattapon,16-07-24,,0,-
10801,DELIGHT,DLEX-RLG3,400B01-EE-EXL-10.FL-0017,,,N/A,,Exit Sign Light,,,,,,,,,Exit Sign Light FL10 No.17,,,In Use,,,16-07-24,,0,0,0,0,0,1,0,0,0,,,,,undefine,,1,โรงพยาบาลจุฬาภรณ์400เตียง,400B01-F10,โรงพยาบาล 400B - ชั้น 10,,,,,,,,,,CRA,,,,Nattapon,16-07-24,,0,-
10802,DELIGHT,DLEX-RLG3,400B01-EE-EXL-10.FL-0018,,,N/A,,Exit Sign Light,,,,,,,,,Exit Sign Light FL10 No.18,,,In Use,,,16-07-24,,0,0,0,0,0,1,0,0,0,,,,,undefine,,1,โรงพยาบาลจุฬาภรณ์400เตียง,400B01-F10,โรงพยาบาล 400B - ชั้น 10,,,,,,,,,,CRA,,,,Nattapon,16-07-24,,0,-
10803,DELIGHT,DLEX-RLG3,400B01-EE-EXL-10.FL-0019,,,N/A,,Exit Sign Light,,,,,,,,,Exit Sign Light FL10 No.19,,,In Use,,,16-07-24,,0,0,0,0,0,1,0,0,0,,,,,undefine,,1,โรงพยาบาลจุฬาภรณ์400เตียง,400B01-F10,โรงพยาบาล 400B - ชั้น 10,,,,,,,,,,CRA,,,,Nattapon,16-07-24,,0,-
10804,DELIGHT,DLEX-RLG3,400B01-EE-EXL-10.FL-0020,,,N/A,,Exit Sign Light,,,,,,,,,Exit Sign Light FL10 No.20,,,In Use,,,16-07-24,,0,0,0,0,0,1,0,0,0,,,,,undefine,,1,โรงพยาบาลจุฬาภรณ์400เตียง,400B01-F10,โรงพยาบาล 400B - ชั้น 10,,,,,,,,,,CRA,,,,Nattapon,16-07-24,,0,-
10805,DELIGHT,DLEX-RLG3,400B01-EE-EXL-10.FL-0021,,,N/A,,Exit Sign Light,,,,,,,,,Exit Sign Light FL10 No.21,,,In Use,,,16-07-24,,0,0,0,0,0,1,0,0,0,,,,,undefine,,1,โรงพยาบาลจุฬาภรณ์400เตียง,400B01-F10,โรงพยาบาล 400B - ชั้น 10,,,,,,,,,,CRA,,,,Nattapon,16-07-24,,0,-
10806,DELIGHT,DLEX-RLG3,400B01-EE-EXL-10.FL-0022,,,N/A,,Exit Sign Light,,,,,,,,,Exit Sign Light FL10 No.22,,,In Use,,,16-07-24,,0,0,0,0,0,1,0,0,0,,,,,undefine,,1,โรงพยาบาลจุฬาภรณ์400เตียง,400B01-F10,โรงพยาบาล 400B - ชั้น 10,,,,,,,,,,CRA,,,,Nattapon,16-07-24,,0,-
10807,DELIGHT,DLEX-RLG3,400B01-EE-EXL-10.FL-0023,,,N/A,,Exit Sign Light,,,,,,,,,Exit Sign Light FL10 No.23,,,In Use,,,16-07-24,,0,0,0,0,0,1,0,0,0,,,,,undefine,,1,โรงพยาบาลจุฬาภรณ์400เตียง,400B01-F10,โรงพยาบาล 400B - ชั้น 10,,,,,,,,,,CRA,,,,Nattapon,16-07-24,,0,-
10808,DELIGHT,DLEX-RLG3,400B01-EE-EXL-10.FL-0024,,,N/A,,Exit Sign Light,,,,,,,,,Exit Sign Light FL10 No.24,,,In Use,,,16-07-24,,0,0,0,0,0,1,0,0,0,,,,,undefine,,1,โรงพยาบาลจุฬาภรณ์400เตียง,400B01-F10,โรงพยาบาล 400B - ชั้น 10,,,,,,,,,,CRA,,,,Nattapon,16-07-24,,0,-
10809,DELIGHT,DLEX-RLG3,400B01-EE-EXL-10.FL-0025,,,N/A,,Exit Sign Light,,,,,,,,,Exit Sign Light FL10 No.25,,,In Use,,,16-07-24,,0,0,0,0,0,1,0,0,0,,,,,undefine,,1,โรงพยาบาลจุฬาภรณ์400เตียง,400B01-F10,โรงพยาบาล 400B - ชั้น 10,,,,,,,,,,CRA,,,,Nattapon,16-07-24,,0,-
10810,DELIGHT,DLEX-RLG3,400B01-EE-EXL-10.FL-0026,,,N/A,,Exit Sign Light,,,,,,,,,Exit Sign Light FL10 No.26,,,In Use,,,16-07-24,,0,0,0,0,0,1,0,0,0,,,,,undefine,,1,โรงพยาบาลจุฬาภรณ์400เตียง,400B01-F10,โรงพยาบาล 400B - ชั้น 10,,,,,,,,,,CRA,,,,Nattapon,16-07-24,,0,-
10811,DELIGHT,DLEX-RLG3,400B01-EE-EXL-10.FL-0027,,,N/A,,Exit Sign Light,,,,,,,,,Exit Sign Light FL10 No.27,,,In Use,,,16-07-24,,0,0,0,0,0,1,0,0,0,,,,,undefine,,1,โรงพยาบาลจุฬาภรณ์400เตียง,400B01-F10,โรงพยาบาล 400B - ชั้น 10,,,,,,,,,,CRA,,,,Nattapon,16-07-24,,0,-
10812,DELIGHT,DLEX-RLG3,400B01-EE-EXL-10.FL-0028,,,N/A,,Exit Sign Light,,,,,,,,,Exit Sign Light FL10 No.28,,,In Use,,,16-07-24,,0,0,0,0,0,1,0,0,0,,,,,undefine,,1,โรงพยาบาลจุฬาภรณ์400เตียง,400B01-F10,โรงพยาบาล 400B - ชั้น 10,,,,,,,,,,CRA,,,,Nattapon,16-07-24,,0,-
10813,DELIGHT,DLEX-RLG3,400B01-EE-EXL-10.FL-0029,,,N/A,,Exit Sign Light,,,,,,,,,Exit Sign Light FL10 No.29,,,In Use,,,16-07-24,,0,0,0,0,0,1,0,0,0,,,,,undefine,,1,โรงพยาบาลจุฬาภรณ์400เตียง,400B01-F10,โรงพยาบาล 400B - ชั้น 10,,,,,,,,,,CRA,,,,Nattapon,16-07-24,,0,-
10814,DELIGHT,DLEX-RLG3,400B01-EE-EXL-10.FL-0030,,,N/A,,Exit Sign Light,,,,,,,,,Exit Sign Light FL10 No.30,,,In Use,,,16-07-24,,0,0,0,0,0,1,0,0,0,,,,,undefine,,1,โรงพยาบาลจุฬาภรณ์400เตียง,400B01-F10,โรงพยาบาล 400B - ชั้น 10,,,,,,,,,,CRA,,,,Nattapon,16-07-24,,0,-
10815,DELIGHT,DLEX-RLG3,400B01-EE-EXL-11.FL-0001,,,N/A,,Exit Sign Light,,,,,,,,,Exit Sign Light FL11 No.1,,,In Use,,,16-07-24,,0,0,0,0,0,1,0,0,0,,,,,undefine,,1,โรงพยาบาลจุฬาภรณ์400เตียง,400B01-F11,โรงพยาบาล 400B - ชั้น 11,,,,,,,,,,CRA,,,,Nattapon,16-07-24,,0,-
10816,DELIGHT,DLEX-RLG3,400B01-EE-EXL-11.FL-0002,,,N/A,,Exit Sign Light,,,,,,,,,Exit Sign Light FL11 No.2,,,In Use,,,16-07-24,,0,0,0,0,0,1,0,0,0,,,,,undefine,,1,โรงพยาบาลจุฬาภรณ์400เตียง,400B01-F11,โรงพยาบาล 400B - ชั้น 11,,,,,,,,,,CRA,,,,Nattapon,16-07-24,,0,-
10817,DELIGHT,DLEX-RLG3,400B01-EE-EXL-11.FL-0003,,,N/A,,Exit Sign Light,,,,,,,,,Exit Sign Light FL11 No.3,,,In Use,,,16-07-24,,0,0,0,0,0,1,0,0,0,,,,,undefine,,1,โรงพยาบาลจุฬาภรณ์400เตียง,400B01-F11,โรงพยาบาล 400B - ชั้น 11,,,,,,,,,,CRA,,,,Nattapon,16-07-24,,0,-
10818,DELIGHT,DLEX-RLG3,400B01-EE-EXL-11.FL-0004,,,N/A,,Exit Sign Light,,,,,,,,,Exit Sign Light FL11 No.4,,,In Use,,,16-07-24,,0,0,0,0,0,1,0,0,0,,,,,undefine,,1,โรงพยาบาลจุฬาภรณ์400เตียง,400B01-F11,โรงพยาบาล 400B - ชั้น 11,,,,,,,,,,CRA,,,,Nattapon,16-07-24,,0,-
10819,DELIGHT,DLEX-RLG3,400B01-EE-EXL-11.FL-0005,,,N/A,,Exit Sign Light,,,,,,,,,Exit Sign Light FL11 No.5,,,In Use,,,16-07-24,,0,0,0,0,0,1,0,0,0,,,,,undefine,,1,โรงพยาบาลจุฬาภรณ์400เตียง,400B01-F11,โรงพยาบาล 400B - ชั้น 11,,,,,,,,,,CRA,,,,Nattapon,16-07-24,,0,-
10820,DELIGHT,DLEX-RLG3,400B01-EE-EXL-11.FL-0006,,,N/A,,Exit Sign Light,,,,,,,,,Exit Sign Light FL11 No.6,,,In Use,,,16-07-24,,0,0,0,0,0,1,0,0,0,,,,,undefine,,1,โรงพยาบาลจุฬาภรณ์400เตียง,400B01-F11,โรงพยาบาล 400B - ชั้น 11,,,,,,,,,,CRA,,,,Nattapon,16-07-24,,0,-
10821,DELIGHT,DLEX-RLG3,400B01-EE-EXL-11.FL-0007,,,N/A,,Exit Sign Light,,,,,,,,,Exit Sign Light FL11 No.7,,,In Use,,,16-07-24,,0,0,0,0,0,1,0,0,0,,,,,undefine,,1,โรงพยาบาลจุฬาภรณ์400เตียง,400B01-F11,โรงพยาบาล 400B - ชั้น 11,,,,,,,,,,CRA,,,,Nattapon,16-07-24,,0,-
10822,DELIGHT,DLEX-RLG3,400B01-EE-EXL-11.FL-0008,,,N/A,,Exit Sign Light,,,,,,,,,Exit Sign Light FL11 No.8,,,In Use,,,16-07-24,,0,0,0,0,0,1,0,0,0,,,,,undefine,,1,โรงพยาบาลจุฬาภรณ์400เตียง,400B01-F11,โรงพยาบาล 400B - ชั้น 11,,,,,,,,,,CRA,,,,Nattapon,16-07-24,,0,-
10823,DELIGHT,DLEX-RLG3,400B01-EE-EXL-11.FL-0009,,,N/A,,Exit Sign Light,,,,,,,,,Exit Sign Light FL11 No.9,,,In Use,,,16-07-24,,0,0,0,0,0,1,0,0,0,,,,,undefine,,1,โรงพยาบาลจุฬาภรณ์400เตียง,400B01-F11,โรงพยาบาล 400B - ชั้น 11,,,,,,,,,,CRA,,,,Nattapon,16-07-24,,0,-
10824,DELIGHT,DLEX-RLG3,400B01-EE-EXL-11.FL-0010,,,N/A,,Exit Sign Light,,,,,,,,,Exit Sign Light FL11 No.10,,,In Use,,,16-07-24,,0,0,0,0,0,1,0,0,0,,,,,undefine,,1,โรงพยาบาลจุฬาภรณ์400เตียง,400B01-F11,โรงพยาบาล 400B - ชั้น 11,,,,,,,,,,CRA,,,,Nattapon,16-07-24,,0,-
10825,DELIGHT,DLEX-RLG3,400B01-EE-EXL-11.FL-0011,,,N/A,,Exit Sign Light,,,,,,,,,Exit Sign Light FL11 No.11,,,In Use,,,16-07-24,,0,0,0,0,0,1,0,0,0,,,,,undefine,,1,โรงพยาบาลจุฬาภรณ์400เตียง,400B01-F11,โรงพยาบาล 400B - ชั้น 11,,,,,,,,,,CRA,,,,Nattapon,16-07-24,,0,-
10826,DELIGHT,DLEX-RLG3,400B01-EE-EXL-11.FL-0012,,,N/A,,Exit Sign Light,,,,,,,,,Exit Sign Light FL11 No.12,,,In Use,,,16-07-24,,0,0,0,0,0,1,0,0,0,,,,,undefine,,1,โรงพยาบาลจุฬาภรณ์400เตียง,400B01-F11,โรงพยาบาล 400B - ชั้น 11,,,,,,,,,,CRA,,,,Nattapon,16-07-24,,0,-
10827,DELIGHT,DLEX-RLG3,400B01-EE-EXL-11.FL-0013,,,N/A,,Exit Sign Light,,,,,,,,,Exit Sign Light FL11 No.13,,,In Use,,,16-07-24,,0,0,0,0,0,1,0,0,0,,,,,undefine,,1,โรงพยาบาลจุฬาภรณ์400เตียง,400B01-F11,โรงพยาบาล 400B - ชั้น 11,,,,,,,,,,CRA,,,,Nattapon,16-07-24,,0,-
10828,DELIGHT,DLEX-RLG3,400B01-EE-EXL-11.FL-0014,,,N/A,,Exit Sign Light,,,,,,,,,Exit Sign Light FL11 No.14,,,In Use,,,16-07-24,,0,0,0,0,0,1,0,0,0,,,,,undefine,,1,โรงพยาบาลจุฬาภรณ์400เตียง,400B01-F11,โรงพยาบาล 400B - ชั้น 11,,,,,,,,,,CRA,,,,Nattapon,16-07-24,,0,-
10829,DELIGHT,DLEX-RLG3,400B01-EE-EXL-11.FL-0015,,,N/A,,Exit Sign Light,,,,,,,,,Exit Sign Light FL11 No.15,,,In Use,,,16-07-24,,0,0,0,0,0,1,0,0,0,,,,,undefine,,1,โรงพยาบาลจุฬาภรณ์400เตียง,400B01-F11,โรงพยาบาล 400B - ชั้น 11,,,,,,,,,,CRA,,,,Nattapon,16-07-24,,0,-
10830,DELIGHT,DLEX-RLG3,400B01-EE-EXL-11.FL-0016,,,N/A,,Exit Sign Light,,,,,,,,,Exit Sign Light FL11 No.16,,,In Use,,,16-07-24,,0,0,0,0,0,1,0,0,0,,,,,undefine,,1,โรงพยาบาลจุฬาภรณ์400เตียง,400B01-F11,โรงพยาบาล 400B - ชั้น 11,,,,,,,,,,CRA,,,,Nattapon,16-07-24,,0,-
10831,DELIGHT,DLEX-RLG3,400B01-EE-EXL-11.FL-0017,,,N/A,,Exit Sign Light,,,,,,,,,Exit Sign Light FL11 No.17,,,In Use,,,16-07-24,,0,0,0,0,0,1,0,0,0,,,,,undefine,,1,โรงพยาบาลจุฬาภรณ์400เตียง,400B01-F11,โรงพยาบาล 400B - ชั้น 11,,,,,,,,,,CRA,,,,Nattapon,16-07-24,,0,-
10832,DELIGHT,DLEX-RLG3,400B01-EE-EXL-11.FL-0018,,,N/A,,Exit Sign Light,,,,,,,,,Exit Sign Light FL11 No.18,,,In Use,,,16-07-24,,0,0,0,0,0,1,0,0,0,,,,,undefine,,1,โรงพยาบาลจุฬาภรณ์400เตียง,400B01-F11,โรงพยาบาล 400B - ชั้น 11,,,,,,,,,,CRA,,,,Nattapon,16-07-24,,0,-
10833,DELIGHT,DLEX-RLG3,400B01-EE-EXL-11.FL-0019,,,N/A,,Exit Sign Light,,,,,,,,,Exit Sign Light FL11 No.19,,,In Use,,,16-07-24,,0,0,0,0,0,1,0,0,0,,,,,undefine,,1,โรงพยาบาลจุฬาภรณ์400เตียง,400B01-F11,โรงพยาบาล 400B - ชั้น 11,,,,,,,,,,CRA,,,,Nattapon,16-07-24,,0,-
10834,DELIGHT,DLEX-RLG3,400B01-EE-EXL-11.FL-0020,,,N/A,,Exit Sign Light,,,,,,,,,Exit Sign Light FL11 No.20,,,In Use,,,16-07-24,,0,0,0,0,0,1,0,0,0,,,,,undefine,,1,โรงพยาบาลจุฬาภรณ์400เตียง,400B01-F11,โรงพยาบาล 400B - ชั้น 11,,,,,,,,,,CRA,,,,Nattapon,16-07-24,,0,-
10835,DELIGHT,DLEX-RLG3,400B01-EE-EXL-11.FL-0021,,,N/A,,Exit Sign Light,,,,,,,,,Exit Sign Light FL11 No.21,,,In Use,,,16-07-24,,0,0,0,0,0,1,0,0,0,,,,,undefine,,1,โรงพยาบาลจุฬาภรณ์400เตียง,400B01-F11,โรงพยาบาล 400B - ชั้น 11,,,,,,,,,,CRA,,,,Nattapon,16-07-24,,0,-
10836,DELIGHT,DLEX-RLG3,400B01-EE-EXL-11.FL-0022,,,N/A,,Exit Sign Light,,,,,,,,,Exit Sign Light FL11 No.22,,,In Use,,,16-07-24,,0,0,0,0,0,1,0,0,0,,,,,undefine,,1,โรงพยาบาลจุฬาภรณ์400เตียง,400B01-F11,โรงพยาบาล 400B - ชั้น 11,,,,,,,,,,CRA,,,,Nattapon,16-07-24,,0,-
10837,DELIGHT,DLEX-RLG3,400B01-EE-EXL-11.FL-0023,,,N/A,,Exit Sign Light,,,,,,,,,Exit Sign Light FL11 No.23,,,In Use,,,16-07-24,,0,0,0,0,0,1,0,0,0,,,,,undefine,,1,โรงพยาบาลจุฬาภรณ์400เตียง,400B01-F11,โรงพยาบาล 400B - ชั้น 11,,,,,,,,,,CRA,,,,Nattapon,16-07-24,,0,-
10838,DELIGHT,DLEX-RLG3,400B01-EE-EXL-11.FL-0024,,,N/A,,Exit Sign Light,,,,,,,,,Exit Sign Light FL11 No.24,,,In Use,,,16-07-24,,0,0,0,0,0,1,0,0,0,,,,,undefine,,1,โรงพยาบาลจุฬาภรณ์400เตียง,400B01-F11,โรงพยาบาล 400B - ชั้น 11,,,,,,,,,,CRA,,,,Nattapon,16-07-24,,0,-
10839,DELIGHT,DLEX-RLG3,400B01-EE-EXL-11.FL-0025,,,N/A,,Exit Sign Light,,,,,,,,,Exit Sign Light FL11 No.25,,,In Use,,,16-07-24,,0,0,0,0,0,1,0,0,0,,,,,undefine,,1,โรงพยาบาลจุฬาภรณ์400เตียง,400B01-F11,โรงพยาบาล 400B - ชั้น 11,,,,,,,,,,CRA,,,,Nattapon,16-07-24,,0,-
10840,DELIGHT,DLEX-RLG3,400B01-EE-EXL-11.FL-0026,,,N/A,,Exit Sign Light,,,,,,,,,Exit Sign Light FL11 No.26,,,In Use,,,16-07-24,,0,0,0,0,0,1,0,0,0,,,,,undefine,,1,โรงพยาบาลจุฬาภรณ์400เตียง,400B01-F11,โรงพยาบาล 400B - ชั้น 11,,,,,,,,,,CRA,,,,Nattapon,16-07-24,,0,-
10841,DELIGHT,DLEX-RLG3,400B01-EE-EXL-11.FL-0027,,,N/A,,Exit Sign Light,,,,,,,,,Exit Sign Light FL11 No.27,,,In Use,,,16-07-24,,0,0,0,0,0,1,0,0,0,,,,,undefine,,1,โรงพยาบาลจุฬาภรณ์400เตียง,400B01-F11,โรงพยาบาล 400B - ชั้น 11,,,,,,,,,,CRA,,,,Nattapon,16-07-24,,0,-
10842,DELIGHT,DLEX-RLG3,400B01-EE-EXL-11.FL-0028,,,N/A,,Exit Sign Light,,,,,,,,,Exit Sign Light FL11 No.28,,,In Use,,,16-07-24,,0,0,0,0,0,1,0,0,0,,,,,undefine,,1,โรงพยาบาลจุฬาภรณ์400เตียง,400B01-F11,โรงพยาบาล 400B - ชั้น 11,,,,,,,,,,CRA,,,,Nattapon,16-07-24,,0,-
10843,DELIGHT,DLEX-RLG3,400B01-EE-EXL-11.FL-0029,,,N/A,,Exit Sign Light,,,,,,,,,Exit Sign Light FL11 No.29,,,In Use,,,16-07-24,,0,0,0,0,0,1,0,0,0,,,,,undefine,,1,โรงพยาบาลจุฬาภรณ์400เตียง,400B01-F11,โรงพยาบาล 400B - ชั้น 11,,,,,,,,,,CRA,,,,Nattapon,16-07-24,,0,-
10844,DELIGHT,DLEX-RLG3,400B01-EE-EXL-11.FL-0030,,,N/A,,Exit Sign Light,,,,,,,,,Exit Sign Light FL11 No.30,,,In Use,,,16-07-24,,0,0,0,0,0,1,0,0,0,,,,,undefine,,1,โรงพยาบาลจุฬาภรณ์400เตียง,400B01-F11,โรงพยาบาล 400B - ชั้น 11,,,,,,,,,,CRA,,,,Nattapon,16-07-24,,0,-
10845,DELIGHT,DLEX-RLG3,400B01-EE-EXL-12.FL-0001,,,N/A,,Exit Sign Light,,,,,,,,,Exit Sign Light FL12 No.1,,,In Use,,,16-07-24,,0,0,0,0,0,1,0,0,0,,,,,undefine,,1,โรงพยาบาลจุฬาภรณ์400เตียง,400B01-F12,โรงพยาบาล 400B - ชั้น 12,,,,,,,,,,CRA,,,,Nattapon,16-07-24,,0,-
10846,DELIGHT,DLEX-RLG3,400B01-EE-EXL-12.FL-0002,,,N/A,,Exit Sign Light,,,,,,,,,Exit Sign Light FL12 No.2,,,In Use,,,16-07-24,,0,0,0,0,0,1,0,0,0,,,,,undefine,,1,โรงพยาบาลจุฬาภรณ์400เตียง,400B01-F12,โรงพยาบาล 400B - ชั้น 12,,,,,,,,,,CRA,,,,Nattapon,16-07-24,,0,-
10847,DELIGHT,DLEX-RLG3,400B01-EE-EXL-12.FL-0003,,,N/A,,Exit Sign Light,,,,,,,,,Exit Sign Light FL12 No.3,,,In Use,,,16-07-24,,0,0,0,0,0,1,0,0,0,,,,,undefine,,1,โรงพยาบาลจุฬาภรณ์400เตียง,400B01-F12,โรงพยาบาล 400B - ชั้น 12,,,,,,,,,,CRA,,,,Nattapon,16-07-24,,0,-
10848,DELIGHT,DLEX-RLG3,400B01-EE-EXL-12.FL-0004,,,N/A,,Exit Sign Light,,,,,,,,,Exit Sign Light FL12 No.4,,,In Use,,,16-07-24,,0,0,0,0,0,1,0,0,0,,,,,undefine,,1,โรงพยาบาลจุฬาภรณ์400เตียง,400B01-F12,โรงพยาบาล 400B - ชั้น 12,,,,,,,,,,CRA,,,,Nattapon,16-07-24,,0,-
10849,DELIGHT,DLEX-RLG3,400B01-EE-EXL-12.FL-0005,,,N/A,,Exit Sign Light,,,,,,,,,Exit Sign Light FL12 No.5,,,In Use,,,16-07-24,,0,0,0,0,0,1,0,0,0,,,,,undefine,,1,โรงพยาบาลจุฬาภรณ์400เตียง,400B01-F12,โรงพยาบาล 400B - ชั้น 12,,,,,,,,,,CRA,,,,Nattapon,16-07-24,,0,-
10850,DELIGHT,DLEX-RLG3,400B01-EE-EXL-12.FL-0006,,,N/A,,Exit Sign Light,,,,,,,,,Exit Sign Light FL12 No.6,,,In Use,,,16-07-24,,0,0,0,0,0,1,0,0,0,,,,,undefine,,1,โรงพยาบาลจุฬาภรณ์400เตียง,400B01-F12,โรงพยาบาล 400B - ชั้น 12,,,,,,,,,,CRA,,,,Nattapon,16-07-24,,0,-
10851,DELIGHT,DLEX-RLG3,400B01-EE-EXL-12.FL-0007,,,N/A,,Exit Sign Light,,,,,,,,,Exit Sign Light FL12 No.7,,,In Use,,,16-07-24,,0,0,0,0,0,1,0,0,0,,,,,undefine,,1,โรงพยาบาลจุฬาภรณ์400เตียง,400B01-F12,โรงพยาบาล 400B - ชั้น 12,,,,,,,,,,CRA,,,,Nattapon,16-07-24,,0,-
10852,DELIGHT,DLEX-RLG3,400B01-EE-EXL-12.FL-0008,,,N/A,,Exit Sign Light,,,,,,,,,Exit Sign Light FL12 No.8,,,In Use,,,16-07-24,,0,0,0,0,0,1,0,0,0,,,,,undefine,,1,โรงพยาบาลจุฬาภรณ์400เตียง,400B01-F12,โรงพยาบาล 400B - ชั้น 12,,,,,,,,,,CRA,,,,Nattapon,16-07-24,,0,-
10853,DELIGHT,DLEX-RLG3,400B01-EE-EXL-12.FL-0009,,,N/A,,Exit Sign Light,,,,,,,,,Exit Sign Light FL12 No.9,,,In Use,,,16-07-24,,0,0,0,0,0,1,0,0,0,,,,,undefine,,1,โรงพยาบาลจุฬาภรณ์400เตียง,400B01-F12,โรงพยาบาล 400B - ชั้น 12,,,,,,,,,,CRA,,,,Nattapon,16-07-24,,0,-
10854,DELIGHT,DLEX-RLG3,400B01-EE-EXL-12.FL-0010,,,N/A,,Exit Sign Light,,,,,,,,,Exit Sign Light FL12 No.10,,,In Use,,,16-07-24,,0,0,0,0,0,1,0,0,0,,,,,undefine,,1,โรงพยาบาลจุฬาภรณ์400เตียง,400B01-F12,โรงพยาบาล 400B - ชั้น 12,,,,,,,,,,CRA,,,,Nattapon,16-07-24,,0,-
10855,DELIGHT,DLEX-RLG3,400B01-EE-EXL-B1.FL-0027,,,N/A,,Exit Sign Light,,,,,,,,,Exit Sign Light FLB1 No.27,,,In Use,,,16-07-24,,0,0,0,0,0,1,0,0,0,,,,,undefine,,1,โรงพยาบาลจุฬาภรณ์400เตียง,400B01-FB1,โรงพยาบาล 400B - ชั้น B1,,,,,,,,,,CRA,,,,Nattapon,16-07-24,,0,-
10856,DELIGHT,DLEX-RLG3,400B01-EE-EXL-B1.FL-0028,,,N/A,,Exit Sign Light,,,,,,,,,Exit Sign Light FLB1 No.28,,,In Use,,,16-07-24,,0,0,0,0,0,1,0,0,0,,,,,undefine,,1,โรงพยาบาลจุฬาภรณ์400เตียง,400B01-FB1,โรงพยาบาล 400B - ชั้น B1,,,,,,,,,,CRA,,,,Nattapon,16-07-24,,0,-
10857,DELIGHT,DLEX-RLG3,400B01-EE-EXL-B1.FL-0029,,,N/A,,Exit Sign Light,,,,,,,,,Exit Sign Light FLB1 No.29,,,In Use,,,16-07-24,,0,0,0,0,0,1,0,0,0,,,,,undefine,,1,โรงพยาบาลจุฬาภรณ์400เตียง,400B01-FB1,โรงพยาบาล 400B - ชั้น B1,,,,,,,,,,CRA,,,,Nattapon,16-07-24,,0,-
10858,DELIGHT,DLEX-RLG3,400B01-EE-EXL-B1.FL-0030,,,N/A,,Exit Sign Light,,,,,,,,,Exit Sign Light FLB1 No.30,,,In Use,,,16-07-24,,0,0,0,0,0,1,0,0,0,,,,,undefine,,1,โรงพยาบาลจุฬาภรณ์400เตียง,400B01-FB1,โรงพยาบาล 400B - ชั้น B1,,,,,,,,,,CRA,,,,Nattapon,16-07-24,,0,-
10859,DELIGHT,DLEX-RLG3,400B01-EE-EXL-B1.FL-0031,,,N/A,,Exit Sign Light,,,,,,,,,Exit Sign Light FLB1 No.31,,,In Use,,,16-07-24,,0,0,0,0,0,1,0,0,0,,,,,undefine,,1,โรงพยาบาลจุฬาภรณ์400เตียง,400B01-FB1,โรงพยาบาล 400B - ชั้น B1,,,,,,,,,,CRA,,,,Nattapon,16-07-24,,0,-
10860,DELIGHT,DLEX-RLG3,400B01-EE-EXL-B2.FL-0035,,,N/A,,Exit Sign Light,,,,,,,,,Exit Sign Light FLB2 No.35,,,In Use,,,16-07-24,,0,0,0,0,0,1,0,0,0,,,,,undefine,,1,โรงพยาบาลจุฬาภรณ์400เตียง,400B01-FB2,โรงพยาบาล 400B - ชั้น B2,,,,,,,,,,CRA,,,,Nattapon,16-07-24,,0,-
10861,DELIGHT,DLEX-RLG3,400B01-EE-EXL-B2.FL-0036,,,N/A,,Exit Sign Light,,,,,,,,,Exit Sign Light FLB2 No.36,,,In Use,,,16-07-24,,0,0,0,0,0,1,0,0,0,,,,,undefine,,1,โรงพยาบาลจุฬาภรณ์400เตียง,400B01-FB2,โรงพยาบาล 400B - ชั้น B2,,,,,,,,,,CRA,,,,Nattapon,16-07-24,,0,-
10862,DELIGHT,DLEX-RLG3,400B01-EE-EXL-B2.FL-0037,,,N/A,,Exit Sign Light,,,,,,,,,Exit Sign Light FLB2 No.37,,,In Use,,,16-07-24,,0,0,0,0,0,1,0,0,0,,,,,undefine,,1,โรงพยาบาลจุฬาภรณ์400เตียง,400B01-FB2,โรงพยาบาล 400B - ชั้น B2,,,,,,,,,,CRA,,,,Nattapon,16-07-24,,0,-
10863,DELIGHT,DLEX-RLG3,400B01-EE-EXL-B2.FL-0038,,,N/A,,Exit Sign Light,,,,,,,,,Exit Sign Light FLB2 No.38,,,In Use,,,16-07-24,,0,0,0,0,0,1,0,0,0,,,,,undefine,,1,โรงพยาบาลจุฬาภรณ์400เตียง,400B01-FB2,โรงพยาบาล 400B - ชั้น B2,,,,,,,,,,CRA,,,,Nattapon,16-07-24,,0,-
10864,DELIGHT,DLEX-RLG3,400B01-EE-EXL-B2.FL-0039,,,N/A,,Exit Sign Light,,,,,,,,,Exit Sign Light FLB2 No.39,,,In Use,,,16-07-24,,0,0,0,0,0,1,0,0,0,,,,,undefine,,1,โรงพยาบาลจุฬาภรณ์400เตียง,400B01-FB2,โรงพยาบาล 400B - ชั้น B2,,,,,,,,,,CRA,,,,Nattapon,16-07-24,,0,-
10675,DELIGHT,DLEX-RLG3,400B01-EE-EXL-7M.FL-0001,,,N/A,,Exit Sign Light,,,,,,,,,Exit Sign Light FL7M No.1,,,In Use,,,16-07-24,,0,0,0,0,0,1,0,0,0,,,,,undefine,,1,โรงพยาบาลจุฬาภรณ์400เตียง,400B01-F7M,โรงพยาบาล 400B - ชั้น 7M,,,,,,,,,,CRA,,,,Nattapon,16-07-24,,0,-
10676,DELIGHT,DLEX-RLG3,400B01-EE-EXL-7M.FL-0002,,,N/A,,Exit Sign Light,,,,,,,,,Exit Sign Light FL7M No.2,,,In Use,,,16-07-24,,0,0,0,0,0,1,0,0,0,,,,,undefine,,1,โรงพยาบาลจุฬาภรณ์400เตียง,400B01-F7M,โรงพยาบาล 400B - ชั้น 7M,,,,,,,,,,CRA,,,,Nattapon,16-07-24,,0,-
10677,DELIGHT,DLEX-RLG3,400B01-EE-EXL-7M.FL-0003,,,N/A,,Exit Sign Light,,,,,,,,,Exit Sign Light FL7M No.3,,,In Use,,,16-07-24,,0,0,0,0,0,1,0,0,0,,,,,undefine,,1,โรงพยาบาลจุฬาภรณ์400เตียง,400B01-F7M,โรงพยาบาล 400B - ชั้น 7M,,,,,,,,,,CRA,,,,Nattapon,16-07-24,,0,-
10678,DELIGHT,DLEX-RLG3,400B01-EE-EXL-7M.FL-0004,,,N/A,,Exit Sign Light,,,,,,,,,Exit Sign Light FL7M No.4,,,In Use,,,16-07-24,,0,0,0,0,0,1,0,0,0,,,,,undefine,,1,โรงพยาบาลจุฬาภรณ์400เตียง,400B01-F7M,โรงพยาบาล 400B - ชั้น 7M,,,,,,,,,,CRA,,,,Nattapon,16-07-24,,0,-
10679,DELIGHT,DLEX-RLG3,400B01-EE-EXL-7M.FL-0005,,,N/A,,Exit Sign Light,,,,,,,,,Exit Sign Light FL7M No.5,,,In Use,,,16-07-24,,0,0,0,0,0,1,0,0,0,,,,,undefine,,1,โรงพยาบาลจุฬาภรณ์400เตียง,400B01-F7M,โรงพยาบาล 400B - ชั้น 7M,,,,,,,,,,CRA,,,,Nattapon,16-07-24,,0,-
10680,DELIGHT,DLEX-RLG3,400B01-EE-EXL-7M.FL-0006,,,N/A,,Exit Sign Light,,,,,,,,,Exit Sign Light FL7M No.6,,,In Use,,,16-07-24,,0,0,0,0,0,1,0,0,0,,,,,undefine,,1,โรงพยาบาลจุฬาภรณ์400เตียง,400B01-F7M,โรงพยาบาล 400B - ชั้น 7M,,,,,,,,,,CRA,,,,Nattapon,16-07-24,,0,-
10681,DELIGHT,DLEX-RLG3,400B01-EE-EXL-7M.FL-0007,,,N/A,,Exit Sign Light,,,,,,,,,Exit Sign Light FL7M No.7,,,In Use,,,16-07-24,,0,0,0,0,0,1,0,0,0,,,,,undefine,,1,โรงพยาบาลจุฬาภรณ์400เตียง,400B01-F7M,โรงพยาบาล 400B - ชั้น 7M,,,,,,,,,,CRA,,,,Nattapon,16-07-24,,0,-
10682,DELIGHT,DLEX-RLG3,400B01-EE-EXL-7M.FL-0008,,,N/A,,Exit Sign Light,,,,,,,,,Exit Sign Light FL7M No.8,,,In Use,,,16-07-24,,0,0,0,0,0,1,0,0,0,,,,,undefine,,1,โรงพยาบาลจุฬาภรณ์400เตียง,400B01-F7M,โรงพยาบาล 400B - ชั้น 7M,,,,,,,,,,CRA,,,,Nattapon,16-07-24,,0,-
10683,DELIGHT,DLEX-RLG3,400B01-EE-EXL-7M.FL-0009,,,N/A,,Exit Sign Light,,,,,,,,,Exit Sign Light FL7M No.9,,,In Use,,,16-07-24,,0,0,0,0,0,1,0,0,0,,,,,undefine,,1,โรงพยาบาลจุฬาภรณ์400เตียง,400B01-F7M,โรงพยาบาล 400B - ชั้น 7M,,,,,,,,,,CRA,,,,Nattapon,16-07-24,,0,-
10684,DELIGHT,DLEX-RLG3,400B01-EE-EXL-7M.FL-0010,,,N/A,,Exit Sign Light,,,,,,,,,Exit Sign Light FL7M No.10,,,In Use,,,16-07-24,,0,0,0,0,0,1,0,0,0,,,,,undefine,,1,โรงพยาบาลจุฬาภรณ์400เตียง,400B01-F7M,โรงพยาบาล 400B - ชั้น 7M,,,,,,,,,,CRA,,,,Nattapon,16-07-24,,0,-
10685,DELIGHT,DLEX-RLG3,400B01-EE-EXL-7M.FL-0011,,,N/A,,Exit Sign Light,,,,,,,,,Exit Sign Light FL7M No.11,,,In Use,,,16-07-24,,0,0,0,0,0,1,0,0,0,,,,,undefine,,1,โรงพยาบาลจุฬาภรณ์400เตียง,400B01-F7M,โรงพยาบาล 400B - ชั้น 7M,,,,,,,,,,CRA,,,,Nattapon,16-07-24,,0,-
10686,DELIGHT,DLEX-RLG3,400B01-EE-EXL-7M.FL-0012,,,N/A,,Exit Sign Light,,,,,,,,,Exit Sign Light FL7M No.12,,,In Use,,,16-07-24,,0,0,0,0,0,1,0,0,0,,,,,undefine,,1,โรงพยาบาลจุฬาภรณ์400เตียง,400B01-F7M,โรงพยาบาล 400B - ชั้น 7M,,,,,,,,,,CRA,,,,Nattapon,16-07-24,,0,-
10687,DELIGHT,DLEX-RLG3,400B01-EE-EXL-7M.FL-0013,,,N/A,,Exit Sign Light,,,,,,,,,Exit Sign Light FL7M No.13,,,In Use,,,16-07-24,,0,0,0,0,0,1,0,0,0,,,,,undefine,,1,โรงพยาบาลจุฬาภรณ์400เตียง,400B01-F7M,โรงพยาบาล 400B - ชั้น 7M,,,,,,,,,,CRA,,,,Nattapon,16-07-24,,0,-
10688,DELIGHT,DLEX-RLG3,400B01-EE-EXL-7M.FL-0014,,,N/A,,Exit Sign Light,,,,,,,,,Exit Sign Light FL7M No.14,,,In Use,,,16-07-24,,0,0,0,0,0,1,0,0,0,,,,,undefine,,1,โรงพยาบาลจุฬาภรณ์400เตียง,400B01-F7M,โรงพยาบาล 400B - ชั้น 7M,,,,,,,,,,CRA,,,,Nattapon,16-07-24,,0,-
10689,DELIGHT,DLEX-RLG3,400B01-EE-EXL-7M.FL-0015,,,N/A,,Exit Sign Light,,,,,,,,,Exit Sign Light FL7M No.15,,,In Use,,,16-07-24,,0,0,0,0,0,1,0,0,0,,,,,undefine,,1,โรงพยาบาลจุฬาภรณ์400เตียง,400B01-F7M,โรงพยาบาล 400B - ชั้น 7M,,,,,,,,,,CRA,,,,Nattapon,16-07-24,,0,-
10690,DELIGHT,DLEX-RLG3,400B01-EE-EXL-7M.FL-0016,,,N/A,,Exit Sign Light,,,,,,,,,Exit Sign Light FL7M No.16,,,In Use,,,16-07-24,,0,0,0,0,0,1,0,0,0,,,,,undefine,,1,โรงพยาบาลจุฬาภรณ์400เตียง,400B01-F7M,โรงพยาบาล 400B - ชั้น 7M,,,,,,,,,,CRA,,,,Nattapon,16-07-24,,0,-
10691,DELIGHT,DLEX-RLG3,400B01-EE-EXL-7M.FL-0017,,,N/A,,Exit Sign Light,,,,,,,,,Exit Sign Light FL7M No.17,,,In Use,,,16-07-24,,0,0,0,0,0,1,0,0,0,,,,,undefine,,1,โรงพยาบาลจุฬาภรณ์400เตียง,400B01-F7M,โรงพยาบาล 400B - ชั้น 7M,,,,,,,,,,CRA,,,,Nattapon,16-07-24,,0,-
10692,DELIGHT,DLEX-RLG3,400B01-EE-EXL-7M.FL-0018,,,N/A,,Exit Sign Light,,,,,,,,,Exit Sign Light FL7M No.18,,,In Use,,,16-07-24,,0,0,0,0,0,1,0,0,0,,,,,undefine,,1,โรงพยาบาลจุฬาภรณ์400เตียง,400B01-F7M,โรงพยาบาล 400B - ชั้น 7M,,,,,,,,,,CRA,,,,Nattapon,16-07-24,,0,-
10693,DELIGHT,DLEX-RLG3,400B01-EE-EXL-7M.FL-0019,,,N/A,,Exit Sign Light,,,,,,,,,Exit Sign Light FL7M No.19,,,In Use,,,16-07-24,,0,0,0,0,0,1,0,0,0,,,,,undefine,,1,โรงพยาบาลจุฬาภรณ์400เตียง,400B01-F7M,โรงพยาบาล 400B - ชั้น 7M,,,,,,,,,,CRA,,,,Nattapon,16-07-24,,0,-
10694,DELIGHT,DLEX-RLG3,400B01-EE-EXL-7M.FL-0020,,,N/A,,Exit Sign Light,,,,,,,,,Exit Sign Light FL7M No.20,,,In Use,,,16-07-24,,0,0,0,0,0,1,0,0,0,,,,,undefine,,1,โรงพยาบาลจุฬาภรณ์400เตียง,400B01-F7M,โรงพยาบาล 400B - ชั้น 7M,,,,,,,,,,CRA,,,,Nattapon,16-07-24,,0,-
10695,DELIGHT,DLEX-RLG3,400B01-EE-EXL-7M.FL-0021,,,N/A,,Exit Sign Light,,,,,,,,,Exit Sign Light FL7M No.21,,,In Use,,,16-07-24,,0,0,0,0,0,1,0,0,0,,,,,undefine,,1,โรงพยาบาลจุฬาภรณ์400เตียง,400B01-F7M,โรงพยาบาล 400B - ชั้น 7M,,,,,,,,,,CRA,,,,Nattapon,16-07-24,,0,-
10696,DELIGHT,DLEX-RLG3,400B01-EE-EXL-7M.FL-0022,,,N/A,,Exit Sign Light,,,,,,,,,Exit Sign Light FL7M No.22,,,In Use,,,16-07-24,,0,0,0,0,0,1,0,0,0,,,,,undefine,,1,โรงพยาบาลจุฬาภรณ์400เตียง,400B01-F7M,โรงพยาบาล 400B - ชั้น 7M,,,,,,,,,,CRA,,,,Nattapon,16-07-24,,0,-
10697,DELIGHT,DLEX-RLG3,400B01-EE-EXL-7M.FL-0023,,,N/A,,Exit Sign Light,,,,,,,,,Exit Sign Light FL7M No.23,,,In Use,,,16-07-24,,0,0,0,0,0,1,0,0,0,,,,,undefine,,1,โรงพยาบาลจุฬาภรณ์400เตียง,400B01-F7M,โรงพยาบาล 400B - ชั้น 7M,,,,,,,,,,CRA,,,,Nattapon,16-07-24,,0,-
10698,DELIGHT,DLEX-RLG3,400B01-EE-EXL-7M.FL-0024,,,N/A,,Exit Sign Light,,,,,,,,,Exit Sign Light FL7M No.24,,,In Use,,,16-07-24,,0,0,0,0,0,1,0,0,0,,,,,undefine,,1,โรงพยาบาลจุฬาภรณ์400เตียง,400B01-F7M,โรงพยาบาล 400B - ชั้น 7M,,,,,,,,,,CRA,,,,Nattapon,16-07-24,,0,-
10699,DELIGHT,DLEX-RLG3,400B01-EE-EXL-7M.FL-0025,,,N/A,,Exit Sign Light,,,,,,,,,Exit Sign Light FL7M No.25,,,In Use,,,16-07-24,,0,0,0,0,0,1,0,0,0,,,,,undefine,,1,โรงพยาบาลจุฬาภรณ์400เตียง,400B01-F7M,โรงพยาบาล 400B - ชั้น 7M,,,,,,,,,,CRA,,,,Nattapon,16-07-24,,0,-
10700,DELIGHT,DLEX-RLG3,400B01-EE-EXL-7M.FL-0026,,,N/A,,Exit Sign Light,,,,,,,,,Exit Sign Light FL7M No.26,,,In Use,,,16-07-24,,0,0,0,0,0,1,0,0,0,,,,,undefine,,1,โรงพยาบาลจุฬาภรณ์400เตียง,400B01-F7M,โรงพยาบาล 400B - ชั้น 7M,,,,,,,,,,CRA,,,,Nattapon,16-07-24,,0,-
10701,DELIGHT,DLEX-RLG3,400B01-EE-EXL-7M.FL-0027,,,N/A,,Exit Sign Light,,,,,,,,,Exit Sign Light FL7M No.27,,,In Use,,,16-07-24,,0,0,0,0,0,1,0,0,0,,,,,undefine,,1,โรงพยาบาลจุฬาภรณ์400เตียง,400B01-F7M,โรงพยาบาล 400B - ชั้น 7M,,,,,,,,,,CRA,,,,Nattapon,16-07-24,,0,-
10702,DELIGHT,DLEX-RLG3,400B01-EE-EXL-7M.FL-0028,,,N/A,,Exit Sign Light,,,,,,,,,Exit Sign Light FL7M No.28,,,In Use,,,16-07-24,,0,0,0,0,0,1,0,0,0,,,,,undefine,,1,โรงพยาบาลจุฬาภรณ์400เตียง,400B01-F7M,โรงพยาบาล 400B - ชั้น 7M,,,,,,,,,,CRA,,,,Nattapon,16-07-24,,0,-
10703,DELIGHT,DLEX-RLG3,400B01-EE-EXL-7M.FL-0029,,,N/A,,Exit Sign Light,,,,,,,,,Exit Sign Light FL7M No.29,,,In Use,,,16-07-24,,0,0,0,0,0,1,0,0,0,,,,,undefine,,1,โรงพยาบาลจุฬาภรณ์400เตียง,400B01-F7M,โรงพยาบาล 400B - ชั้น 7M,,,,,,,,,,CRA,,,,Nattapon,16-07-24,,0,-
10704,DELIGHT,DLEX-RLG3,400B01-EE-EXL-7M.FL-0030,,,N/A,,Exit Sign Light,,,,,,,,,Exit Sign Light FL7M No.30,,,In Use,,,16-07-24,,0,0,0,0,0,1,0,0,0,,,,,undefine,,1,โรงพยาบาลจุฬาภรณ์400เตียง,400B01-F7M,โรงพยาบาล 400B - ชั้น 7M,,,,,,,,,,CRA,,,,Nattapon,16-07-24,,0,-
10705,DELIGHT,DLEX-RLG3,400B01-EE-EXL-7M.FL-0031,,,N/A,,Exit Sign Light,,,,,,,,,Exit Sign Light FL7M No.31,,,In Use,,,16-07-24,,0,0,0,0,0,1,0,0,0,,,,,undefine,,1,โรงพยาบาลจุฬาภรณ์400เตียง,400B01-F7M,โรงพยาบาล 400B - ชั้น 7M,,,,,,,,,,CRA,,,,Nattapon,16-07-24,,0,-
10706,DELIGHT,DLEX-RLG3,400B01-EE-EXL-7M.FL-0032,,,N/A,,Exit Sign Light,,,,,,,,,Exit Sign Light FL7M No.32,,,In Use,,,16-07-24,,0,0,0,0,0,1,0,0,0,,,,,undefine,,1,โรงพยาบาลจุฬาภรณ์400เตียง,400B01-F7M,โรงพยาบาล 400B - ชั้น 7M,,,,,,,,,,CRA,,,,Nattapon,16-07-24,,0,-
10707,DELIGHT,DLEX-RLG3,400B01-EE-EXL-7M.FL-0033,,,N/A,,Exit Sign Light,,,,,,,,,Exit Sign Light FL7M No.33,,,In Use,,,16-07-24,,0,0,0,0,0,1,0,0,0,,,,,undefine,,1,โรงพยาบาลจุฬาภรณ์400เตียง,400B01-F7M,โรงพยาบาล 400B - ชั้น 7M,,,,,,,,,,CRA,,,,Nattapon,16-07-24,,0,-
10708,DELIGHT,DLEX-RLG3,400B01-EE-EXL-7M.FL-0034,,,N/A,,Exit Sign Light,,,,,,,,,Exit Sign Light FL7M No.34,,,In Use,,,16-07-24,,0,0,0,0,0,1,0,0,0,,,,,undefine,,1,โรงพยาบาลจุฬาภรณ์400เตียง,400B01-F7M,โรงพยาบาล 400B - ชั้น 7M,,,,,,,,,,CRA,,,,Nattapon,16-07-24,,0,-
10709,DELIGHT,DLEX-RLG3,400B01-EE-EXL-7M.FL-0035,,,N/A,,Exit Sign Light,,,,,,,,,Exit Sign Light FL7M No.35,,,In Use,,,16-07-24,,0,0,0,0,0,1,0,0,0,,,,,undefine,,1,โรงพยาบาลจุฬาภรณ์400เตียง,400B01-F7M,โรงพยาบาล 400B - ชั้น 7M,,,,,,,,,,CRA,,,,Nattapon,16-07-24,,0,-
10710,DELIGHT,DLEX-RLG3,400B01-EE-EXL-7M.FL-0036,,,N/A,,Exit Sign Light,,,,,,,,,Exit Sign Light FL7M No.36,,,In Use,,,16-07-24,,0,0,0,0,0,1,0,0,0,,,,,undefine,,1,โรงพยาบาลจุฬาภรณ์400เตียง,400B01-F7M,โรงพยาบาล 400B - ชั้น 7M,,,,,,,,,,CRA,,,,Nattapon,16-07-24,,0,-
10711,DELIGHT,DLEX-RLG3,400B01-EE-EXL-7M.FL-0037,,,N/A,,Exit Sign Light,,,,,,,,,Exit Sign Light FL7M No.37,,,In Use,,,16-07-24,,0,0,0,0,0,1,0,0,0,,,,,undefine,,1,โรงพยาบาลจุฬาภรณ์400เตียง,400B01-F7M,โรงพยาบาล 400B - ชั้น 7M,,,,,,,,,,CRA,,,,Nattapon,16-07-24,,0,-
10712,DELIGHT,DLEX-RLG3,400B01-EE-EXL-7M.FL-0038,,,N/A,,Exit Sign Light,,,,,,,,,Exit Sign Light FL7M No.38,,,In Use,,,16-07-24,,0,0,0,0,0,1,0,0,0,,,,,undefine,,1,โรงพยาบาลจุฬาภรณ์400เตียง,400B01-F7M,โรงพยาบาล 400B - ชั้น 7M,,,,,,,,,,CRA,,,,Nattapon,16-07-24,,0,-
10713,DELIGHT,DLEX-RLG3,400B01-EE-EXL-7M.FL-0039,,,N/A,,Exit Sign Light,,,,,,,,,Exit Sign Light FL7M No.39,,,In Use,,,16-07-24,,0,0,0,0,0,1,0,0,0,,,,,undefine,,1,โรงพยาบาลจุฬาภรณ์400เตียง,400B01-F7M,โรงพยาบาล 400B - ชั้น 7M,,,,,,,,,,CRA,,,,Nattapon,16-07-24,,0,-
10714,DELIGHT,DLEX-RLG3,400B01-EE-EXL-7M.FL-0040,,,N/A,,Exit Sign Light,,,,,,,,,Exit Sign Light FL7M No.40,,,In Use,,,16-07-24,,0,0,0,0,0,1,0,0,0,,,,,undefine,,1,โรงพยาบาลจุฬาภรณ์400เตียง,400B01-F7M,โรงพยาบาล 400B - ชั้น 7M,,,,,,,,,,CRA,,,,Nattapon,16-07-24,,0,-
10715,DELIGHT,DLEX-RLG3,400B01-EE-EXL-7M.FL-0041,,,N/A,,Exit Sign Light,,,,,,,,,Exit Sign Light FL7M No.41,,,In Use,,,16-07-24,,0,0,0,0,0,1,0,0,0,,,,,undefine,,1,โรงพยาบาลจุฬาภรณ์400เตียง,400B01-F7M,โรงพยาบาล 400B - ชั้น 7M,,,,,,,,,,CRA,,,,Nattapon,16-07-24,,0,-
10716,DELIGHT,DLEX-RLG3,400B01-EE-EXL-7M.FL-0042,,,N/A,,Exit Sign Light,,,,,,,,,Exit Sign Light FL7M No.42,,,In Use,,,16-07-24,,0,0,0,0,0,1,0,0,0,,,,,undefine,,1,โรงพยาบาลจุฬาภรณ์400เตียง,400B01-F7M,โรงพยาบาล 400B - ชั้น 7M,,,,,,,,,,CRA,,,,Nattapon,16-07-24,,0,-
10717,DELIGHT,DLEX-RLG3,400B01-EE-EXL-7M.FL-0043,,,N/A,,Exit Sign Light,,,,,,,,,Exit Sign Light FL7M No.43,,,In Use,,,16-07-24,,0,0,0,0,0,1,0,0,0,,,,,undefine,,1,โรงพยาบาลจุฬาภรณ์400เตียง,400B01-F7M,โรงพยาบาล 400B - ชั้น 7M,,,,,,,,,,CRA,,,,Nattapon,16-07-24,,0,-
10718,DELIGHT,DLEX-RLG3,400B01-EE-EXL-7M.FL-0044,,,N/A,,Exit Sign Light,,,,,,,,,Exit Sign Light FL7M No.44,,,In Use,,,16-07-24,,0,0,0,0,0,1,0,0,0,,,,,undefine,,1,โรงพยาบาลจุฬาภรณ์400เตียง,400B01-F7M,โรงพยาบาล 400B - ชั้น 7M,,,,,,,,,,CRA,,,,Nattapon,16-07-24,,0,-
10719,DELIGHT,DLEX-RLG3,400B01-EE-EXL-7M.FL-0045,,,N/A,,Exit Sign Light,,,,,,,,,Exit Sign Light FL7M No.45,,,In Use,,,16-07-24,,0,0,0,0,0,1,0,0,0,,,,,undefine,,1,โรงพยาบาลจุฬาภรณ์400เตียง,400B01-F7M,โรงพยาบาล 400B - ชั้น 7M,,,,,,,,,,CRA,,,,Nattapon,16-07-24,,0,-
10720,DELIGHT,DLEX-RLG3,400B01-EE-EXL-7M.FL-0046,,,N/A,,Exit Sign Light,,,,,,,,,Exit Sign Light FL7M No.46,,,In Use,,,16-07-24,,0,0,0,0,0,1,0,0,0,,,,,undefine,,1,โรงพยาบาลจุฬาภรณ์400เตียง,400B01-F7M,โรงพยาบาล 400B - ชั้น 7M,,,,,,,,,,CRA,,,,Nattapon,16-07-24,,0,-
10721,DELIGHT,DLEX-RLG3,400B01-EE-EXL-7M.FL-0047,,,N/A,,Exit Sign Light,,,,,,,,,Exit Sign Light FL7M No.47,,,In Use,,,16-07-24,,0,0,0,0,0,1,0,0,0,,,,,undefine,,1,โรงพยาบาลจุฬาภรณ์400เตียง,400B01-F7M,โรงพยาบาล 400B - ชั้น 7M,,,,,,,,,,CRA,,,,Nattapon,16-07-24,,0,-
10722,DELIGHT,DLEX-RLG3,400B01-EE-EXL-7M.FL-0048,,,N/A,,Exit Sign Light,,,,,,,,,Exit Sign Light FL7M No.48,,,In Use,,,16-07-24,,0,0,0,0,0,1,0,0,0,,,,,undefine,,1,โรงพยาบาลจุฬาภรณ์400เตียง,400B01-F7M,โรงพยาบาล 400B - ชั้น 7M,,,,,,,,,,CRA,,,,Nattapon,16-07-24,,0,-
10723,DELIGHT,DLEX-RLG3,400B01-EE-EXL-7M.FL-0049,,,N/A,,Exit Sign Light,,,,,,,,,Exit Sign Light FL7M No.49,,,In Use,,,16-07-24,,0,0,0,0,0,1,0,0,0,,,,,undefine,,1,โรงพยาบาลจุฬาภรณ์400เตียง,400B01-F7M,โรงพยาบาล 400B - ชั้น 7M,,,,,,,,,,CRA,,,,Nattapon,16-07-24,,0,-
10724,DELIGHT,DLEX-RLG3,400B01-EE-EXL-7M.FL-0050,,,N/A,,Exit Sign Light,,,,,,,,,Exit Sign Light FL7M No.50,,,In Use,,,16-07-24,,0,0,0,0,0,1,0,0,0,,,,,undefine,,1,โรงพยาบาลจุฬาภรณ์400เตียง,400B01-F7M,โรงพยาบาล 400B - ชั้น 7M,,,,,,,,,,CRA,,,,Nattapon,16-07-24,,0,-
10740,DELIGHT,DLEX-RLG3,400B01-EE-EXL-8M.FL-0001,,,N/A,,Exit Sign Light,,,,,,,,,Exit Sign Light FL8M No.1,,,In Use,,,16-07-24,,0,0,0,0,0,1,0,0,0,,,,,undefine,,1,โรงพยาบาลจุฬาภรณ์400เตียง,400B01-F8M,โรงพยาบาล 400B - ชั้น 8M,,,,,,,,,,CRA,,,,Nattapon,16-07-24,,0,-
10741,DELIGHT,DLEX-RLG3,400B01-EE-EXL-8M.FL-0002,,,N/A,,Exit Sign Light,,,,,,,,,Exit Sign Light FL8M No.2,,,In Use,,,16-07-24,,0,0,0,0,0,1,0,0,0,,,,,undefine,,1,โรงพยาบาลจุฬาภรณ์400เตียง,400B01-F8M,โรงพยาบาล 400B - ชั้น 8M,,,,,,,,,,CRA,,,,Nattapon,16-07-24,,0,-
10742,DELIGHT,DLEX-RLG3,400B01-EE-EXL-8M.FL-0003,,,N/A,,Exit Sign Light,,,,,,,,,Exit Sign Light FL8M No.3,,,In Use,,,16-07-24,,0,0,0,0,0,1,0,0,0,,,,,undefine,,1,โรงพยาบาลจุฬาภรณ์400เตียง,400B01-F8M,โรงพยาบาล 400B - ชั้น 8M,,,,,,,,,,CRA,,,,Nattapon,16-07-24,,0,-
10743,DELIGHT,DLEX-RLG3,400B01-EE-EXL-8M.FL-0004,,,N/A,,Exit Sign Light,,,,,,,,,Exit Sign Light FL8M No.4,,,In Use,,,16-07-24,,0,0,0,0,0,1,0,0,0,,,,,undefine,,1,โรงพยาบาลจุฬาภรณ์400เตียง,400B01-F8M,โรงพยาบาล 400B - ชั้น 8M,,,,,,,,,,CRA,,,,Nattapon,16-07-24,,0,-
10744,DELIGHT,DLEX-RLG3,400B01-EE-EXL-8M.FL-0005,,,N/A,,Exit Sign Light,,,,,,,,,Exit Sign Light FL8M No.5,,,In Use,,,16-07-24,,0,0,0,0,0,1,0,0,0,,,,,undefine,,1,โรงพยาบาลจุฬาภรณ์400เตียง,400B01-F8M,โรงพยาบาล 400B - ชั้น 8M,,,,,,,,,,CRA,,,,Nattapon,16-07-24,,0,-
10745,DELIGHT,DLEX-RLG3,400B01-EE-EXL-8M.FL-0006,,,N/A,,Exit Sign Light,,,,,,,,,Exit Sign Light FL8M No.6,,,In Use,,,16-07-24,,0,0,0,0,0,1,0,0,0,,,,,undefine,,1,โรงพยาบาลจุฬาภรณ์400เตียง,400B01-F8M,โรงพยาบาล 400B - ชั้น 8M,,,,,,,,,,CRA,,,,Nattapon,16-07-24,,0,-
10746,DELIGHT,DLEX-RLG3,400B01-EE-EXL-8M.FL-0007,,,N/A,,Exit Sign Light,,,,,,,,,Exit Sign Light FL8M No.7,,,In Use,,,16-07-24,,0,0,0,0,0,1,0,0,0,,,,,undefine,,1,โรงพยาบาลจุฬาภรณ์400เตียง,400B01-F8M,โรงพยาบาล 400B - ชั้น 8M,,,,,,,,,,CRA,,,,Nattapon,16-07-24,,0,-
10747,DELIGHT,DLEX-RLG3,400B01-EE-EXL-8M.FL-0008,,,N/A,,Exit Sign Light,,,,,,,,,Exit Sign Light FL8M No.8,,,In Use,,,16-07-24,,0,0,0,0,0,1,0,0,0,,,,,undefine,,1,โรงพยาบาลจุฬาภรณ์400เตียง,400B01-F8M,โรงพยาบาล 400B - ชั้น 8M,,,,,,,,,,CRA,,,,Nattapon,16-07-24,,0,-
10748,DELIGHT,DLEX-RLG3,400B01-EE-EXL-8M.FL-0009,,,N/A,,Exit Sign Light,,,,,,,,,Exit Sign Light FL8M No.9,,,In Use,,,16-07-24,,0,0,0,0,0,1,0,0,0,,,,,undefine,,1,โรงพยาบาลจุฬาภรณ์400เตียง,400B01-F8M,โรงพยาบาล 400B - ชั้น 8M,,,,,,,,,,CRA,,,,Nattapon,16-07-24,,0,-
10749,DELIGHT,DLEX-RLG3,400B01-EE-EXL-8M.FL-0010,,,N/A,,Exit Sign Light,,,,,,,,,Exit Sign Light FL8M No.10,,,In Use,,,16-07-24,,0,0,0,0,0,1,0,0,0,,,,,undefine,,1,โรงพยาบาลจุฬาภรณ์400เตียง,400B01-F8M,โรงพยาบาล 400B - ชั้น 8M,,,,,,,,,,CRA,,,,Nattapon,16-07-24,,0,-
10750,DELIGHT,DLEX-RLG3,400B01-EE-EXL-8M.FL-0011,,,N/A,,Exit Sign Light,,,,,,,,,Exit Sign Light FL8M No.11,,,In Use,,,16-07-24,,0,0,0,0,0,1,0,0,0,,,,,undefine,,1,โรงพยาบาลจุฬาภรณ์400เตียง,400B01-F8M,โรงพยาบาล 400B - ชั้น 8M,,,,,,,,,,CRA,,,,Nattapon,16-07-24,,0,-
10751,DELIGHT,DLEX-RLG3,400B01-EE-EXL-8M.FL-0012,,,N/A,,Exit Sign Light,,,,,,,,,Exit Sign Light FL8M No.12,,,In Use,,,16-07-24,,0,0,0,0,0,1,0,0,0,,,,,undefine,,1,โรงพยาบาลจุฬาภรณ์400เตียง,400B01-F8M,โรงพยาบาล 400B - ชั้น 8M,,,,,,,,,,CRA,,,,Nattapon,16-07-24,,0,-
10752,DELIGHT,DLEX-RLG3,400B01-EE-EXL-8M.FL-0013,,,N/A,,Exit Sign Light,,,,,,,,,Exit Sign Light FL8M No.13,,,In Use,,,16-07-24,,0,0,0,0,0,1,0,0,0,,,,,undefine,,1,โรงพยาบาลจุฬาภรณ์400เตียง,400B01-F8M,โรงพยาบาล 400B - ชั้น 8M,,,,,,,,,,CRA,,,,Nattapon,16-07-24,,0,-
10753,DELIGHT,DLEX-RLG3,400B01-EE-EXL-8M.FL-0014,,,N/A,,Exit Sign Light,,,,,,,,,Exit Sign Light FL8M No.14,,,In Use,,,16-07-24,,0,0,0,0,0,1,0,0,0,,,,,undefine,,1,โรงพยาบาลจุฬาภรณ์400เตียง,400B01-F8M,โรงพยาบาล 400B - ชั้น 8M,,,,,,,,,,CRA,,,,Nattapon,16-07-24,,0,-
10754,DELIGHT,DLEX-RLG3,400B01-EE-EXL-8M.FL-0015,,,N/A,,Exit Sign Light,,,,,,,,,Exit Sign Light FL8M No.15,,,In Use,,,16-07-24,,0,0,0,0,0,1,0,0,0,,,,,undefine,,1,โรงพยาบาลจุฬาภรณ์400เตียง,400B01-F8M,โรงพยาบาล 400B - ชั้น 8M,,,,,,,,,,CRA,,,,Nattapon,16-07-24,,0,-
